# Blender 4.5.3 LTS
# www.blender.org
mtllib sign.mtl
o Cube.001
v -0.145315 0.939587 1.000000
v -0.145294 0.964408 1.000000
v -0.140373 1.012506 0.997335
v -0.144625 0.941892 0.950335
v -0.144619 0.964671 0.949968
v -0.133298 1.012304 0.949259
v -0.143383 0.946041 0.876698
v -0.142918 0.964537 0.849159
v -0.132792 1.013075 0.856116
v -0.137883 0.939658 1.000000
v -0.137762 0.964813 1.000000
v -0.136064 1.012050 0.999637
v -0.137804 0.941912 0.949968
v -0.137844 0.947593 0.849159
v -0.142300 0.949642 0.812968
v -0.123639 0.939634 1.000000
v -0.123644 0.965042 1.000000
v -0.123644 1.011962 1.000000
v -0.123605 0.941947 0.949344
v -0.123576 0.947703 0.853862
v -0.145297 1.060543 0.999993
v -0.145311 1.109121 1.000000
v -0.145311 1.157700 1.000000
v -0.145311 1.206280 1.000000
v -0.145311 1.254859 1.000000
v -0.145311 1.303439 1.000000
v -0.145311 1.352018 1.000000
v -0.143744 1.400774 0.999212
v -0.144603 1.060541 0.949140
v -0.144605 1.109121 0.949140
v -0.144605 1.157700 0.949140
v -0.144605 1.206280 0.949140
v -0.144605 1.254859 0.949140
v -0.144605 1.303439 0.949140
v -0.144603 1.352018 0.949141
v -0.134104 1.401038 0.950525
v -0.142995 1.060541 0.853752
v -0.142995 1.109121 0.853752
v -0.142995 1.157700 0.853752
v -0.142995 1.206280 0.853752
v -0.142989 1.254860 0.853753
v -0.133461 1.303901 0.855349
v -0.136672 1.353004 0.854746
v -0.142995 1.400597 0.853752
v -0.137693 1.060541 1.000000
v -0.137693 1.109121 1.000000
v -0.137693 1.157700 1.000000
v -0.137693 1.206280 1.000000
v -0.137693 1.254859 1.000000
v -0.137693 1.303439 1.000000
v -0.137693 1.352018 1.000000
v -0.134682 1.400739 1.000692
v -0.123644 1.060541 1.000000
v -0.123644 1.109121 1.000000
v -0.123644 1.157700 1.000000
v -0.123644 1.206280 1.000000
v -0.123644 1.254859 1.000000
v -0.123644 1.303439 1.000000
v -0.123644 1.352018 1.000000
v -0.123644 1.400597 1.000000
v -0.130490 0.979670 0.790447
v -0.139421 1.013482 0.776520
v -0.132617 0.952288 0.789221
v -0.140534 0.955373 0.742236
v -0.140823 1.014470 0.726044
v -0.137456 0.962297 0.647379
v -0.139580 1.015030 0.653908
v -0.137842 0.964528 0.548800
v -0.137924 1.015000 0.553227
v -0.136175 0.970111 0.449584
v -0.136236 1.014748 0.453210
v -0.134501 0.975701 0.350396
v -0.134549 1.014451 0.353189
v -0.132828 0.981289 0.251243
v -0.132860 1.014111 0.253139
v -0.131157 0.986869 0.152218
v -0.131173 1.013776 0.153161
v -0.129493 0.992428 0.053572
v -0.129491 1.013449 0.053450
v -0.123871 0.959874 0.776365
v -0.123886 0.969164 0.726378
v -0.122537 0.961214 0.653994
v -0.122734 0.964356 0.553237
v -0.122810 0.969908 0.453210
v -0.122899 0.975543 0.353189
v -0.123000 0.981182 0.253139
v -0.123100 0.986816 0.153161
v -0.123198 0.992435 0.053450
v -0.141646 1.060541 0.773927
v -0.135567 1.108886 0.775677
v -0.141648 1.157700 0.773927
v -0.135137 1.206112 0.775144
v -0.132805 1.256734 0.775758
v -0.141623 1.303440 0.773931
v -0.141648 1.352018 0.773927
v -0.141648 1.400597 0.773927
v -0.140799 1.060541 0.723584
v -0.132484 1.109314 0.725310
v -0.140799 1.157700 0.723584
v -0.133053 1.206181 0.724780
v -0.140745 1.254871 0.723597
v -0.140799 1.303439 0.723584
v -0.140799 1.352018 0.723584
v -0.140799 1.400597 0.723584
v -0.139615 1.060541 0.653457
v -0.130962 1.109547 0.655740
v -0.139615 1.157700 0.653457
v -0.139615 1.206280 0.653457
v -0.139615 1.254859 0.653457
v -0.139615 1.303439 0.653457
v -0.139615 1.352018 0.653457
v -0.139615 1.400597 0.653457
v -0.137928 1.060541 0.553457
v -0.128766 1.109121 0.554520
v -0.137928 1.157700 0.553457
v -0.137928 1.206280 0.553457
v -0.137928 1.254859 0.553457
v -0.137928 1.303439 0.553457
v -0.137928 1.352018 0.553457
v -0.137928 1.400597 0.553457
v -0.136241 1.060541 0.453457
v -0.128873 1.109121 0.454312
v -0.136227 1.157700 0.453459
v -0.136241 1.206280 0.453457
v -0.136241 1.254859 0.453457
v -0.136241 1.303438 0.453457
v -0.136241 1.352018 0.453457
v -0.136241 1.400597 0.453457
v -0.134553 1.060541 0.353457
v -0.134553 1.109121 0.353457
v -0.134553 1.157700 0.353457
v -0.134553 1.206280 0.353457
v -0.134553 1.254859 0.353457
v -0.134553 1.303438 0.353457
v -0.134553 1.352018 0.353457
v -0.134553 1.400597 0.353457
v -0.132865 1.060547 0.253396
v -0.132864 1.109121 0.253383
v -0.124219 1.157897 0.254976
v -0.132864 1.206280 0.253383
v -0.132415 1.254859 0.253436
v -0.132853 1.303438 0.253385
v -0.132864 1.352018 0.253383
v -0.132864 1.400597 0.253383
v -0.131176 1.060592 0.153325
v -0.131175 1.109121 0.153247
v -0.127156 1.157798 0.153810
v -0.130847 1.206269 0.153252
v -0.102268 1.254640 0.155894
v -0.129721 1.303438 0.153414
v -0.131175 1.352018 0.153247
v -0.122504 1.400602 0.154237
v -0.129494 1.060710 0.053621
v -0.123161 1.109395 0.055026
v -0.129491 1.157700 0.053464
v -0.128057 1.206126 0.053045
v -0.109007 1.252767 0.048002
v -0.129305 1.303420 0.053427
v -0.129491 1.352018 0.053464
v -0.121199 1.400198 0.053222
v -0.109099 0.939707 1.000012
v -0.109099 0.965104 1.000007
v -0.109097 1.011962 1.000000
v -0.109138 0.944083 0.949359
v -0.109524 0.964794 0.855127
v -0.094558 0.939984 1.000045
v -0.094555 0.965265 1.000026
v -0.094551 1.011962 1.000000
v -0.094624 0.946133 0.949615
v -0.094706 0.954833 0.854471
v -0.080006 0.940114 1.000056
v -0.080006 0.965325 1.000031
v -0.080005 1.011962 1.000000
v -0.080015 0.945750 0.949556
v -0.080009 0.948434 0.853874
v -0.065458 0.939620 1.000002
v -0.065458 0.965049 1.000001
v -0.065458 1.011962 1.000000
v -0.065458 0.942109 0.949156
v -0.065458 0.947373 0.853756
v -0.050912 0.939602 1.000000
v -0.050912 0.965042 1.000000
v -0.050912 1.011962 1.000000
v -0.050912 0.941959 0.949140
v -0.050912 0.947334 0.853752
v -0.036366 0.939602 1.000000
v -0.036366 0.965042 1.000000
v -0.036366 1.011962 1.000000
v -0.036366 0.941959 0.949140
v -0.036366 0.947334 0.853752
v -0.021819 0.939602 1.000000
v -0.021819 0.965042 1.000000
v -0.021819 1.011962 1.000000
v -0.021819 0.941959 0.949140
v -0.021819 0.947334 0.853752
v -0.007273 0.939602 1.000000
v -0.007273 0.965042 1.000000
v -0.007273 1.011962 1.000000
v -0.007273 0.941959 0.949140
v -0.007273 0.947334 0.853752
v -0.109097 1.060541 1.000000
v -0.109097 1.109121 1.000000
v -0.109097 1.157700 1.000000
v -0.109097 1.206280 1.000000
v -0.109097 1.254859 1.000000
v -0.109097 1.303439 1.000000
v -0.109097 1.352018 1.000000
v -0.109097 1.400597 1.000000
v -0.094551 1.060541 1.000000
v -0.094551 1.109121 1.000000
v -0.094551 1.157700 1.000000
v -0.094551 1.206280 1.000000
v -0.094551 1.254859 1.000000
v -0.094551 1.303439 1.000000
v -0.094551 1.352018 1.000000
v -0.094551 1.400597 1.000000
v -0.079946 1.060365 0.988416
v -0.080005 1.109121 0.993391
v -0.080005 1.157700 1.000000
v -0.080005 1.206280 1.000000
v -0.079983 1.254795 0.996938
v -0.079982 1.303370 0.991624
v -0.080005 1.352018 0.996738
v -0.080005 1.400597 1.000000
v -0.065458 1.060541 1.000000
v -0.065458 1.109121 1.000000
v -0.065458 1.157700 1.000000
v -0.065458 1.206280 1.000000
v -0.065458 1.254859 1.000000
v -0.065458 1.303439 1.000000
v -0.065458 1.352018 1.000000
v -0.065458 1.400597 1.000000
v -0.050912 1.060541 1.000000
v -0.050912 1.109121 1.000000
v -0.050912 1.157700 1.000000
v -0.050912 1.206280 1.000000
v -0.050912 1.254859 1.000000
v -0.050912 1.303439 1.000000
v -0.050912 1.352018 1.000000
v -0.050912 1.400597 1.000000
v -0.036366 1.060541 1.000000
v -0.036366 1.109121 1.000000
v -0.036366 1.157700 1.000000
v -0.036366 1.206280 1.000000
v -0.036366 1.254859 1.000000
v -0.036366 1.303439 1.000000
v -0.036366 1.352018 1.000000
v -0.036366 1.400597 1.000000
v -0.021819 1.060541 1.000000
v -0.021819 1.109121 1.000000
v -0.021819 1.157700 1.000000
v -0.021819 1.206280 1.000000
v -0.021819 1.254859 1.000000
v -0.021819 1.303439 1.000000
v -0.021819 1.352018 1.000000
v -0.021819 1.400597 1.000000
v -0.007273 1.060541 1.000000
v -0.007273 1.109121 1.000000
v -0.007273 1.157700 1.000000
v -0.007273 1.206280 1.000000
v -0.007273 1.254859 1.000000
v -0.007273 1.303439 1.000000
v -0.007273 1.352018 1.000000
v -0.007273 1.400597 1.000000
v -0.109499 0.969603 0.774401
v -0.109277 0.959874 0.723614
v -0.109105 0.958795 0.653464
v -0.109085 0.969494 0.554061
v -0.109096 0.970097 0.453480
v -0.109097 0.975528 0.353457
v -0.109096 0.981167 0.253396
v -0.109082 0.986807 0.153325
v -0.109047 0.992426 0.053621
v -0.094576 0.952781 0.773998
v -0.094552 0.954711 0.723586
v -0.094551 0.958640 0.653459
v -0.094447 0.968488 0.553917
v -0.094537 0.970425 0.453515
v -0.094551 0.975528 0.353457
v -0.094551 0.981168 0.253383
v -0.094551 0.986811 0.153247
v -0.094551 0.992434 0.053464
v -0.080005 0.951833 0.773927
v -0.080005 0.954670 0.723584
v -0.080005 0.958623 0.653457
v -0.079929 0.967717 0.553838
v -0.079974 0.971383 0.453621
v -0.080005 0.975528 0.353457
v -0.080005 0.981168 0.253383
v -0.080005 0.986811 0.153247
v -0.080005 0.992434 0.053464
v -0.065458 0.951833 0.773927
v -0.065458 0.954670 0.723584
v -0.065458 0.958622 0.653457
v -0.065432 0.966263 0.553678
v -0.065414 0.974109 0.453923
v -0.065458 0.975530 0.353457
v -0.065458 0.981168 0.253383
v -0.065458 0.986811 0.153247
v -0.065458 0.992434 0.053464
v -0.050912 0.951833 0.773927
v -0.050912 0.954670 0.723584
v -0.050912 0.958622 0.653457
v -0.050909 0.964906 0.553531
v -0.050822 0.980217 0.454610
v -0.050909 0.975701 0.353475
v -0.050912 0.981168 0.253383
v -0.050912 0.986811 0.153247
v -0.050912 0.992434 0.053464
v -0.036366 0.951833 0.773927
v -0.036366 0.954670 0.723584
v -0.036366 0.958622 0.653457
v -0.036364 0.964303 0.553462
v -0.036023 0.977900 0.454265
v -0.036289 0.977550 0.353659
v -0.036366 0.981168 0.253383
v -0.036366 0.986811 0.153247
v -0.036366 0.992434 0.053464
v -0.021819 0.951833 0.773927
v -0.021819 0.954670 0.723584
v -0.021819 0.958622 0.653457
v -0.021819 0.964257 0.553457
v -0.021735 0.972517 0.453720
v -0.021707 0.980156 0.353916
v -0.021819 0.981172 0.253384
v -0.021819 0.986811 0.153247
v -0.021819 0.992434 0.053464
v -0.007273 0.951833 0.773927
v -0.007273 0.954670 0.723584
v -0.007273 0.958622 0.653457
v -0.007273 0.964259 0.553457
v -0.007273 0.969898 0.453458
v -0.007273 0.975541 0.353458
v -0.007273 0.981168 0.253383
v -0.007273 0.986811 0.153247
v -0.007273 0.992434 0.053464
v -0.145310 1.449177 0.999999
v -0.145311 1.497756 1.000000
v -0.134660 1.546325 0.990787
v -0.145311 1.594915 1.000000
v -0.145311 1.643495 1.000000
v -0.145311 1.692074 1.000000
v -0.136339 1.740730 0.991646
v -0.145311 1.789233 1.000000
v -0.144605 1.449177 0.949140
v -0.144605 1.497756 0.949140
v -0.135724 1.545924 0.947102
v -0.144605 1.594915 0.949140
v -0.144605 1.643495 0.949140
v -0.144605 1.692074 0.949140
v -0.136689 1.740461 0.946669
v -0.144605 1.789233 0.949140
v -0.142995 1.449177 0.853752
v -0.142995 1.497756 0.853752
v -0.141768 1.546274 0.853702
v -0.142995 1.594915 0.853752
v -0.142995 1.643495 0.853752
v -0.142995 1.692074 0.853752
v -0.138516 1.740452 0.853641
v -0.142990 1.789233 0.853751
v -0.137693 1.449177 1.000000
v -0.137693 1.497756 1.000000
v -0.127239 1.546774 0.984916
v -0.137693 1.594915 1.000000
v -0.137693 1.643495 1.000000
v -0.137693 1.692074 1.000000
v -0.127542 1.741332 0.985595
v -0.137693 1.789233 1.000000
v -0.123644 1.449177 1.000000
v -0.123644 1.497756 1.000000
v -0.123644 1.546336 1.000000
v -0.123644 1.594915 1.000000
v -0.123644 1.643495 1.000000
v -0.123644 1.692074 1.000000
v -0.123644 1.740654 1.000000
v -0.123644 1.789233 1.000000
v -0.145301 1.837795 1.000000
v -0.145294 1.885366 1.000000
v -0.145315 1.910187 1.000000
v -0.144608 1.837682 0.949344
v -0.144619 1.885104 0.949967
v -0.144625 1.907883 0.950335
v -0.142997 1.837540 0.853854
v -0.142918 1.885238 0.849159
v -0.143383 1.903733 0.876698
v -0.137693 1.837813 1.000000
v -0.137762 1.884962 1.000000
v -0.137883 1.910116 1.000000
v -0.137804 1.907862 0.949967
v -0.142307 1.900141 0.812967
v -0.137844 1.902181 0.849159
v -0.123644 1.837813 1.000000
v -0.123644 1.884732 1.000000
v -0.123639 1.910140 1.000000
v -0.123605 1.907827 0.949344
v -0.123562 1.902446 0.853854
v -0.141648 1.449177 0.773927
v -0.141648 1.497756 0.773927
v -0.141648 1.546336 0.773927
v -0.141648 1.594915 0.773927
v -0.141648 1.643495 0.773927
v -0.141648 1.692074 0.773927
v -0.141648 1.740654 0.773927
v -0.141648 1.789233 0.773927
v -0.140799 1.449177 0.723584
v -0.140799 1.497756 0.723584
v -0.140799 1.546336 0.723584
v -0.140799 1.594915 0.723584
v -0.140799 1.643495 0.723584
v -0.140799 1.692074 0.723584
v -0.140799 1.740654 0.723584
v -0.140799 1.789233 0.723584
v -0.139615 1.449177 0.653457
v -0.139615 1.497756 0.653457
v -0.139615 1.546336 0.653457
v -0.139615 1.594915 0.653457
v -0.139615 1.643495 0.653457
v -0.139615 1.692074 0.653457
v -0.139615 1.740654 0.653457
v -0.139615 1.789233 0.653457
v -0.137928 1.449177 0.553457
v -0.137928 1.497756 0.553457
v -0.137928 1.546336 0.553457
v -0.137928 1.594915 0.553457
v -0.137928 1.643495 0.553457
v -0.137928 1.692074 0.553457
v -0.129743 1.740654 0.554407
v -0.137927 1.789233 0.553457
v -0.136241 1.449177 0.453457
v -0.128898 1.497813 0.454476
v -0.136241 1.546336 0.453457
v -0.136241 1.594915 0.453457
v -0.136241 1.643495 0.453457
v -0.136241 1.692074 0.453457
v -0.127613 1.740260 0.453271
v -0.136241 1.789233 0.453457
v -0.134553 1.449177 0.353457
v -0.132364 1.497616 0.353851
v -0.134553 1.546336 0.353457
v -0.134553 1.594915 0.353457
v -0.134553 1.643495 0.353457
v -0.134553 1.692074 0.353457
v -0.134553 1.740654 0.353457
v -0.134553 1.789233 0.353457
v -0.132864 1.449177 0.253383
v -0.132864 1.497756 0.253383
v -0.127078 1.546336 0.254055
v -0.132864 1.594915 0.253383
v -0.132864 1.643495 0.253383
v -0.132864 1.692074 0.253383
v -0.132864 1.740654 0.253383
v -0.132865 1.789227 0.253396
v -0.131175 1.449177 0.153247
v -0.131175 1.497756 0.153247
v -0.123142 1.546336 0.154179
v -0.131175 1.594915 0.153247
v -0.131175 1.643495 0.153247
v -0.131175 1.692074 0.153247
v -0.131175 1.740654 0.153247
v -0.131176 1.789182 0.153324
v -0.129491 1.449177 0.053464
v -0.129491 1.497756 0.053464
v -0.129491 1.546336 0.053464
v -0.129491 1.594915 0.053464
v -0.129491 1.643495 0.053464
v -0.129491 1.692074 0.053464
v -0.129491 1.740654 0.053464
v -0.129494 1.789064 0.053620
v -0.141687 1.836600 0.776229
v -0.141903 1.871332 0.789011
v -0.140840 1.835351 0.726041
v -0.141112 1.896150 0.742134
v -0.133681 1.898792 0.789011
v -0.139623 1.834807 0.653901
v -0.139508 1.890792 0.647064
v -0.137924 1.834774 0.553227
v -0.137849 1.885254 0.548799
v -0.136236 1.835027 0.453209
v -0.136175 1.879663 0.449584
v -0.134549 1.835324 0.353189
v -0.134501 1.874073 0.350396
v -0.132860 1.835664 0.253139
v -0.132828 1.868485 0.251243
v -0.131173 1.835998 0.153161
v -0.131157 1.862905 0.152218
v -0.129491 1.836325 0.053450
v -0.129493 1.857346 0.053571
v -0.122907 1.895243 0.726041
v -0.123281 1.898071 0.776229
v -0.122744 1.891177 0.653901
v -0.122734 1.885504 0.553227
v -0.122810 1.879867 0.453209
v -0.122899 1.874231 0.353189
v -0.123000 1.868592 0.253139
v -0.123100 1.862958 0.153161
v -0.123198 1.857339 0.053450
v -0.109097 1.449177 1.000000
v -0.109097 1.497756 1.000000
v -0.109097 1.546336 1.000000
v -0.109097 1.594915 1.000000
v -0.109097 1.643495 1.000000
v -0.109097 1.692074 1.000000
v -0.109097 1.740654 1.000000
v -0.109097 1.789233 1.000000
v -0.094551 1.449177 1.000000
v -0.094551 1.497756 1.000000
v -0.094551 1.546336 1.000000
v -0.094551 1.594915 1.000000
v -0.094551 1.643495 1.000000
v -0.094551 1.692074 1.000000
v -0.094551 1.740654 1.000000
v -0.094551 1.789233 1.000000
v -0.080005 1.449177 1.000000
v -0.080005 1.497756 1.000000
v -0.080005 1.546336 1.000000
v -0.080005 1.594915 1.000000
v -0.080005 1.643495 1.000000
v -0.080005 1.692074 0.989985
v -0.080005 1.740654 1.000000
v -0.080005 1.789233 1.000000
v -0.065458 1.449177 0.991596
v -0.065458 1.497756 1.000000
v -0.065458 1.546336 1.000000
v -0.065458 1.594915 1.000000
v -0.065399 1.643435 0.992861
v -0.065458 1.692074 1.000000
v -0.065458 1.740654 1.000000
v -0.065458 1.789233 1.000000
v -0.050912 1.449177 1.000000
v -0.050912 1.497756 1.000000
v -0.050910 1.546331 0.998159
v -0.050906 1.594909 0.998889
v -0.050912 1.643495 1.000000
v -0.050912 1.692074 1.000000
v -0.050912 1.740654 1.000000
v -0.050912 1.789233 1.000000
v -0.036366 1.449177 1.000000
v -0.036366 1.497756 1.000000
v -0.036366 1.546336 1.000000
v -0.036366 1.594915 1.000000
v -0.036366 1.643495 1.000000
v -0.036366 1.692074 1.000000
v -0.036366 1.740654 1.000000
v -0.036366 1.789233 1.000000
v -0.021819 1.449177 1.000000
v -0.021819 1.497756 1.000000
v -0.021819 1.546336 1.000000
v -0.021819 1.594915 1.000000
v -0.021819 1.643495 1.000000
v -0.021819 1.692074 1.000000
v -0.021819 1.740654 1.000000
v -0.021819 1.789233 1.000000
v -0.007273 1.449177 1.000000
v -0.007273 1.497756 1.000000
v -0.007273 1.546336 1.000000
v -0.007273 1.594915 1.000000
v -0.007273 1.643495 1.000000
v -0.007273 1.692074 1.000000
v -0.007273 1.740654 1.000000
v -0.007273 1.789233 1.000000
v -0.109097 1.837813 1.000000
v -0.109097 1.884732 1.000000
v -0.109097 1.910172 1.000000
v -0.109097 1.907816 0.949140
v -0.109097 1.902440 0.853752
v -0.094551 1.837813 1.000000
v -0.094551 1.884732 1.000000
v -0.094551 1.910172 1.000000
v -0.094551 1.907816 0.949140
v -0.094551 1.902440 0.853752
v -0.080005 1.837813 1.000000
v -0.080005 1.884732 1.000000
v -0.080005 1.910172 1.000000
v -0.080005 1.907816 0.949140
v -0.080005 1.902440 0.853752
v -0.065458 1.837813 1.000000
v -0.065458 1.884732 1.000000
v -0.065458 1.910172 1.000000
v -0.065458 1.907816 0.949140
v -0.065458 1.894395 0.854685
v -0.050912 1.837813 1.000000
v -0.050912 1.884732 1.000000
v -0.050912 1.910172 1.000000
v -0.050912 1.907816 0.949140
v -0.050912 1.902440 0.853752
v -0.036366 1.837813 1.000000
v -0.036366 1.884732 1.000000
v -0.036366 1.910172 1.000000
v -0.036366 1.907816 0.949140
v -0.036366 1.902440 0.853752
v -0.021819 1.837813 1.000000
v -0.021819 1.884732 1.000000
v -0.021819 1.910172 1.000000
v -0.021819 1.907816 0.949140
v -0.021819 1.902440 0.853752
v -0.007273 1.837813 1.000000
v -0.007273 1.884732 1.000000
v -0.007273 1.910172 1.000000
v -0.007273 1.907816 0.949140
v -0.007273 1.902440 0.853752
v -0.109097 1.895104 0.723584
v -0.109097 1.897941 0.773927
v -0.109097 1.891152 0.653457
v -0.109097 1.885517 0.553457
v -0.109097 1.879881 0.453457
v -0.109097 1.874246 0.353457
v -0.109096 1.868607 0.253396
v -0.109082 1.862967 0.153324
v -0.109047 1.857348 0.053620
v -0.094551 1.895104 0.723584
v -0.094551 1.897941 0.773927
v -0.094551 1.891152 0.653457
v -0.094551 1.885517 0.553457
v -0.094551 1.879881 0.453457
v -0.094551 1.874246 0.353457
v -0.094551 1.868606 0.253383
v -0.094551 1.862963 0.153247
v -0.094551 1.857340 0.053464
v -0.080005 1.895104 0.723584
v -0.080005 1.897941 0.773927
v -0.080005 1.891152 0.653457
v -0.080005 1.885517 0.553457
v -0.080005 1.879881 0.453457
v -0.080005 1.874246 0.353457
v -0.080005 1.868606 0.253383
v -0.080005 1.862963 0.153247
v -0.080005 1.857340 0.053464
v -0.065461 1.894956 0.723587
v -0.065710 1.880046 0.774797
v -0.065458 1.891152 0.653457
v -0.065458 1.875166 0.554657
v -0.065753 1.863491 0.454482
v -0.065458 1.874246 0.353457
v -0.065458 1.868606 0.253383
v -0.065458 1.862963 0.153247
v -0.065458 1.857340 0.053464
v -0.050912 1.895104 0.723584
v -0.050912 1.897941 0.773927
v -0.050912 1.891152 0.653457
v -0.050912 1.885517 0.553457
v -0.050912 1.879881 0.453457
v -0.050110 1.857702 0.354575
v -0.050912 1.868606 0.253383
v -0.050912 1.862963 0.153247
v -0.050912 1.857340 0.053464
v -0.036366 1.895104 0.723584
v -0.036366 1.897941 0.773927
v -0.036366 1.891152 0.653457
v -0.036366 1.885517 0.553457
v -0.036366 1.879881 0.453457
v -0.036366 1.874246 0.353457
v -0.036366 1.868606 0.253383
v -0.036366 1.862963 0.153247
v -0.036366 1.857340 0.053464
v -0.021819 1.895104 0.723584
v -0.021819 1.897941 0.773927
v -0.021819 1.891152 0.653457
v -0.021819 1.885517 0.553457
v -0.021819 1.879881 0.453457
v -0.021819 1.874246 0.353457
v -0.021819 1.868606 0.253383
v -0.021819 1.862963 0.153247
v -0.021819 1.857340 0.053464
v -0.007273 1.895104 0.723584
v -0.007273 1.897941 0.773927
v -0.007273 1.891152 0.653457
v -0.007273 1.885517 0.553457
v -0.007273 1.879881 0.453457
v -0.007273 1.874246 0.353457
v -0.007273 1.868606 0.253383
v -0.007273 1.862963 0.153247
v -0.007273 1.857340 0.053464
v -0.128454 0.995899 -0.008007
v -0.127897 1.018582 -0.041014
v -0.126942 1.036388 -0.097567
v -0.121661 0.997759 -0.041015
v -0.127197 1.000095 -0.082462
v -0.116330 1.000946 -0.097567
v -0.126100 1.003760 -0.147500
v -0.124338 1.009642 -0.251884
v -0.122667 1.015223 -0.350905
v -0.120993 1.020813 -0.450111
v -0.119320 1.026402 -0.549287
v -0.117647 1.031989 -0.648414
v -0.115978 1.037562 -0.747313
v -0.127812 1.060796 -0.046041
v -0.119976 1.109324 -0.044159
v -0.127812 1.157700 -0.046011
v -0.126559 1.206193 -0.046289
v -0.106431 1.253411 -0.050659
v -0.127597 1.303425 -0.046053
v -0.127812 1.352018 -0.046011
v -0.118776 1.400535 -0.045282
v -0.126818 1.061839 -0.104906
v -0.117376 1.109121 -0.106122
v -0.126779 1.157700 -0.107217
v -0.125947 1.206243 -0.107344
v -0.105887 1.254199 -0.110991
v -0.126436 1.303438 -0.107275
v -0.126779 1.352018 -0.107217
v -0.116277 1.400457 -0.106791
v -0.125967 1.063279 -0.155390
v -0.117400 1.109120 -0.156598
v -0.125929 1.157700 -0.157587
v -0.125457 1.206294 -0.157709
v -0.106245 1.255955 -0.163148
v -0.125245 1.303498 -0.157790
v -0.125929 1.352018 -0.157587
v -0.117688 1.400885 -0.158701
v -0.124427 1.063637 -0.246598
v -0.124428 1.109120 -0.246543
v -0.124428 1.157700 -0.246543
v -0.124338 1.206279 -0.246563
v -0.105365 1.254431 -0.250295
v -0.122092 1.303332 -0.246876
v -0.124428 1.352018 -0.246543
v -0.124428 1.400597 -0.246543
v -0.122737 1.063488 -0.346779
v -0.122741 1.109120 -0.346543
v -0.122741 1.157700 -0.346543
v -0.122739 1.206279 -0.346543
v -0.104957 1.255357 -0.346181
v -0.112917 1.304146 -0.346529
v -0.122741 1.352018 -0.346543
v -0.116010 1.400597 -0.345762
v -0.121049 1.063220 -0.446798
v -0.121053 1.109120 -0.446543
v -0.121053 1.157700 -0.446543
v -0.121053 1.206279 -0.446543
v -0.111705 1.256371 -0.447963
v -0.100412 1.306134 -0.450132
v -0.121051 1.352018 -0.446544
v -0.113321 1.400597 -0.445646
v -0.119361 1.062903 -0.546820
v -0.119366 1.109120 -0.546543
v -0.113904 1.157700 -0.545909
v -0.119366 1.206279 -0.546543
v -0.116728 1.254973 -0.547201
v -0.098972 1.303924 -0.551921
v -0.119303 1.352018 -0.546560
v -0.119366 1.400597 -0.546543
v -0.117673 1.062553 -0.646879
v -0.117677 1.109134 -0.646654
v -0.109938 1.157976 -0.644935
v -0.117676 1.206279 -0.646682
v -0.117363 1.254843 -0.646758
v -0.107146 1.302887 -0.649218
v -0.117444 1.352003 -0.646735
v -0.117676 1.400597 -0.646683
v -0.115988 1.062235 -0.746753
v -0.115990 1.109211 -0.746636
v -0.108017 1.157871 -0.745320
v -0.115987 1.206279 -0.746761
v -0.115987 1.254859 -0.746761
v -0.115961 1.303437 -0.746767
v -0.115987 1.352018 -0.746761
v -0.115987 1.400597 -0.746761
v -0.114314 1.043121 -0.845949
v -0.113513 1.045795 -0.893396
v -0.114305 1.061895 -0.846472
v -0.114310 1.109361 -0.846150
v -0.110508 1.157700 -0.845890
v -0.114307 1.206279 -0.846325
v -0.114307 1.254859 -0.846325
v -0.114307 1.303438 -0.846325
v -0.114307 1.352018 -0.846325
v -0.114307 1.400597 -0.846325
v -0.113183 1.064213 -0.912942
v -0.112810 1.110315 -0.934962
v -0.112692 1.157700 -0.937354
v -0.112769 1.206279 -0.937498
v -0.112769 1.254859 -0.937498
v -0.112769 1.303438 -0.937498
v -0.112769 1.352018 -0.937498
v -0.112769 1.400597 -0.937498
v -0.109021 0.998042 -0.046041
v -0.108709 1.001359 -0.104906
v -0.108278 1.004204 -0.155390
v -0.108170 1.009344 -0.246598
v -0.108215 1.014990 -0.346779
v -0.108297 1.020675 -0.446794
v -0.108422 1.028215 -0.546772
v -0.108494 1.032302 -0.646873
v -0.108590 1.037530 -0.746753
v -0.094551 0.998040 -0.046011
v -0.094551 1.001490 -0.107217
v -0.094551 1.004328 -0.157587
v -0.094551 1.009341 -0.246543
v -0.094552 1.015036 -0.346536
v -0.094896 1.032250 -0.445265
v -0.094967 1.048646 -0.545685
v -0.094299 1.039164 -0.646427
v -0.094518 1.037607 -0.746631
v -0.080005 0.998040 -0.046011
v -0.080005 1.001490 -0.107217
v -0.080005 1.004328 -0.157587
v -0.080005 1.009341 -0.246543
v -0.080013 1.015686 -0.346460
v -0.080147 1.030209 -0.445424
v -0.079998 1.026898 -0.546495
v -0.079123 1.045875 -0.645776
v -0.079875 1.040270 -0.746554
v -0.065458 0.998040 -0.046011
v -0.065458 1.001490 -0.107217
v -0.065458 1.004328 -0.157587
v -0.065458 1.009341 -0.246543
v -0.065460 1.015689 -0.346460
v -0.065464 1.023034 -0.446262
v -0.065458 1.026248 -0.546543
v -0.065451 1.032585 -0.646614
v -0.065450 1.039254 -0.746577
v -0.050912 0.998040 -0.046011
v -0.050912 1.001490 -0.107217
v -0.050912 1.004328 -0.157587
v -0.050912 1.009341 -0.246543
v -0.050912 1.014980 -0.346543
v -0.050912 1.020628 -0.446541
v -0.050912 1.026248 -0.546543
v -0.050912 1.031891 -0.646682
v -0.050912 1.037531 -0.746761
v -0.036366 0.998040 -0.046011
v -0.036366 1.001490 -0.107217
v -0.036366 1.004328 -0.157587
v -0.036366 1.009341 -0.246543
v -0.036366 1.014977 -0.346543
v -0.036366 1.020612 -0.446543
v -0.036366 1.026248 -0.546543
v -0.036366 1.031891 -0.646682
v -0.036366 1.037531 -0.746761
v -0.021819 0.998040 -0.046011
v -0.021819 1.001490 -0.107217
v -0.021819 1.004328 -0.157587
v -0.021819 1.009341 -0.246543
v -0.021819 1.014977 -0.346543
v -0.021819 1.020612 -0.446543
v -0.021819 1.026248 -0.546543
v -0.021819 1.031891 -0.646682
v -0.021819 1.037532 -0.746761
v -0.007273 0.998040 -0.046011
v -0.007273 1.001490 -0.107217
v -0.007273 1.004328 -0.157587
v -0.007273 1.009341 -0.246543
v -0.007273 1.014977 -0.346543
v -0.007273 1.020612 -0.446543
v -0.007273 1.026248 -0.546543
v -0.007273 1.031891 -0.646682
v -0.007273 1.037532 -0.746761
v -0.108692 1.043150 -0.846472
v -0.107998 1.046896 -0.912942
v -0.094479 1.043132 -0.846150
v -0.094193 1.048137 -0.934966
v -0.080005 1.043142 -0.846325
v -0.080005 1.048280 -0.937498
v -0.065458 1.043142 -0.846325
v -0.065458 1.048280 -0.937498
v -0.050912 1.043142 -0.846325
v -0.050912 1.048280 -0.937498
v -0.036366 1.043142 -0.846325
v -0.036366 1.048280 -0.937498
v -0.021819 1.044362 -0.846184
v -0.021819 1.048411 -0.937483
v -0.007243 1.048608 -0.845708
v -0.007258 1.050195 -0.937284
v -0.111904 1.051169 -0.988757
v -0.112173 1.111164 -0.970897
v -0.111732 1.157700 -0.971204
v -0.112185 1.206279 -0.972071
v -0.112185 1.254859 -0.972071
v -0.112185 1.303438 -0.972071
v -0.112185 1.352018 -0.972071
v -0.112185 1.400597 -0.972071
v -0.105905 1.071204 -1.000000
v -0.107876 1.109856 -0.999870
v -0.106453 1.157696 -0.996622
v -0.108034 1.206279 -0.999999
v -0.108034 1.254859 -1.000000
v -0.108034 1.303438 -1.000000
v -0.108034 1.352018 -1.000000
v -0.108034 1.400597 -1.000000
v -0.093939 1.050165 -0.970952
v -0.094331 1.064385 -1.000000
v -0.094250 1.110124 -0.999995
v -0.094024 1.157712 -0.994167
v -0.094203 1.206295 -0.997294
v -0.094216 1.254859 -0.999998
v -0.094216 1.303438 -1.000000
v -0.094216 1.352018 -1.000000
v -0.094216 1.400597 -1.000000
v -0.080005 1.050228 -0.972071
v -0.080005 1.064093 -1.000000
v -0.080005 1.110239 -1.000000
v -0.080005 1.157700 -0.999952
v -0.080002 1.206284 -0.994453
v -0.079998 1.254863 -0.996128
v -0.080004 1.303439 -0.999946
v -0.080005 1.352018 -1.000000
v -0.080005 1.400597 -1.000000
v -0.065458 1.050228 -0.972071
v -0.065458 1.064093 -1.000000
v -0.065458 1.110239 -1.000000
v -0.065458 1.157700 -1.000000
v -0.065458 1.206279 -0.999988
v -0.065430 1.254877 -0.996667
v -0.065416 1.303491 -0.988776
v -0.065451 1.352026 -0.999049
v -0.065458 1.400597 -1.000000
v -0.050912 1.050228 -0.972071
v -0.050912 1.064093 -1.000000
v -0.050912 1.110239 -1.000000
v -0.050915 1.157701 -0.999766
v -0.050924 1.206302 -0.998184
v -0.050912 1.254859 -0.999997
v -0.050910 1.303441 -0.999567
v -0.050827 1.352103 -0.991216
v -0.050907 1.400602 -0.995949
v -0.036366 1.050228 -0.972071
v -0.036366 1.064093 -1.000000
v -0.036366 1.110239 -0.999990
v -0.036438 1.157709 -0.992624
v -0.036378 1.206311 -0.997896
v -0.036366 1.254859 -1.000000
v -0.036366 1.303438 -1.000000
v -0.036366 1.352018 -0.999983
v -0.036365 1.400598 -0.996859
v -0.021819 1.050231 -0.972071
v -0.021819 1.064093 -1.000000
v -0.021834 1.110241 -0.998252
v -0.021849 1.157732 -0.995516
v -0.021819 1.206279 -1.000000
v -0.021819 1.254859 -1.000000
v -0.021819 1.303438 -1.000000
v -0.021819 1.352018 -1.000000
v -0.021819 1.400597 -1.000000
v -0.007271 1.050476 -0.971982
v -0.007273 1.064222 -0.999241
v -0.007287 1.110299 -0.992732
v -0.007274 1.157700 -0.999815
v -0.007273 1.206279 -1.000000
v -0.007273 1.254859 -1.000000
v -0.007273 1.303438 -1.000000
v -0.007273 1.352018 -1.000000
v -0.007273 1.400597 -1.000000
v -0.127812 1.449177 -0.046012
v -0.127812 1.497756 -0.046012
v -0.127812 1.546336 -0.046012
v -0.120030 1.594392 -0.044371
v -0.127812 1.643495 -0.046012
v -0.127812 1.692074 -0.046012
v -0.127812 1.740654 -0.046012
v -0.127812 1.788979 -0.046041
v -0.126779 1.449177 -0.107217
v -0.126779 1.497756 -0.107217
v -0.126779 1.546336 -0.107217
v -0.126770 1.594915 -0.107215
v -0.120702 1.643133 -0.104938
v -0.126779 1.692074 -0.107217
v -0.126779 1.740654 -0.107217
v -0.126818 1.787935 -0.104906
v -0.125929 1.449177 -0.157587
v -0.125929 1.497756 -0.157587
v -0.125929 1.546336 -0.157587
v -0.125929 1.594915 -0.157587
v -0.115766 1.643553 -0.155907
v -0.125929 1.692074 -0.157587
v -0.125929 1.740654 -0.157587
v -0.125967 1.786495 -0.155390
v -0.124428 1.449177 -0.246543
v -0.124428 1.497756 -0.246543
v -0.124428 1.546336 -0.246543
v -0.124428 1.594915 -0.246543
v -0.124428 1.643495 -0.246543
v -0.124428 1.692074 -0.246543
v -0.124428 1.740654 -0.246543
v -0.124427 1.786137 -0.246598
v -0.122741 1.449177 -0.346543
v -0.122741 1.497756 -0.346543
v -0.122741 1.546336 -0.346543
v -0.122741 1.594915 -0.346543
v -0.122741 1.643495 -0.346543
v -0.115774 1.692262 -0.345161
v -0.122741 1.740654 -0.346543
v -0.122737 1.786286 -0.346779
v -0.121053 1.449177 -0.446543
v -0.121053 1.497756 -0.446543
v -0.121053 1.546336 -0.446543
v -0.121053 1.594915 -0.446543
v -0.121053 1.643495 -0.446543
v -0.115192 1.692135 -0.445684
v -0.121053 1.740654 -0.446543
v -0.121049 1.786554 -0.446798
v -0.119366 1.449177 -0.546543
v -0.119366 1.497756 -0.546543
v -0.119366 1.546336 -0.546543
v -0.119366 1.594915 -0.546543
v -0.119366 1.643495 -0.546543
v -0.117575 1.692141 -0.546136
v -0.119366 1.740654 -0.546543
v -0.119361 1.786871 -0.546820
v -0.110357 1.449177 -0.645833
v -0.117676 1.497756 -0.646683
v -0.117676 1.546336 -0.646683
v -0.117676 1.594915 -0.646683
v -0.117676 1.643494 -0.646683
v -0.111018 1.692341 -0.645088
v -0.117677 1.740639 -0.646654
v -0.117673 1.787221 -0.646879
v -0.115987 1.449177 -0.746761
v -0.115987 1.497756 -0.746761
v -0.115987 1.546336 -0.746761
v -0.115987 1.594915 -0.746761
v -0.115987 1.643494 -0.746761
v -0.108708 1.692076 -0.745922
v -0.115990 1.740563 -0.746636
v -0.115988 1.787539 -0.746753
v -0.127897 1.831192 -0.041015
v -0.128454 1.853875 -0.008007
v -0.126942 1.813386 -0.097567
v -0.127197 1.849680 -0.082462
v -0.121661 1.852015 -0.041015
v -0.126100 1.846014 -0.147500
v -0.116330 1.848828 -0.097567
v -0.124338 1.840132 -0.251884
v -0.122667 1.834551 -0.350905
v -0.120993 1.828961 -0.450111
v -0.119320 1.823372 -0.549287
v -0.117647 1.817785 -0.648414
v -0.115978 1.812212 -0.747313
v -0.114307 1.449177 -0.846325
v -0.106933 1.497759 -0.845504
v -0.114307 1.546336 -0.846325
v -0.114307 1.594915 -0.846325
v -0.114307 1.643494 -0.846325
v -0.114307 1.692074 -0.846325
v -0.114310 1.740413 -0.846151
v -0.114305 1.787878 -0.846472
v -0.112769 1.449177 -0.937498
v -0.112769 1.497756 -0.937498
v -0.112769 1.546336 -0.937498
v -0.112769 1.594915 -0.937498
v -0.112769 1.643494 -0.937498
v -0.112769 1.692074 -0.937498
v -0.106732 1.739111 -0.932399
v -0.113183 1.785560 -0.912942
v -0.114314 1.806653 -0.845949
v -0.113513 1.803979 -0.893396
v -0.109021 1.851732 -0.046041
v -0.108278 1.845570 -0.155389
v -0.108709 1.848415 -0.104906
v -0.108170 1.840430 -0.246598
v -0.108215 1.834784 -0.346779
v -0.108295 1.829147 -0.446798
v -0.108390 1.823511 -0.546820
v -0.108495 1.817872 -0.646879
v -0.108590 1.812243 -0.746753
v -0.094551 1.851734 -0.046012
v -0.094551 1.845446 -0.157587
v -0.094551 1.848284 -0.107217
v -0.094551 1.840433 -0.246543
v -0.094551 1.834797 -0.346543
v -0.094551 1.829162 -0.446543
v -0.094551 1.823526 -0.546543
v -0.094547 1.817884 -0.646654
v -0.094524 1.812250 -0.746636
v -0.080005 1.851734 -0.046012
v -0.080005 1.845446 -0.157587
v -0.080005 1.848284 -0.107217
v -0.080005 1.840433 -0.246543
v -0.080005 1.834797 -0.346543
v -0.080005 1.829162 -0.446543
v -0.080005 1.823526 -0.546543
v -0.080005 1.817883 -0.646683
v -0.080005 1.812243 -0.746761
v -0.065458 1.851734 -0.046012
v -0.065458 1.845446 -0.157587
v -0.065458 1.848284 -0.107217
v -0.065458 1.840433 -0.246543
v -0.065458 1.834797 -0.346543
v -0.065458 1.829162 -0.446543
v -0.065458 1.823526 -0.546543
v -0.065458 1.817883 -0.646683
v -0.065458 1.812243 -0.746761
v -0.050912 1.851734 -0.046012
v -0.050912 1.845446 -0.157587
v -0.050912 1.848284 -0.107217
v -0.050912 1.840433 -0.246543
v -0.050912 1.834797 -0.346543
v -0.050912 1.829162 -0.446543
v -0.050912 1.823526 -0.546543
v -0.050912 1.817883 -0.646683
v -0.050912 1.812243 -0.746761
v -0.036366 1.851734 -0.046012
v -0.036366 1.845446 -0.157587
v -0.036366 1.848284 -0.107217
v -0.036366 1.840433 -0.246543
v -0.036366 1.834797 -0.346543
v -0.036366 1.829162 -0.446543
v -0.036366 1.823526 -0.546543
v -0.036365 1.807207 -0.645445
v -0.036366 1.812243 -0.746761
v -0.021819 1.851734 -0.046012
v -0.021819 1.845446 -0.157587
v -0.021819 1.848284 -0.107217
v -0.021819 1.840433 -0.246543
v -0.021819 1.814924 -0.344238
v -0.021819 1.829162 -0.446543
v -0.021819 1.823526 -0.546543
v -0.021819 1.817883 -0.646683
v -0.021819 1.812243 -0.746761
v -0.007273 1.851733 -0.046012
v -0.007273 1.825792 -0.155307
v -0.007273 1.827593 -0.104817
v -0.007273 1.840433 -0.246543
v -0.007273 1.834797 -0.346543
v -0.007273 1.829162 -0.446543
v -0.007273 1.823526 -0.546543
v -0.007273 1.817883 -0.646683
v -0.007273 1.812243 -0.746761
v -0.112185 1.449177 -0.972071
v -0.112185 1.497756 -0.972071
v -0.112185 1.546336 -0.972071
v -0.112185 1.594915 -0.972071
v -0.112185 1.643494 -0.972069
v -0.112185 1.692074 -0.972071
v -0.102670 1.738657 -0.965869
v -0.111904 1.798605 -0.988757
v -0.108034 1.449177 -1.000000
v -0.108034 1.497756 -1.000000
v -0.108034 1.546336 -1.000000
v -0.108034 1.594915 -1.000000
v -0.108034 1.643494 -0.999873
v -0.108034 1.692074 -1.000000
v -0.107359 1.739935 -0.999655
v -0.105905 1.778569 -1.000000
v -0.093943 1.799480 -0.970592
v -0.094216 1.449177 -1.000000
v -0.094216 1.497756 -1.000000
v -0.094216 1.546336 -1.000000
v -0.094216 1.594915 -1.000000
v -0.094216 1.643495 -0.996520
v -0.094207 1.692092 -0.997012
v -0.094248 1.739616 -0.998757
v -0.094344 1.784960 -0.998755
v -0.080009 1.799414 -0.971699
v -0.080005 1.449177 -1.000000
v -0.080005 1.497756 -1.000000
v -0.080005 1.546336 -1.000000
v -0.080005 1.594915 -1.000000
v -0.080005 1.643495 -0.999775
v -0.079997 1.692088 -0.997761
v -0.079991 1.739500 -0.995358
v -0.080019 1.785177 -0.998391
v -0.065458 1.796731 -0.969817
v -0.065458 1.449177 -1.000000
v -0.065458 1.497756 -1.000000
v -0.065458 1.546336 -1.000000
v -0.065458 1.594915 -1.000000
v -0.065458 1.643494 -1.000000
v -0.065458 1.692074 -1.000000
v -0.065458 1.739535 -1.000000
v -0.065458 1.783587 -0.997938
v -0.050912 1.799546 -0.972071
v -0.050912 1.449177 -0.999935
v -0.050912 1.497756 -1.000000
v -0.050912 1.546336 -1.000000
v -0.050912 1.594915 -1.000000
v -0.050912 1.643494 -1.000000
v -0.050912 1.692074 -1.000000
v -0.050912 1.739535 -1.000000
v -0.050912 1.785681 -1.000000
v -0.036366 1.799546 -0.972071
v -0.036303 1.449291 -0.987400
v -0.036364 1.497759 -0.998281
v -0.036366 1.546336 -0.999994
v -0.036366 1.594915 -1.000000
v -0.036366 1.643494 -1.000000
v -0.036366 1.692074 -1.000000
v -0.036366 1.739535 -1.000000
v -0.036366 1.785681 -1.000000
v -0.021819 1.799546 -0.972071
v -0.021819 1.449178 -0.999743
v -0.021809 1.497770 -0.993958
v -0.021794 1.546389 -0.995439
v -0.021819 1.594917 -0.999851
v -0.021819 1.643495 -0.999983
v -0.021819 1.692074 -1.000000
v -0.021819 1.739535 -1.000000
v -0.021819 1.785681 -1.000000
v -0.007273 1.799546 -0.972071
v -0.007273 1.449177 -1.000000
v -0.007273 1.497756 -0.999996
v -0.007265 1.546351 -0.996404
v -0.007186 1.595074 -0.986642
v -0.007120 1.643939 -0.985973
v -0.007222 1.692227 -0.995483
v -0.007273 1.739535 -0.999999
v -0.007273 1.785681 -1.000000
v -0.108692 1.806624 -0.846472
v -0.107998 1.802878 -0.912942
v -0.094479 1.806642 -0.846151
v -0.094194 1.801625 -0.934934
v -0.080005 1.806632 -0.846325
v -0.080005 1.801479 -0.937454
v -0.065458 1.806632 -0.846325
v -0.065458 1.801412 -0.937444
v -0.050912 1.786463 -0.843985
v -0.050912 1.801494 -0.937498
v -0.036366 1.806632 -0.846325
v -0.036366 1.801494 -0.937498
v -0.021819 1.806632 -0.846325
v -0.021819 1.801494 -0.937498
v -0.007273 1.806632 -0.846325
v -0.007273 1.801494 -0.937498
v 0.007273 0.939602 1.000000
v 0.007273 0.965042 1.000000
v 0.007273 1.011962 1.000000
v 0.007273 0.941959 0.949140
v 0.007272 0.947343 0.853753
v 0.021819 0.939607 1.000001
v 0.021819 0.965045 1.000001
v 0.021819 1.011962 1.000000
v 0.021776 0.942428 0.949232
v 0.021413 0.952923 0.854884
v 0.036366 0.939602 1.000000
v 0.036366 0.965042 1.000000
v 0.036366 1.011962 1.000000
v 0.036351 0.942207 0.949195
v 0.035918 0.960249 0.856454
v 0.050912 0.939602 1.000000
v 0.050912 0.965042 1.000000
v 0.050912 1.011962 1.000000
v 0.050912 0.941959 0.949140
v 0.050911 0.947394 0.853763
v 0.065458 0.939602 1.000000
v 0.065458 0.965042 1.000000
v 0.065458 1.011960 0.992052
v 0.065458 0.941959 0.949140
v 0.065458 0.947334 0.853752
v 0.080005 0.939602 1.000000
v 0.080005 0.965042 1.000000
v 0.080005 1.011962 1.000000
v 0.080005 0.941959 0.949140
v 0.080005 0.947334 0.853752
v 0.094551 0.939602 1.000000
v 0.094551 0.965042 1.000000
v 0.094551 1.011962 1.000000
v 0.094551 0.941959 0.949140
v 0.094551 0.947334 0.853752
v 0.109097 0.939602 1.000000
v 0.109097 0.965042 1.000000
v 0.109097 1.011962 1.000000
v 0.109097 0.941959 0.949140
v 0.109097 0.947334 0.853752
v 0.007273 1.060541 1.000000
v 0.007273 1.109121 1.000000
v 0.007273 1.157700 1.000000
v 0.007273 1.206280 1.000000
v 0.007273 1.254859 1.000000
v 0.007273 1.303439 1.000000
v 0.007273 1.352018 1.000000
v 0.007273 1.400597 1.000000
v 0.021819 1.060541 1.000000
v 0.021819 1.109121 1.000000
v 0.021819 1.157700 1.000000
v 0.021819 1.206280 1.000000
v 0.021819 1.254859 1.000000
v 0.021819 1.303439 1.000000
v 0.021819 1.352018 1.000000
v 0.021819 1.400597 1.000000
v 0.036366 1.060541 1.000000
v 0.036366 1.109121 1.000000
v 0.036366 1.157700 1.000000
v 0.036366 1.206280 1.000000
v 0.036366 1.254859 1.000000
v 0.036366 1.303439 1.000000
v 0.036366 1.352018 1.000000
v 0.036366 1.400597 1.000000
v 0.050853 1.060600 0.991130
v 0.050912 1.109121 1.000000
v 0.050912 1.157700 0.998449
v 0.050903 1.206307 0.993028
v 0.050822 1.255129 0.984533
v 0.050912 1.303439 1.000000
v 0.050912 1.352018 1.000000
v 0.050912 1.400597 1.000000
v 0.065458 1.060541 1.000000
v 0.065458 1.109121 1.000000
v 0.065458 1.157700 1.000000
v 0.065458 1.206280 1.000000
v 0.065458 1.254859 1.000000
v 0.065458 1.303439 1.000000
v 0.065458 1.352018 0.985558
v 0.065458 1.400597 1.000000
v 0.080005 1.060541 1.000000
v 0.080005 1.109121 1.000000
v 0.080005 1.157700 1.000000
v 0.080005 1.206280 1.000000
v 0.080005 1.254859 1.000000
v 0.080005 1.303439 1.000000
v 0.080005 1.352018 1.000000
v 0.080320 1.400912 0.986891
v 0.094551 1.060541 1.000000
v 0.094551 1.109121 1.000000
v 0.094551 1.157700 1.000000
v 0.094551 1.206280 1.000000
v 0.094551 1.254859 1.000000
v 0.094551 1.303439 1.000000
v 0.094551 1.352018 1.000000
v 0.094551 1.400597 1.000000
v 0.109097 1.060541 1.000000
v 0.109097 1.109121 1.000000
v 0.109097 1.157700 1.000000
v 0.109097 1.206280 1.000000
v 0.109097 1.254859 1.000000
v 0.109097 1.303439 1.000000
v 0.109097 1.352018 1.000000
v 0.109097 1.400597 1.000000
v 0.007273 0.951833 0.773927
v 0.007273 0.954670 0.723584
v 0.007273 0.958622 0.653457
v 0.007224 0.965304 0.553595
v 0.007150 0.972604 0.453812
v 0.007273 0.975529 0.353457
v 0.007273 0.981168 0.253383
v 0.007273 0.986811 0.153247
v 0.007273 0.992434 0.053464
v 0.021770 0.953411 0.774202
v 0.021813 0.954949 0.723625
v 0.021819 0.958622 0.653457
v 0.021788 0.965035 0.553557
v 0.021410 0.981408 0.454933
v 0.021815 0.975675 0.353476
v 0.021819 0.981168 0.253383
v 0.021819 0.986811 0.153247
v 0.021819 0.992434 0.053464
v 0.035904 0.973058 0.777152
v 0.036222 0.963035 0.724709
v 0.036362 0.958936 0.653496
v 0.036365 0.964285 0.553461
v 0.036237 0.976529 0.454300
v 0.036354 0.976319 0.353557
v 0.036366 0.981168 0.253383
v 0.036366 0.986811 0.153247
v 0.036366 0.992434 0.053464
v 0.050901 0.953691 0.774151
v 0.050903 0.957722 0.723944
v 0.050912 0.958915 0.653491
v 0.050912 0.964258 0.553457
v 0.050898 0.972892 0.453821
v 0.050906 0.977802 0.353727
v 0.050912 0.981168 0.253383
v 0.050912 0.986811 0.153247
v 0.050912 0.992434 0.053464
v 0.065458 0.951834 0.773927
v 0.065458 0.954673 0.723584
v 0.065458 0.958622 0.653457
v 0.065458 0.964257 0.553457
v 0.065458 0.970218 0.453495
v 0.065458 0.976077 0.353521
v 0.065458 0.981168 0.253383
v 0.065458 0.986811 0.153247
v 0.065458 0.992434 0.053464
v 0.080005 0.951833 0.773927
v 0.080005 0.954670 0.723584
v 0.080005 0.958622 0.653457
v 0.080005 0.964257 0.553457
v 0.080005 0.969893 0.453457
v 0.080005 0.975528 0.353457
v 0.080005 0.981168 0.253383
v 0.080005 0.986811 0.153247
v 0.080005 0.992434 0.053464
v 0.094551 0.951833 0.773927
v 0.094551 0.954670 0.723584
v 0.094551 0.958622 0.653457
v 0.094551 0.964257 0.553457
v 0.094551 0.969893 0.453457
v 0.094551 0.975528 0.353457
v 0.094551 0.981168 0.253383
v 0.094551 0.986811 0.153247
v 0.094551 0.992434 0.053464
v 0.109097 0.951833 0.773927
v 0.109097 0.954670 0.723584
v 0.109097 0.958622 0.653457
v 0.109097 0.964257 0.553457
v 0.109097 0.969893 0.453457
v 0.109097 0.975528 0.353457
v 0.109096 0.981167 0.253396
v 0.109082 0.986807 0.153325
v 0.109047 0.992426 0.053621
v 0.123639 0.939634 1.000000
v 0.123644 0.965042 1.000000
v 0.123409 1.011926 1.000090
v 0.123605 0.941947 0.949344
v 0.123562 0.947329 0.853854
v 0.137883 0.939658 1.000000
v 0.137762 0.964813 1.000000
v 0.128055 1.009052 1.003412
v 0.137804 0.941912 0.949968
v 0.137844 0.947593 0.849159
v 0.142307 0.949633 0.812967
v 0.145315 0.939587 1.000000
v 0.145294 0.964408 1.000000
v 0.142685 1.011088 1.000901
v 0.144625 0.941892 0.950335
v 0.144619 0.964671 0.949968
v 0.137154 1.010157 0.951937
v 0.143383 0.946041 0.876698
v 0.142918 0.964537 0.849159
v 0.142872 1.012225 0.853892
v 0.123342 1.060526 1.000123
v 0.123644 1.109121 1.000000
v 0.123644 1.157700 1.000000
v 0.123644 1.206280 1.000000
v 0.123575 1.254854 1.000058
v 0.123639 1.303440 1.000002
v 0.123644 1.352018 1.000000
v 0.123644 1.400597 1.000000
v 0.129183 1.058766 1.002999
v 0.137693 1.109121 1.000000
v 0.137693 1.157700 1.000000
v 0.137693 1.206280 1.000000
v 0.135720 1.254873 1.001411
v 0.137330 1.303530 1.000178
v 0.137693 1.352018 1.000000
v 0.137693 1.400597 1.000000
v 0.137494 1.059352 0.999336
v 0.145311 1.109121 1.000000
v 0.145311 1.157700 1.000000
v 0.145311 1.206280 1.000000
v 0.145196 1.254859 1.000077
v 0.145307 1.303440 1.000002
v 0.145311 1.352018 1.000000
v 0.145311 1.400597 1.000000
v 0.127975 1.058684 0.954088
v 0.144605 1.109121 0.949140
v 0.144605 1.157700 0.949140
v 0.144451 1.206312 0.949156
v 0.137503 1.254983 0.953564
v 0.133800 1.304658 0.952811
v 0.144605 1.352018 0.949140
v 0.144605 1.400597 0.949140
v 0.123943 1.058755 0.862488
v 0.142795 1.109101 0.853843
v 0.142170 1.157592 0.853769
v 0.126685 1.204734 0.857155
v 0.122873 1.255480 0.860682
v 0.142978 1.303442 0.853761
v 0.142995 1.352018 0.853752
v 0.142995 1.400597 0.853752
v 0.123281 0.951703 0.776230
v 0.122907 0.954532 0.726041
v 0.122744 0.958597 0.653901
v 0.122734 0.964270 0.553227
v 0.122810 0.969907 0.453210
v 0.122899 0.975543 0.353189
v 0.123000 0.981182 0.253139
v 0.123100 0.986816 0.153161
v 0.123198 0.992435 0.053450
v 0.133681 0.950983 0.789011
v 0.141112 0.953625 0.742134
v 0.140840 1.014423 0.726041
v 0.139508 0.958982 0.647064
v 0.139623 1.014967 0.653901
v 0.137849 0.964520 0.548799
v 0.137924 1.015000 0.553227
v 0.136175 0.970111 0.449584
v 0.136236 1.014748 0.453210
v 0.134501 0.975701 0.350396
v 0.134549 1.014451 0.353189
v 0.132828 0.981289 0.251243
v 0.132860 1.014111 0.253139
v 0.131157 0.986869 0.152218
v 0.131173 1.013776 0.153161
v 0.129493 0.992428 0.053572
v 0.129491 1.013449 0.053450
v 0.141903 0.978442 0.789011
v 0.141687 1.013175 0.776230
v 0.104294 1.058689 0.739434
v 0.131712 1.113419 0.726234
v 0.124623 1.159451 0.721597
v 0.140384 1.206226 0.723586
v 0.140799 1.254859 0.723584
v 0.140799 1.303439 0.723584
v 0.140580 1.352011 0.723550
v 0.124016 1.399657 0.724607
v 0.126501 1.059233 0.654812
v 0.121658 1.112657 0.653203
v 0.128283 1.162081 0.652874
v 0.139596 1.206290 0.653457
v 0.139615 1.254859 0.653457
v 0.139615 1.303439 0.653457
v 0.134816 1.351482 0.652797
v 0.126417 1.400275 0.651215
v 0.137927 1.060541 0.553457
v 0.123579 1.110486 0.553057
v 0.125788 1.159459 0.553130
v 0.137928 1.206280 0.553457
v 0.137928 1.254859 0.553457
v 0.137928 1.303439 0.553457
v 0.128139 1.351659 0.552366
v 0.127917 1.400442 0.552354
v 0.136241 1.060541 0.453457
v 0.123283 1.105379 0.451843
v 0.120527 1.158751 0.453367
v 0.136241 1.206280 0.453457
v 0.136241 1.254859 0.453457
v 0.136241 1.303438 0.453457
v 0.132293 1.352257 0.453323
v 0.122622 1.401448 0.452992
v 0.134528 1.060535 0.353452
v 0.117549 1.104910 0.350498
v 0.129008 1.157665 0.354059
v 0.134553 1.206280 0.353457
v 0.134553 1.254859 0.353457
v 0.134553 1.303438 0.353457
v 0.134552 1.352018 0.353457
v 0.127882 1.400620 0.354187
v 0.132865 1.060547 0.253396
v 0.120282 1.107354 0.252027
v 0.125171 1.157735 0.253544
v 0.132864 1.206280 0.253383
v 0.132864 1.254859 0.253383
v 0.132864 1.303438 0.253383
v 0.132864 1.352018 0.253383
v 0.129020 1.400597 0.253829
v 0.131176 1.060592 0.153325
v 0.131175 1.109121 0.153247
v 0.124186 1.157875 0.153519
v 0.131175 1.206280 0.153247
v 0.131175 1.254859 0.153247
v 0.131175 1.303438 0.153247
v 0.131175 1.352018 0.153247
v 0.131175 1.400597 0.153247
v 0.129494 1.060710 0.053621
v 0.129491 1.109121 0.053464
v 0.123047 1.157954 0.053445
v 0.129491 1.206280 0.053464
v 0.129491 1.254859 0.053464
v 0.129491 1.303438 0.053464
v 0.123074 1.352018 0.054209
v 0.129491 1.400597 0.053464
v 0.119185 1.062946 0.789052
v 0.138987 1.109777 0.775798
v 0.120984 1.154869 0.772141
v 0.130172 1.205150 0.775127
v 0.141648 1.254859 0.773927
v 0.141648 1.303439 0.773927
v 0.141648 1.352018 0.773927
v 0.134632 1.400363 0.774688
v 0.007273 1.449177 1.000000
v 0.007273 1.497756 1.000000
v 0.007273 1.546336 1.000000
v 0.007273 1.594915 1.000000
v 0.007273 1.643495 1.000000
v 0.007273 1.692074 1.000000
v 0.007273 1.740654 1.000000
v 0.007273 1.789233 1.000000
v 0.021819 1.449177 1.000000
v 0.021819 1.497756 1.000000
v 0.021819 1.546336 1.000000
v 0.021819 1.594915 1.000000
v 0.021819 1.643495 1.000000
v 0.021819 1.692074 1.000000
v 0.021819 1.740654 1.000000
v 0.021819 1.789233 1.000000
v 0.036366 1.449177 1.000000
v 0.036366 1.497756 1.000000
v 0.036366 1.546336 1.000000
v 0.036366 1.594915 1.000000
v 0.036366 1.643495 1.000000
v 0.036366 1.692074 1.000000
v 0.036366 1.740654 1.000000
v 0.036366 1.789233 1.000000
v 0.050912 1.449177 1.000000
v 0.050912 1.497756 1.000000
v 0.050912 1.546336 1.000000
v 0.050912 1.594915 1.000000
v 0.050912 1.643495 1.000000
v 0.050912 1.692074 1.000000
v 0.050912 1.740654 1.000000
v 0.050912 1.789233 1.000000
v 0.065458 1.449177 1.000000
v 0.065458 1.497756 1.000000
v 0.065458 1.546336 1.000000
v 0.065458 1.594915 1.000000
v 0.065458 1.643495 1.000000
v 0.065458 1.692074 1.000000
v 0.065458 1.740654 1.000000
v 0.065458 1.789233 1.000000
v 0.080005 1.449177 1.000000
v 0.080005 1.497756 1.000000
v 0.080005 1.546336 1.000000
v 0.080005 1.594915 1.000000
v 0.080005 1.643495 1.000000
v 0.080005 1.692074 1.000000
v 0.080005 1.740654 1.000000
v 0.080005 1.789233 1.000000
v 0.094551 1.449177 1.000000
v 0.094551 1.497756 0.996050
v 0.094551 1.546336 1.000000
v 0.094551 1.594915 1.000000
v 0.094551 1.643495 1.000000
v 0.094551 1.692074 1.000000
v 0.094551 1.740654 1.000000
v 0.094551 1.789233 1.000000
v 0.109097 1.449177 1.000000
v 0.109097 1.497756 1.000000
v 0.109097 1.546336 1.000000
v 0.109097 1.594915 0.990312
v 0.108983 1.643837 0.985852
v 0.108976 1.692433 0.989887
v 0.109031 1.740850 0.992269
v 0.109067 1.789325 0.995248
v 0.007273 1.837813 1.000000
v 0.007273 1.884732 1.000000
v 0.007273 1.910172 1.000000
v 0.007273 1.907816 0.949140
v 0.007273 1.902440 0.853752
v 0.021819 1.837813 1.000000
v 0.021819 1.884732 1.000000
v 0.021819 1.910172 1.000000
v 0.021819 1.907816 0.949140
v 0.021819 1.902440 0.853752
v 0.036366 1.837813 1.000000
v 0.036366 1.884732 1.000000
v 0.036366 1.910172 1.000000
v 0.036366 1.907816 0.949140
v 0.036366 1.902440 0.853752
v 0.050912 1.837813 1.000000
v 0.050912 1.884732 1.000000
v 0.050912 1.910172 1.000000
v 0.050912 1.907816 0.949140
v 0.050912 1.902440 0.853752
v 0.065458 1.837813 0.998195
v 0.065458 1.884732 1.000000
v 0.065458 1.910172 1.000000
v 0.065458 1.907816 0.949140
v 0.065458 1.902440 0.853752
v 0.080005 1.837813 1.000000
v 0.080005 1.884732 1.000000
v 0.080005 1.910170 1.000000
v 0.080000 1.904137 0.949535
v 0.080005 1.902440 0.853752
v 0.094551 1.837813 1.000000
v 0.094551 1.884732 0.994014
v 0.094523 1.909478 0.999306
v 0.094550 1.907789 0.949114
v 0.094607 1.898056 0.854198
v 0.109092 1.837816 0.999994
v 0.105467 1.887187 0.995817
v 0.104039 1.910175 0.990642
v 0.105070 1.910275 0.944847
v 0.109078 1.902449 0.853746
v 0.007273 1.895104 0.723584
v 0.007273 1.897941 0.773927
v 0.007273 1.891152 0.653457
v 0.007273 1.885517 0.553457
v 0.007273 1.879881 0.453457
v 0.007273 1.874246 0.353457
v 0.007273 1.868606 0.253383
v 0.007273 1.862963 0.153247
v 0.007273 1.836553 0.055876
v 0.021819 1.895104 0.723584
v 0.021819 1.897941 0.773927
v 0.021819 1.891152 0.653457
v 0.021819 1.885517 0.553457
v 0.021819 1.879881 0.453457
v 0.021819 1.874246 0.353457
v 0.021819 1.868606 0.253383
v 0.021819 1.862963 0.153247
v 0.021819 1.857340 0.053464
v 0.036366 1.895104 0.723584
v 0.036366 1.897941 0.773927
v 0.036366 1.891152 0.653457
v 0.036366 1.885517 0.553457
v 0.036366 1.879881 0.453457
v 0.036366 1.874246 0.353457
v 0.036366 1.868606 0.253383
v 0.036366 1.862963 0.153247
v 0.036366 1.857340 0.053464
v 0.050912 1.895104 0.723584
v 0.050912 1.897941 0.773927
v 0.050912 1.891152 0.653457
v 0.050912 1.885517 0.553457
v 0.050912 1.879881 0.453457
v 0.050912 1.874246 0.353457
v 0.050912 1.868606 0.253383
v 0.050912 1.862963 0.153247
v 0.050912 1.857340 0.053464
v 0.065458 1.895104 0.723584
v 0.065458 1.897941 0.773927
v 0.065458 1.891152 0.653457
v 0.065458 1.885517 0.553457
v 0.065458 1.879881 0.453457
v 0.065458 1.874246 0.353457
v 0.065458 1.868606 0.253383
v 0.065458 1.862963 0.153247
v 0.065458 1.857340 0.053464
v 0.080005 1.895104 0.723584
v 0.080005 1.897941 0.773927
v 0.080005 1.891152 0.653457
v 0.080005 1.885517 0.553457
v 0.080005 1.879881 0.453457
v 0.080005 1.874246 0.353457
v 0.080005 1.868606 0.253383
v 0.080005 1.862963 0.153247
v 0.080005 1.857340 0.053464
v 0.094551 1.895104 0.723584
v 0.094551 1.897088 0.774026
v 0.094551 1.891152 0.653457
v 0.094551 1.876703 0.554479
v 0.094551 1.879881 0.453457
v 0.094551 1.874246 0.353457
v 0.094551 1.868606 0.253383
v 0.094551 1.862963 0.153247
v 0.094551 1.857340 0.053464
v 0.109097 1.895104 0.723584
v 0.109097 1.897941 0.773927
v 0.109097 1.891152 0.653457
v 0.109097 1.885517 0.553457
v 0.109096 1.879882 0.453456
v 0.109097 1.874246 0.353457
v 0.109096 1.868607 0.253396
v 0.109129 1.861814 0.153582
v 0.110008 1.836879 0.058120
v 0.123644 1.449177 1.000000
v 0.123644 1.497756 1.000000
v 0.123644 1.546336 1.000000
v 0.123644 1.594915 1.000000
v 0.123644 1.643495 1.000000
v 0.123644 1.692074 1.000000
v 0.123619 1.740653 1.000001
v 0.123574 1.789267 0.999995
v 0.137693 1.449177 1.000000
v 0.137693 1.497756 0.998731
v 0.137693 1.546336 1.000000
v 0.137693 1.594915 1.000000
v 0.137693 1.643495 1.000000
v 0.137693 1.692074 1.000000
v 0.137676 1.740654 1.000001
v 0.137347 1.789390 0.999982
v 0.145311 1.449177 1.000000
v 0.145311 1.497756 1.000000
v 0.145311 1.546336 1.000000
v 0.145311 1.594915 1.000000
v 0.145311 1.643495 1.000000
v 0.145311 1.692074 1.000000
v 0.145308 1.740654 1.000000
v 0.145294 1.789240 0.999999
v 0.144605 1.449177 0.949140
v 0.144605 1.497756 0.949140
v 0.144605 1.546336 0.949140
v 0.144605 1.594915 0.949140
v 0.144605 1.643495 0.949140
v 0.144605 1.692074 0.949140
v 0.143646 1.740679 0.949215
v 0.141602 1.790406 0.949044
v 0.142995 1.449177 0.853752
v 0.142995 1.497756 0.853752
v 0.142995 1.546336 0.853752
v 0.142995 1.594915 0.853752
v 0.142995 1.643495 0.853752
v 0.142962 1.692074 0.853754
v 0.112211 1.742160 0.855857
v 0.122288 1.796854 0.852829
v 0.121749 1.838257 1.000429
v 0.085060 1.879048 0.999807
v 0.089180 1.898349 0.993504
v 0.043735 1.885920 0.947366
v 0.112666 1.903891 0.854186
v 0.132645 1.839265 1.001866
v 0.117017 1.880310 1.003704
v 0.120559 1.900652 1.000866
v 0.075277 1.883382 0.958513
v 0.142098 1.900165 0.813025
v 0.130984 1.902119 0.850707
v 0.144139 1.838141 1.000378
v 0.141513 1.885195 1.000985
v 0.142715 1.909130 1.000394
v 0.129775 1.842197 0.953343
v 0.123219 1.886430 0.956362
v 0.131027 1.904488 0.953120
v 0.119080 1.844082 0.852578
v 0.137079 1.886470 0.850780
v 0.134506 1.903278 0.879065
v 0.139406 1.449165 0.723744
v 0.140799 1.497756 0.723584
v 0.140796 1.546336 0.723584
v 0.140799 1.594915 0.723584
v 0.140799 1.643495 0.723584
v 0.140799 1.692074 0.723584
v 0.140787 1.740650 0.723581
v 0.121786 1.784095 0.716582
v 0.139614 1.449177 0.653457
v 0.139615 1.497756 0.653457
v 0.133082 1.546335 0.654262
v 0.139615 1.594915 0.653457
v 0.139615 1.643495 0.653457
v 0.139615 1.692074 0.653457
v 0.139476 1.740632 0.653400
v 0.115458 1.785156 0.645141
v 0.135291 1.449177 0.553763
v 0.137928 1.497756 0.553457
v 0.136200 1.546400 0.553466
v 0.137928 1.594915 0.553457
v 0.137928 1.643495 0.553457
v 0.137928 1.692074 0.553457
v 0.137892 1.740656 0.553450
v 0.112931 1.792549 0.548471
v 0.136241 1.449177 0.453457
v 0.136241 1.497756 0.453457
v 0.136241 1.546336 0.453457
v 0.136241 1.594915 0.453457
v 0.136241 1.643495 0.453457
v 0.136241 1.692074 0.453457
v 0.136241 1.740654 0.453457
v 0.130911 1.790852 0.452435
v 0.134553 1.449177 0.353457
v 0.134542 1.497756 0.353458
v 0.134553 1.546336 0.353457
v 0.134553 1.594915 0.353457
v 0.134553 1.643495 0.353457
v 0.128295 1.692073 0.354180
v 0.134553 1.740654 0.353457
v 0.134553 1.789233 0.353457
v 0.127814 1.449188 0.253811
v 0.124865 1.497812 0.254244
v 0.132864 1.546336 0.253383
v 0.132864 1.594915 0.253383
v 0.132864 1.643495 0.253383
v 0.126332 1.692309 0.253446
v 0.128392 1.741295 0.253582
v 0.132865 1.789227 0.253396
v 0.117101 1.448023 0.153020
v 0.130289 1.497692 0.153237
v 0.131175 1.546336 0.153247
v 0.131175 1.594915 0.153247
v 0.131175 1.643495 0.153247
v 0.121207 1.692532 0.153510
v 0.126162 1.740961 0.153404
v 0.131176 1.789182 0.153324
v 0.116145 1.447921 0.055076
v 0.123252 1.497733 0.054189
v 0.129491 1.546336 0.053464
v 0.129491 1.594915 0.053464
v 0.122885 1.643494 0.054229
v 0.115439 1.693622 0.051446
v 0.129043 1.740703 0.053400
v 0.129494 1.789064 0.053620
v 0.140755 1.449172 0.774030
v 0.141648 1.497756 0.773927
v 0.141648 1.546336 0.773927
v 0.141648 1.594915 0.773927
v 0.141648 1.643495 0.773927
v 0.141648 1.692074 0.773927
v 0.140909 1.740666 0.773987
v 0.130891 1.788276 0.769669
v 0.122907 1.895243 0.726041
v 0.123141 1.898093 0.776153
v 0.122744 1.891177 0.653901
v 0.122733 1.885504 0.553227
v 0.120949 1.874684 0.453242
v 0.122896 1.874232 0.353188
v 0.123000 1.868592 0.253139
v 0.123100 1.862958 0.153161
v 0.123198 1.857339 0.053450
v 0.124354 1.834426 0.718631
v 0.141112 1.896150 0.742134
v 0.133290 1.898853 0.788803
v 0.136352 1.834203 0.652831
v 0.139508 1.890792 0.647064
v 0.122284 1.839115 0.550656
v 0.137849 1.885254 0.548799
v 0.119815 1.839809 0.449524
v 0.136121 1.879678 0.449569
v 0.134503 1.835337 0.353173
v 0.134501 1.874073 0.350396
v 0.132860 1.835664 0.253139
v 0.132828 1.868485 0.251243
v 0.131173 1.835998 0.153161
v 0.131157 1.862905 0.152218
v 0.129491 1.836325 0.053450
v 0.129493 1.857346 0.053571
v 0.117745 1.838950 0.764396
v 0.139299 1.871788 0.787660
v 0.007273 0.998040 -0.046011
v 0.007273 1.001490 -0.107217
v 0.007273 1.004328 -0.157587
v 0.007273 1.009341 -0.246543
v 0.007273 1.014977 -0.346543
v 0.007273 1.020612 -0.446543
v 0.007273 1.026248 -0.546543
v 0.007273 1.031891 -0.646682
v 0.007273 1.037531 -0.746761
v 0.021819 0.998040 -0.046011
v 0.021819 1.001490 -0.107217
v 0.021819 1.004328 -0.157587
v 0.021819 1.009341 -0.246543
v 0.021819 1.014977 -0.346543
v 0.021819 1.020612 -0.446543
v 0.021819 1.026248 -0.546543
v 0.021819 1.031891 -0.646682
v 0.021819 1.037531 -0.746761
v 0.036366 0.998040 -0.046011
v 0.036366 1.001490 -0.107217
v 0.036366 1.004328 -0.157587
v 0.036366 1.009341 -0.246543
v 0.036366 1.014977 -0.346543
v 0.036366 1.020612 -0.446543
v 0.036366 1.026248 -0.546543
v 0.036366 1.031891 -0.646682
v 0.036366 1.037531 -0.746761
v 0.050912 0.998040 -0.046011
v 0.050912 1.001490 -0.107217
v 0.050912 1.004328 -0.157587
v 0.050912 1.009341 -0.246543
v 0.050912 1.014977 -0.346543
v 0.050912 1.020612 -0.446543
v 0.050912 1.026315 -0.546535
v 0.050921 1.032783 -0.646605
v 0.050915 1.037712 -0.746758
v 0.065458 0.998040 -0.046011
v 0.065458 1.001490 -0.107217
v 0.065458 1.004328 -0.157587
v 0.065458 1.009341 -0.246543
v 0.065458 1.014977 -0.346543
v 0.065458 1.020612 -0.446543
v 0.065467 1.032293 -0.545876
v 0.065685 1.053342 -0.644771
v 0.065762 1.050486 -0.746547
v 0.080005 0.998040 -0.046011
v 0.080005 1.001490 -0.107217
v 0.080005 1.004328 -0.157587
v 0.080005 1.009341 -0.246543
v 0.080005 1.014977 -0.346543
v 0.080005 1.020612 -0.446543
v 0.080005 1.026403 -0.546525
v 0.080109 1.033542 -0.646560
v 0.080179 1.041523 -0.746538
v 0.094551 0.998040 -0.046011
v 0.094551 1.001490 -0.107217
v 0.094551 1.004328 -0.157587
v 0.094551 1.009341 -0.246543
v 0.094551 1.014977 -0.346543
v 0.094551 1.020612 -0.446543
v 0.094551 1.026248 -0.546543
v 0.094547 1.031889 -0.646654
v 0.094524 1.037524 -0.746636
v 0.109021 0.998042 -0.046041
v 0.108709 1.001359 -0.104906
v 0.108278 1.004204 -0.155390
v 0.108170 1.009344 -0.246598
v 0.108215 1.014990 -0.346779
v 0.108295 1.020627 -0.446798
v 0.108390 1.026263 -0.546820
v 0.108495 1.031902 -0.646879
v 0.108590 1.037530 -0.746753
v 0.007307 1.045228 -0.846084
v 0.007486 1.059767 -0.935770
v 0.021822 1.043205 -0.846310
v 0.022295 1.057493 -0.934104
v 0.036366 1.043142 -0.846325
v 0.036432 1.049223 -0.936693
v 0.050912 1.043143 -0.846325
v 0.050912 1.048280 -0.937498
v 0.065461 1.043279 -0.846324
v 0.065458 1.048280 -0.937498
v 0.080005 1.043142 -0.846325
v 0.080005 1.048280 -0.937498
v 0.094479 1.043132 -0.846150
v 0.094193 1.048137 -0.934966
v 0.108692 1.043150 -0.846472
v 0.107998 1.046896 -0.912942
v 0.007355 1.054630 -0.970443
v 0.007295 1.066956 -0.994946
v 0.007274 1.110385 -0.999526
v 0.007273 1.157700 -1.000000
v 0.007273 1.206279 -1.000000
v 0.007273 1.254859 -1.000000
v 0.007273 1.303438 -1.000000
v 0.007273 1.352018 -1.000000
v 0.007273 1.400597 -1.000000
v 0.022479 1.061534 -0.967138
v 0.022152 1.069337 -0.997063
v 0.021821 1.110257 -0.999985
v 0.021819 1.157700 -1.000000
v 0.021819 1.206279 -1.000000
v 0.021819 1.254859 -1.000000
v 0.021819 1.303438 -1.000000
v 0.021819 1.352018 -1.000000
v 0.021819 1.400597 -1.000000
v 0.036535 1.052516 -0.969914
v 0.036611 1.067105 -0.996745
v 0.036369 1.110278 -0.999950
v 0.036366 1.157700 -1.000000
v 0.036366 1.206279 -1.000000
v 0.036366 1.254859 -0.998958
v 0.036366 1.303438 -0.999995
v 0.036366 1.352018 -1.000000
v 0.036366 1.400597 -0.999989
v 0.050912 1.050228 -0.972071
v 0.050912 1.064094 -0.999999
v 0.050912 1.110239 -1.000000
v 0.050912 1.157700 -1.000000
v 0.050912 1.206279 -1.000000
v 0.050921 1.254865 -0.996049
v 0.050921 1.303454 -0.997525
v 0.050903 1.352025 -0.999586
v 0.050770 1.400748 -0.994725
v 0.065458 1.050228 -0.972071
v 0.065458 1.064093 -1.000000
v 0.065458 1.110239 -1.000000
v 0.065459 1.157700 -0.997892
v 0.065461 1.206282 -0.999364
v 0.065462 1.254862 -0.999633
v 0.065483 1.303466 -0.995463
v 0.065269 1.352269 -0.982255
v 0.065427 1.400628 -0.998684
v 0.080005 1.050228 -0.972071
v 0.080005 1.064093 -1.000000
v 0.080005 1.110239 -1.000000
v 0.080013 1.157703 -0.997697
v 0.080044 1.206329 -0.991651
v 0.080159 1.254968 -0.989020
v 0.080309 1.303557 -0.990230
v 0.080012 1.352028 -0.998430
v 0.080088 1.400693 -0.987855
v 0.093939 1.050165 -0.970952
v 0.094331 1.064385 -1.000000
v 0.094251 1.110124 -1.000000
v 0.094216 1.157700 -1.000000
v 0.094216 1.206279 -1.000000
v 0.094216 1.254859 -0.999999
v 0.094216 1.303438 -0.999998
v 0.094216 1.352018 -1.000000
v 0.094218 1.400599 -0.999732
v 0.111904 1.051169 -0.988757
v 0.112204 1.111164 -0.970952
v 0.112185 1.157700 -0.972071
v 0.112185 1.206279 -0.972071
v 0.106840 1.254688 -0.971465
v 0.112185 1.303438 -0.972071
v 0.112185 1.352018 -0.972071
v 0.112145 1.400599 -0.972071
v 0.105905 1.071204 -1.000000
v 0.107946 1.109856 -1.000000
v 0.108034 1.157700 -1.000000
v 0.108034 1.206279 -1.000000
v 0.102231 1.254265 -0.998096
v 0.108034 1.303438 -1.000000
v 0.108034 1.352018 -1.000000
v 0.108034 1.400597 -1.000000
v 0.121661 0.997759 -0.041015
v 0.127197 1.000095 -0.082462
v 0.116330 1.000946 -0.097567
v 0.126100 1.003760 -0.147500
v 0.124338 1.009642 -0.251884
v 0.122667 1.015223 -0.350905
v 0.120993 1.020813 -0.450111
v 0.119320 1.026402 -0.549287
v 0.117647 1.031989 -0.648414
v 0.115978 1.037562 -0.747313
v 0.128454 0.995899 -0.008007
v 0.127897 1.018582 -0.041015
v 0.126942 1.036388 -0.097567
v 0.125967 1.063279 -0.155390
v 0.124356 1.109107 -0.157424
v 0.125038 1.157699 -0.157485
v 0.125929 1.206280 -0.157587
v 0.125929 1.254859 -0.157587
v 0.125929 1.303438 -0.157587
v 0.125929 1.352018 -0.157587
v 0.125798 1.400595 -0.157576
v 0.124307 1.063635 -0.246589
v 0.112146 1.108961 -0.245352
v 0.123964 1.157697 -0.246493
v 0.124428 1.206279 -0.246543
v 0.124428 1.254859 -0.246543
v 0.124428 1.303438 -0.246543
v 0.124428 1.352018 -0.246543
v 0.124202 1.400604 -0.246560
v 0.118026 1.063647 -0.347142
v 0.114803 1.109408 -0.347151
v 0.122741 1.157700 -0.346543
v 0.122741 1.206279 -0.346543
v 0.122741 1.254859 -0.346543
v 0.122741 1.303438 -0.346543
v 0.122741 1.352018 -0.346543
v 0.122581 1.400580 -0.346519
v 0.117085 1.063383 -0.446633
v 0.110679 1.109616 -0.446228
v 0.121053 1.157700 -0.446543
v 0.121053 1.206279 -0.446543
v 0.121053 1.254859 -0.446543
v 0.121053 1.303438 -0.446543
v 0.121053 1.352018 -0.446543
v 0.121027 1.400594 -0.446544
v 0.119169 1.062905 -0.546801
v 0.106275 1.109270 -0.545484
v 0.119357 1.157700 -0.546544
v 0.119366 1.206279 -0.546543
v 0.119366 1.254859 -0.546543
v 0.119366 1.303438 -0.546543
v 0.119366 1.352018 -0.546543
v 0.119365 1.400597 -0.546543
v 0.117673 1.062553 -0.646879
v 0.106479 1.109840 -0.647232
v 0.110856 1.158123 -0.646532
v 0.111721 1.206278 -0.645996
v 0.117676 1.254859 -0.646683
v 0.117676 1.303438 -0.646683
v 0.117676 1.352018 -0.646683
v 0.117673 1.400597 -0.646683
v 0.115988 1.062235 -0.746753
v 0.115888 1.109209 -0.746636
v 0.113616 1.157598 -0.746747
v 0.110064 1.206478 -0.746675
v 0.115987 1.254859 -0.746761
v 0.115987 1.303438 -0.746761
v 0.115987 1.352018 -0.746761
v 0.115957 1.400601 -0.746762
v 0.127812 1.060796 -0.046041
v 0.127812 1.109121 -0.046011
v 0.127812 1.157700 -0.046011
v 0.127812 1.206280 -0.046011
v 0.127812 1.254859 -0.046011
v 0.127812 1.303438 -0.046011
v 0.121259 1.352256 -0.045977
v 0.127807 1.400597 -0.046012
v 0.126818 1.061839 -0.104906
v 0.126777 1.109120 -0.107217
v 0.126769 1.157700 -0.107216
v 0.126779 1.206280 -0.107217
v 0.126779 1.254859 -0.107217
v 0.126779 1.303438 -0.107217
v 0.122350 1.352181 -0.107500
v 0.126709 1.400597 -0.107210
v 0.114314 1.043121 -0.845949
v 0.113513 1.045795 -0.893396
v 0.114305 1.061895 -0.846472
v 0.114310 1.109361 -0.846150
v 0.114307 1.157700 -0.846325
v 0.114307 1.206279 -0.846325
v 0.108310 1.255059 -0.845854
v 0.114307 1.303438 -0.846325
v 0.114307 1.352018 -0.846325
v 0.108658 1.400596 -0.845681
v 0.113183 1.064213 -0.912942
v 0.112812 1.110315 -0.934966
v 0.112769 1.157700 -0.937498
v 0.112769 1.206279 -0.937498
v 0.105613 1.255228 -0.937806
v 0.112769 1.303438 -0.937498
v 0.112769 1.352018 -0.937498
v 0.109044 1.400717 -0.937459
v 0.007273 1.851734 -0.046012
v 0.007273 1.845446 -0.157587
v 0.007273 1.848284 -0.107217
v 0.007273 1.840433 -0.246543
v 0.007273 1.834797 -0.346543
v 0.007273 1.829162 -0.446543
v 0.007273 1.823526 -0.546543
v 0.007273 1.817883 -0.646683
v 0.007273 1.812243 -0.746761
v 0.021819 1.851734 -0.046012
v 0.021819 1.845446 -0.157587
v 0.021819 1.848284 -0.107217
v 0.021819 1.840433 -0.246543
v 0.021819 1.834797 -0.346543
v 0.021819 1.829162 -0.446543
v 0.021819 1.823526 -0.546543
v 0.021819 1.817883 -0.646683
v 0.021819 1.812243 -0.746761
v 0.036366 1.851734 -0.046012
v 0.036366 1.845446 -0.157587
v 0.036366 1.848284 -0.107217
v 0.036366 1.840433 -0.246543
v 0.036366 1.834797 -0.346543
v 0.036366 1.829162 -0.446543
v 0.036366 1.823526 -0.546543
v 0.036366 1.817882 -0.646683
v 0.036027 1.793944 -0.744980
v 0.050912 1.851734 -0.046012
v 0.050912 1.845446 -0.157587
v 0.050912 1.848284 -0.107217
v 0.050912 1.840433 -0.246543
v 0.050912 1.834797 -0.346543
v 0.050912 1.829162 -0.446543
v 0.050793 1.804426 -0.544449
v 0.050606 1.807188 -0.646348
v 0.050912 1.812243 -0.746761
v 0.065458 1.851734 -0.046012
v 0.065458 1.845446 -0.157587
v 0.065458 1.848284 -0.107217
v 0.065458 1.840433 -0.246543
v 0.065458 1.834797 -0.346543
v 0.065458 1.825528 -0.446122
v 0.065458 1.823526 -0.546543
v 0.065458 1.817883 -0.646683
v 0.065458 1.812243 -0.746761
v 0.080005 1.851734 -0.046012
v 0.080005 1.845446 -0.157587
v 0.080005 1.848284 -0.107217
v 0.080005 1.840433 -0.246543
v 0.080005 1.834797 -0.346543
v 0.080005 1.829162 -0.446543
v 0.080005 1.823526 -0.546543
v 0.080005 1.817883 -0.646683
v 0.080005 1.812243 -0.746761
v 0.094551 1.851734 -0.046012
v 0.094551 1.845446 -0.157587
v 0.094551 1.848284 -0.107217
v 0.094551 1.840433 -0.246543
v 0.094551 1.834797 -0.346543
v 0.094551 1.829162 -0.446543
v 0.094551 1.823526 -0.546543
v 0.094547 1.817884 -0.646654
v 0.094524 1.812250 -0.746636
v 0.110394 1.831615 -0.040883
v 0.108160 1.822345 -0.151376
v 0.109437 1.825929 -0.096402
v 0.108170 1.840430 -0.246598
v 0.108215 1.834784 -0.346779
v 0.108295 1.829147 -0.446798
v 0.108390 1.823511 -0.546820
v 0.108495 1.817872 -0.646879
v 0.108590 1.812243 -0.746753
v 0.007273 1.799546 -0.972071
v 0.007273 1.449177 -1.000000
v 0.007273 1.497756 -1.000000
v 0.007273 1.546336 -1.000000
v 0.007273 1.594915 -0.999996
v 0.007274 1.643497 -0.999937
v 0.007275 1.692079 -0.999866
v 0.007273 1.739535 -1.000000
v 0.007273 1.785681 -1.000000
v 0.021496 1.781964 -0.966215
v 0.021819 1.449177 -1.000000
v 0.021819 1.497756 -1.000000
v 0.021819 1.546336 -1.000000
v 0.021819 1.594915 -1.000000
v 0.021819 1.643494 -0.999988
v 0.021819 1.692074 -1.000000
v 0.021819 1.739535 -1.000000
v 0.021334 1.773600 -0.991319
v 0.036366 1.799546 -0.972071
v 0.036327 1.449203 -0.996816
v 0.036360 1.497758 -0.999653
v 0.036366 1.546336 -1.000000
v 0.036366 1.594915 -0.999947
v 0.036365 1.643495 -0.996976
v 0.036366 1.692074 -1.000000
v 0.036366 1.739535 -1.000000
v 0.036366 1.785681 -1.000000
v 0.050912 1.799546 -0.972071
v 0.050890 1.449238 -0.995960
v 0.050912 1.497756 -0.999965
v 0.050912 1.546335 -0.999989
v 0.050912 1.594914 -0.999949
v 0.050912 1.643494 -0.999926
v 0.050912 1.692074 -1.000000
v 0.050912 1.739535 -1.000000
v 0.050912 1.785681 -1.000000
v 0.065458 1.799546 -0.972071
v 0.065458 1.449177 -0.999994
v 0.065452 1.497736 -0.999226
v 0.065346 1.546000 -0.988035
v 0.065359 1.594612 -0.988492
v 0.065421 1.643387 -0.988943
v 0.065456 1.692070 -0.996006
v 0.065458 1.739535 -1.000000
v 0.065458 1.785681 -1.000000
v 0.080005 1.799546 -0.972071
v 0.080013 1.449185 -0.998837
v 0.080005 1.497756 -0.999991
v 0.080005 1.546335 -0.999970
v 0.080005 1.594915 -0.999998
v 0.080005 1.643494 -0.999997
v 0.080005 1.692074 -0.999763
v 0.080005 1.739535 -1.000000
v 0.080005 1.785681 -1.000000
v 0.093939 1.799609 -0.970952
v 0.094314 1.449266 -0.991346
v 0.093962 1.497763 -0.997682
v 0.094156 1.546339 -0.999915
v 0.094174 1.594920 -0.999952
v 0.092997 1.643656 -0.999012
v 0.094216 1.692074 -1.000000
v 0.094251 1.739650 -1.000000
v 0.094331 1.785389 -1.000000
v 0.112185 1.449177 -0.972071
v 0.111404 1.497783 -0.970333
v 0.108678 1.546537 -0.966943
v 0.108041 1.595351 -0.967080
v 0.101456 1.644675 -0.968426
v 0.112185 1.692074 -0.972071
v 0.112204 1.738610 -0.970952
v 0.111904 1.798605 -0.988757
v 0.108031 1.449177 -0.999915
v 0.105424 1.497838 -0.993521
v 0.100889 1.546751 -0.989464
v 0.102133 1.595525 -0.992578
v 0.100776 1.644375 -0.995084
v 0.108034 1.692074 -1.000000
v 0.107946 1.739918 -1.000000
v 0.105905 1.778569 -1.000000
v 0.007273 1.806632 -0.846325
v 0.007273 1.801494 -0.937498
v 0.021819 1.806632 -0.846325
v 0.021577 1.785679 -0.934433
v 0.036020 1.795868 -0.846088
v 0.036366 1.801494 -0.937498
v 0.050912 1.806632 -0.846325
v 0.050912 1.801494 -0.937498
v 0.065458 1.806632 -0.846325
v 0.065458 1.801494 -0.937498
v 0.080005 1.806632 -0.846325
v 0.080005 1.801494 -0.937498
v 0.094479 1.806642 -0.846151
v 0.094193 1.801637 -0.934965
v 0.108692 1.806624 -0.846472
v 0.107998 1.802878 -0.912942
v 0.112643 1.449035 -0.156495
v 0.125929 1.497756 -0.157587
v 0.125929 1.546336 -0.157587
v 0.125929 1.594915 -0.157587
v 0.125013 1.643401 -0.157833
v 0.116925 1.691736 -0.160213
v 0.125929 1.740654 -0.157587
v 0.125967 1.786495 -0.155390
v 0.111639 1.449411 -0.247400
v 0.124428 1.497756 -0.246543
v 0.117705 1.546335 -0.245762
v 0.124428 1.594915 -0.246543
v 0.110155 1.641891 -0.246524
v 0.122695 1.691889 -0.246556
v 0.124428 1.740654 -0.246543
v 0.124427 1.786137 -0.246598
v 0.109473 1.447944 -0.345187
v 0.117982 1.497393 -0.346355
v 0.122741 1.546336 -0.346543
v 0.122537 1.594926 -0.346570
v 0.107784 1.644307 -0.348657
v 0.114303 1.694761 -0.347115
v 0.122739 1.740653 -0.346542
v 0.122737 1.786286 -0.346779
v 0.107809 1.447626 -0.447221
v 0.114638 1.497925 -0.446324
v 0.121053 1.546336 -0.446543
v 0.121053 1.594915 -0.446543
v 0.121037 1.643495 -0.446545
v 0.119297 1.692356 -0.446377
v 0.109760 1.740199 -0.443195
v 0.120943 1.786591 -0.446779
v 0.106215 1.448423 -0.548313
v 0.116089 1.497874 -0.546522
v 0.119366 1.546336 -0.546543
v 0.119366 1.594915 -0.546543
v 0.119366 1.643495 -0.546543
v 0.119366 1.692074 -0.546543
v 0.093741 1.740466 -0.538350
v 0.109577 1.789901 -0.544957
v 0.104681 1.449582 -0.648261
v 0.117676 1.497756 -0.646683
v 0.117676 1.546336 -0.646683
v 0.117676 1.594915 -0.646683
v 0.117676 1.643494 -0.646683
v 0.096719 1.689047 -0.638688
v 0.106203 1.740092 -0.644825
v 0.115680 1.787212 -0.646647
v 0.112211 1.449646 -0.746921
v 0.115987 1.497756 -0.746761
v 0.115987 1.546336 -0.746761
v 0.115986 1.594915 -0.746761
v 0.093480 1.640291 -0.740855
v 0.106955 1.692149 -0.746692
v 0.115561 1.740559 -0.746610
v 0.115988 1.787539 -0.746753
v 0.114069 1.449095 -0.047520
v 0.127812 1.497756 -0.046012
v 0.127812 1.546336 -0.046012
v 0.121175 1.594423 -0.045739
v 0.127812 1.643495 -0.046012
v 0.113178 1.693548 -0.048832
v 0.127812 1.740654 -0.046012
v 0.127812 1.788979 -0.046041
v 0.111622 1.449167 -0.106077
v 0.126779 1.497756 -0.107217
v 0.126779 1.546336 -0.107217
v 0.122394 1.595129 -0.107538
v 0.126394 1.643460 -0.107328
v 0.108972 1.693470 -0.112307
v 0.126779 1.740654 -0.107217
v 0.126818 1.787935 -0.104906
v 0.127197 1.849680 -0.082462
v 0.121661 1.852015 -0.041015
v 0.126100 1.846014 -0.147500
v 0.116384 1.847886 -0.097318
v 0.124338 1.840132 -0.251884
v 0.122667 1.834551 -0.350905
v 0.120993 1.828961 -0.450111
v 0.119319 1.823372 -0.549287
v 0.117644 1.817785 -0.648413
v 0.115978 1.812212 -0.747313
v 0.127897 1.831192 -0.041015
v 0.128454 1.853875 -0.008007
v 0.126942 1.813386 -0.097567
v 0.114307 1.449177 -0.846325
v 0.114307 1.497756 -0.846325
v 0.114307 1.546336 -0.846325
v 0.114285 1.594915 -0.846327
v 0.100719 1.643103 -0.847164
v 0.114230 1.692066 -0.846319
v 0.114310 1.740413 -0.846151
v 0.114305 1.787878 -0.846472
v 0.112769 1.449177 -0.937498
v 0.112624 1.497761 -0.937185
v 0.111800 1.546390 -0.936112
v 0.111297 1.595074 -0.935934
v 0.102121 1.644805 -0.936203
v 0.112769 1.692074 -0.937498
v 0.112812 1.739459 -0.934966
v 0.113183 1.785560 -0.912942
v 0.114314 1.806653 -0.845949
v 0.113513 1.803979 -0.893396
v -0.129029 -1.000000 0.146940
v -0.129029 -0.947959 0.146940
v -0.129029 -0.850000 0.146940
v -0.129029 -1.000000 0.139293
v -0.129029 -0.947056 0.139161
v -0.129029 -0.850000 0.139091
v -0.129029 -1.000000 0.124899
v -0.129029 -0.946583 0.124899
v -0.129029 -0.850000 0.124899
v -0.122314 -1.000000 0.146940
v -0.122198 -0.947056 0.146940
v -0.122137 -0.850000 0.146940
v -0.122198 -1.000000 0.139161
v -0.122137 -1.000000 0.124899
v -0.109675 -1.000000 0.146940
v -0.109675 -0.946583 0.146940
v -0.109675 -0.850000 0.146940
v -0.109675 -1.000000 0.139091
v -0.109675 -1.000000 0.124899
v -0.129029 -0.750000 0.146940
v -0.129029 -0.650000 0.146940
v -0.129029 -0.550000 0.146940
v -0.129029 -0.450000 0.146940
v -0.128788 -0.349977 0.146771
v -0.126041 -0.249763 0.145704
v -0.129029 -0.150000 0.146940
v -0.129029 -0.050000 0.146940
v -0.129029 -0.750000 0.139091
v -0.129029 -0.650000 0.139091
v -0.129029 -0.550000 0.139091
v -0.129029 -0.450000 0.139091
v -0.128829 -0.349989 0.139101
v -0.122222 -0.249679 0.139829
v -0.129029 -0.150000 0.139091
v -0.129029 -0.050000 0.139091
v -0.129003 -0.750000 0.124899
v -0.124366 -0.650021 0.124836
v -0.129028 -0.550000 0.124899
v -0.129029 -0.450000 0.124899
v -0.129017 -0.350000 0.124901
v -0.121288 -0.249868 0.125421
v -0.129029 -0.150000 0.124899
v -0.129029 -0.050000 0.124899
v -0.122137 -0.750000 0.146940
v -0.122137 -0.650000 0.146940
v -0.122137 -0.550000 0.146940
v -0.122137 -0.450000 0.146940
v -0.122035 -0.349992 0.146904
v -0.120538 -0.249892 0.146735
v -0.122137 -0.150000 0.146940
v -0.122137 -0.050000 0.146940
v -0.109675 -0.750000 0.146940
v -0.109675 -0.650000 0.146940
v -0.109675 -0.550000 0.146940
v -0.109675 -0.450000 0.146940
v -0.109675 -0.350000 0.146940
v -0.109675 -0.250000 0.146940
v -0.109675 -0.150000 0.146940
v -0.109675 -0.050000 0.146940
v -0.129029 -1.000000 0.110205
v -0.129029 -0.946583 0.110205
v -0.129029 -0.850000 0.110205
v -0.129029 -1.000000 0.095511
v -0.129025 -0.946582 0.095513
v -0.128992 -0.849985 0.095531
v -0.128761 -0.999905 0.080947
v -0.127258 -0.945938 0.081706
v -0.125033 -0.848440 0.082874
v -0.123877 -0.997201 0.066926
v -0.116074 -0.940980 0.069885
v -0.114292 -0.844763 0.072419
v -0.111723 -0.987100 0.051528
v -0.106192 -0.930429 0.052628
v -0.120737 -0.845901 0.053153
v -0.126449 -0.997491 0.036644
v -0.125646 -0.943337 0.036649
v -0.128350 -0.849440 0.036753
v -0.129027 -0.999998 0.022041
v -0.129025 -0.946579 0.022041
v -0.129029 -0.850000 0.022041
v -0.129029 -1.000000 0.007347
v -0.129029 -0.946583 0.007347
v -0.129029 -0.850000 0.007347
v -0.122137 -1.000000 0.110205
v -0.122137 -1.000000 0.095511
v -0.121517 -0.999770 0.081134
v -0.115228 -0.995788 0.067388
v -0.099623 -0.978074 0.051133
v -0.117522 -0.994944 0.036514
v -0.122123 -0.999983 0.022040
v -0.122137 -1.000000 0.007347
v -0.109675 -1.000000 0.110205
v -0.109675 -1.000000 0.095511
v -0.109435 -0.999902 0.080943
v -0.107517 -0.998405 0.066452
v -0.100836 -0.991012 0.051131
v -0.107318 -0.997447 0.036611
v -0.109671 -0.999997 0.022041
v -0.109675 -1.000000 0.007347
v -0.129025 -0.750000 0.110205
v -0.120138 -0.650243 0.109438
v -0.128980 -0.550002 0.110200
v -0.128535 -0.449932 0.110336
v -0.129015 -0.349998 0.110209
v -0.120223 -0.250175 0.110764
v -0.128598 -0.150005 0.110220
v -0.129029 -0.050000 0.110205
v -0.129029 -0.750000 0.095511
v -0.122405 -0.650399 0.094297
v -0.128013 -0.550061 0.095311
v -0.119983 -0.448548 0.097667
v -0.128966 -0.349991 0.095528
v -0.127142 -0.250000 0.095512
v -0.126929 -0.149998 0.095516
v -0.129029 -0.050000 0.095511
v -0.128609 -0.749822 0.081034
v -0.127248 -0.649855 0.080569
v -0.118751 -0.548780 0.079591
v -0.122426 -0.447892 0.082027
v -0.129029 -0.350000 0.080817
v -0.128682 -0.249977 0.080890
v -0.123924 -0.149669 0.081884
v -0.129029 -0.050000 0.080817
v -0.127966 -0.749601 0.066640
v -0.129005 -0.649997 0.066120
v -0.118714 -0.549995 0.063647
v -0.127142 -0.449647 0.065798
v -0.129029 -0.350000 0.066123
v -0.129023 -0.250001 0.066124
v -0.120468 -0.150814 0.067799
v -0.128830 -0.050001 0.066124
v -0.128826 -0.749934 0.051496
v -0.129029 -0.650000 0.051429
v -0.129028 -0.550000 0.051429
v -0.129029 -0.450000 0.051429
v -0.129029 -0.350000 0.051429
v -0.129029 -0.250000 0.051429
v -0.122744 -0.150570 0.051369
v -0.121336 -0.050054 0.051400
v -0.129029 -0.750000 0.036735
v -0.129029 -0.650000 0.036735
v -0.129029 -0.550000 0.036735
v -0.129029 -0.450000 0.036735
v -0.129029 -0.350000 0.036735
v -0.129029 -0.250000 0.036735
v -0.129029 -0.150000 0.036735
v -0.129029 -0.050000 0.036735
v -0.129029 -0.750000 0.022041
v -0.129029 -0.650000 0.022041
v -0.129029 -0.550000 0.022041
v -0.129029 -0.450000 0.022041
v -0.129029 -0.350000 0.022041
v -0.129029 -0.250000 0.022041
v -0.129029 -0.150000 0.022041
v -0.129029 -0.050000 0.022041
v -0.129029 -0.750000 0.007347
v -0.129029 -0.650000 0.007347
v -0.129029 -0.550000 0.007347
v -0.129029 -0.450000 0.007347
v -0.129029 -0.350000 0.007347
v -0.129029 -0.250000 0.007347
v -0.129029 -0.150000 0.007347
v -0.128940 -0.050000 0.007347
v -0.096772 -1.000000 0.146940
v -0.096772 -0.946583 0.146940
v -0.096772 -0.850000 0.146940
v -0.096772 -1.000000 0.139091
v -0.096772 -1.000000 0.124899
v -0.083869 -1.000000 0.146940
v -0.083869 -0.946583 0.146940
v -0.083869 -0.850000 0.146940
v -0.083869 -1.000000 0.139091
v -0.083869 -1.000000 0.124899
v -0.070966 -1.000000 0.146940
v -0.070966 -0.946583 0.146931
v -0.071059 -0.849825 0.145197
v -0.070966 -1.000000 0.139091
v -0.070966 -1.000000 0.124899
v -0.058063 -1.000000 0.146937
v -0.058092 -0.946569 0.145850
v -0.058997 -0.848455 0.124716
v -0.058063 -1.000000 0.139090
v -0.058063 -1.000000 0.124899
v -0.045160 -1.000000 0.146940
v -0.045161 -0.946583 0.146598
v -0.045175 -0.849991 0.143816
v -0.045160 -1.000000 0.139091
v -0.045160 -1.000000 0.124899
v -0.032257 -1.000000 0.146940
v -0.032257 -0.946583 0.146940
v -0.032257 -0.850000 0.146940
v -0.032257 -1.000000 0.139091
v -0.032257 -1.000000 0.124899
v -0.019354 -1.000000 0.146940
v -0.019354 -0.946583 0.146940
v -0.019354 -0.850000 0.146940
v -0.019354 -1.000000 0.139091
v -0.019354 -1.000000 0.124899
v -0.006451 -1.000000 0.146940
v -0.006451 -0.946583 0.146940
v -0.006451 -0.850000 0.146940
v -0.006451 -1.000000 0.139091
v -0.006451 -1.000000 0.124899
v -0.096772 -0.750000 0.146940
v -0.096772 -0.650000 0.146940
v -0.096772 -0.550000 0.146940
v -0.096772 -0.450000 0.146940
v -0.096772 -0.350000 0.146940
v -0.096772 -0.250000 0.146940
v -0.096772 -0.150000 0.146940
v -0.096772 -0.050000 0.146940
v -0.083869 -0.750000 0.146940
v -0.083869 -0.650000 0.146940
v -0.083869 -0.550000 0.146940
v -0.083869 -0.450000 0.146940
v -0.083869 -0.350000 0.146940
v -0.083869 -0.250000 0.146940
v -0.083869 -0.150000 0.146940
v -0.083869 -0.050000 0.146940
v -0.071222 -0.748677 0.143208
v -0.071200 -0.648093 0.141662
v -0.071393 -0.547627 0.139706
v -0.071243 -0.447376 0.139986
v -0.070989 -0.349305 0.145151
v -0.070967 -0.249977 0.146883
v -0.071038 -0.150010 0.146628
v -0.070976 -0.050001 0.146895
v -0.059504 -0.742894 0.125808
v -0.059029 -0.642465 0.125624
v -0.059184 -0.543224 0.126107
v -0.058572 -0.442691 0.127400
v -0.058231 -0.343664 0.130344
v -0.058147 -0.249667 0.145787
v -0.060438 -0.150644 0.136597
v -0.058467 -0.050147 0.145172
v -0.045164 -0.749980 0.146856
v -0.045162 -0.649989 0.146908
v -0.045161 -0.549995 0.146925
v -0.045160 -0.449992 0.146917
v -0.045162 -0.349955 0.146818
v -0.045204 -0.250043 0.146742
v -0.047912 -0.152830 0.134570
v -0.046880 -0.052369 0.138813
v -0.032257 -0.750000 0.146940
v -0.032257 -0.650000 0.146940
v -0.032257 -0.550000 0.146940
v -0.032257 -0.450000 0.146940
v -0.032257 -0.350000 0.146940
v -0.032258 -0.250001 0.146937
v -0.033038 -0.151215 0.143089
v -0.034270 -0.057822 0.128752
v -0.019354 -0.750000 0.146940
v -0.019354 -0.650000 0.146940
v -0.019354 -0.550000 0.146940
v -0.019354 -0.450000 0.146940
v -0.019354 -0.350000 0.146940
v -0.019354 -0.250000 0.146940
v -0.019359 -0.150035 0.146852
v -0.019543 -0.052855 0.140223
v -0.006451 -0.750000 0.146940
v -0.006451 -0.650000 0.146940
v -0.006451 -0.550000 0.146940
v -0.006451 -0.450000 0.146940
v -0.006451 -0.350000 0.146940
v -0.006451 -0.250000 0.146940
v -0.006451 -0.150000 0.146940
v -0.006451 -0.050002 0.146934
v -0.096772 -1.000000 0.110205
v -0.096772 -1.000000 0.095511
v -0.096772 -1.000000 0.080817
v -0.096761 -0.999991 0.066123
v -0.096563 -0.999808 0.051421
v -0.096741 -0.999973 0.036734
v -0.096772 -1.000000 0.022041
v -0.096772 -1.000000 0.007347
v -0.083869 -1.000000 0.110205
v -0.083869 -1.000000 0.095511
v -0.083869 -1.000000 0.080817
v -0.083869 -1.000000 0.066123
v -0.083869 -1.000000 0.051429
v -0.083869 -1.000000 0.036735
v -0.083869 -1.000000 0.022041
v -0.083869 -1.000000 0.007347
v -0.070966 -1.000000 0.110205
v -0.070966 -1.000000 0.095511
v -0.070966 -1.000000 0.080817
v -0.070966 -1.000000 0.066123
v -0.070966 -1.000000 0.051429
v -0.070966 -1.000000 0.036735
v -0.070966 -1.000000 0.022041
v -0.070966 -1.000000 0.007347
v -0.058063 -1.000000 0.110205
v -0.058063 -1.000000 0.095511
v -0.058063 -1.000000 0.080817
v -0.058063 -1.000000 0.066123
v -0.058063 -1.000000 0.051429
v -0.058063 -1.000000 0.036735
v -0.058063 -1.000000 0.022041
v -0.058063 -1.000000 0.007347
v -0.045160 -1.000000 0.110205
v -0.045160 -1.000000 0.095511
v -0.045160 -1.000000 0.080817
v -0.045160 -1.000000 0.066123
v -0.045160 -1.000000 0.051429
v -0.045160 -1.000000 0.036735
v -0.045160 -1.000000 0.022041
v -0.045160 -1.000000 0.007347
v -0.032257 -1.000000 0.110205
v -0.032257 -1.000000 0.095511
v -0.032257 -1.000000 0.080817
v -0.032257 -1.000000 0.066123
v -0.032257 -1.000000 0.051429
v -0.032257 -1.000000 0.036735
v -0.032257 -1.000000 0.022041
v -0.032257 -1.000000 0.007347
v -0.019354 -1.000000 0.110205
v -0.019354 -1.000000 0.095511
v -0.019354 -1.000000 0.080817
v -0.019354 -1.000000 0.066123
v -0.019354 -1.000000 0.051429
v -0.019354 -1.000000 0.036735
v -0.019354 -1.000000 0.022041
v -0.019354 -1.000000 0.007347
v -0.006451 -1.000000 0.110205
v -0.006451 -1.000000 0.095511
v -0.006451 -1.000000 0.080817
v -0.006451 -1.000000 0.066123
v -0.006451 -1.000000 0.051429
v -0.006451 -1.000000 0.036735
v -0.006451 -1.000000 0.022041
v -0.006451 -1.000000 0.007347
v -0.129029 0.050000 0.146940
v -0.129029 0.150000 0.146940
v -0.129029 0.250000 0.146940
v -0.129029 0.350000 0.146940
v -0.129029 0.450000 0.146940
v -0.129029 0.550000 0.146940
v -0.129029 0.650000 0.146940
v -0.129029 0.750000 0.146940
v -0.129029 0.050000 0.139091
v -0.129029 0.150000 0.139091
v -0.129029 0.250000 0.139091
v -0.129029 0.350000 0.139091
v -0.129029 0.450000 0.139091
v -0.129029 0.550000 0.139091
v -0.129029 0.650000 0.139091
v -0.129029 0.750000 0.139091
v -0.129029 0.050000 0.124899
v -0.129029 0.150000 0.124899
v -0.129029 0.250000 0.124899
v -0.129029 0.350000 0.124899
v -0.129029 0.450000 0.124899
v -0.129029 0.550000 0.124899
v -0.129029 0.650000 0.124899
v -0.129029 0.750000 0.124899
v -0.122137 0.050000 0.146940
v -0.122137 0.150000 0.146940
v -0.122137 0.250000 0.146940
v -0.122137 0.350000 0.146940
v -0.122137 0.450000 0.146940
v -0.122137 0.550000 0.146940
v -0.122137 0.650000 0.146940
v -0.122137 0.750000 0.146940
v -0.109675 0.050000 0.146940
v -0.109675 0.150000 0.146940
v -0.109675 0.250000 0.146940
v -0.109675 0.350000 0.146940
v -0.109675 0.450000 0.146940
v -0.109675 0.550000 0.146940
v -0.109675 0.650000 0.146940
v -0.109675 0.750000 0.146940
v -0.129029 0.850000 0.146940
v -0.129029 0.947959 0.146940
v -0.129029 1.000000 0.146940
v -0.129029 0.850000 0.139091
v -0.129029 0.947056 0.139160
v -0.129029 1.000000 0.139293
v -0.129029 0.850000 0.124899
v -0.129029 0.946583 0.124899
v -0.129029 1.000000 0.124899
v -0.122137 0.850000 0.146940
v -0.122198 0.947056 0.146940
v -0.122314 1.000000 0.146940
v -0.122198 1.000000 0.139160
v -0.122137 1.000000 0.124899
v -0.109675 0.850000 0.146940
v -0.109675 0.946584 0.146940
v -0.109675 1.000000 0.146940
v -0.109675 1.000000 0.139091
v -0.109675 1.000000 0.124899
v -0.129029 0.050000 0.110205
v -0.129029 0.150000 0.110205
v -0.129029 0.250000 0.110205
v -0.129029 0.350000 0.110205
v -0.129029 0.450000 0.110205
v -0.128990 0.550000 0.110205
v -0.127741 0.650000 0.110205
v -0.129029 0.750000 0.110205
v -0.129029 0.050000 0.095511
v -0.129029 0.150000 0.095511
v -0.129029 0.250000 0.095511
v -0.129029 0.350000 0.095511
v -0.129029 0.450000 0.095511
v -0.128918 0.549999 0.095507
v -0.125370 0.649960 0.095379
v -0.129029 0.750000 0.095511
v -0.129029 0.050000 0.080817
v -0.129029 0.150000 0.080817
v -0.129029 0.250000 0.080817
v -0.129029 0.350000 0.080817
v -0.129029 0.450000 0.080817
v -0.128924 0.549998 0.080809
v -0.124373 0.649888 0.080443
v -0.129029 0.750000 0.080817
v -0.129029 0.050000 0.066123
v -0.129029 0.150000 0.066123
v -0.125884 0.250344 0.066775
v -0.125606 0.350488 0.066541
v -0.129029 0.450000 0.066123
v -0.129006 0.549999 0.066121
v -0.123175 0.649826 0.065559
v -0.129029 0.750000 0.066123
v -0.129029 0.050000 0.051429
v -0.124998 0.150103 0.051502
v -0.117883 0.251471 0.052503
v -0.128608 0.350061 0.051479
v -0.129029 0.450000 0.051429
v -0.129027 0.550000 0.051429
v -0.122478 0.649706 0.050530
v -0.129029 0.750000 0.051429
v -0.128974 0.050006 0.036740
v -0.119154 0.150626 0.037759
v -0.128958 0.250003 0.036742
v -0.129029 0.350000 0.036735
v -0.129029 0.450000 0.036735
v -0.129029 0.550000 0.036735
v -0.121353 0.649635 0.035596
v -0.128331 0.750055 0.036743
v -0.123788 0.050090 0.022095
v -0.123947 0.150490 0.022364
v -0.129029 0.250000 0.022041
v -0.129029 0.350000 0.022041
v -0.129029 0.450000 0.022041
v -0.129029 0.550000 0.022041
v -0.128684 0.650013 0.021991
v -0.118662 0.751327 0.020730
v -0.120156 0.050367 0.007913
v -0.129023 0.150000 0.007348
v -0.129029 0.250000 0.007347
v -0.129029 0.350000 0.007347
v -0.129029 0.450000 0.007347
v -0.128858 0.549999 0.007346
v -0.128223 0.649993 0.007339
v -0.129029 0.750000 0.007347
v -0.129029 0.850000 0.110205
v -0.129029 0.946583 0.110205
v -0.129029 1.000000 0.110205
v -0.129029 0.850000 0.095511
v -0.129029 0.946583 0.095511
v -0.129029 1.000000 0.095511
v -0.129029 0.850000 0.080817
v -0.129029 0.946583 0.080817
v -0.129029 1.000000 0.080817
v -0.129029 0.850000 0.066123
v -0.129029 0.946583 0.066123
v -0.129029 1.000000 0.066123
v -0.129029 0.850000 0.051429
v -0.129029 0.946583 0.051429
v -0.129029 1.000000 0.051429
v -0.118246 0.851015 0.037693
v -0.128964 0.946590 0.036742
v -0.129029 1.000000 0.036735
v -0.128768 0.850025 0.022045
v -0.129029 0.946583 0.022041
v -0.129029 1.000000 0.022041
v -0.129029 0.850000 0.007347
v -0.129029 0.946583 0.007347
v -0.129029 1.000000 0.007347
v -0.122137 1.000000 0.110205
v -0.122137 1.000000 0.095511
v -0.122137 1.000000 0.080817
v -0.122137 1.000000 0.066123
v -0.122137 1.000000 0.051429
v -0.122137 1.000000 0.036735
v -0.122137 1.000000 0.022041
v -0.122137 1.000000 0.007347
v -0.109675 1.000000 0.110205
v -0.109675 1.000000 0.095511
v -0.109675 1.000000 0.080817
v -0.109675 1.000000 0.066123
v -0.109675 1.000000 0.051429
v -0.109675 1.000000 0.036735
v -0.109675 1.000000 0.022041
v -0.109675 1.000000 0.007347
v -0.096772 0.050000 0.146940
v -0.096772 0.150000 0.146940
v -0.096772 0.250000 0.146940
v -0.096772 0.350000 0.146940
v -0.096772 0.450000 0.146940
v -0.096772 0.550000 0.146940
v -0.096772 0.650000 0.146940
v -0.096772 0.750000 0.146940
v -0.083869 0.050000 0.146940
v -0.083869 0.150000 0.146940
v -0.083869 0.250000 0.146940
v -0.083869 0.350000 0.146940
v -0.083869 0.450000 0.146940
v -0.083869 0.550000 0.146940
v -0.084069 0.650172 0.139343
v -0.083936 0.750454 0.142242
v -0.070966 0.050000 0.146940
v -0.070966 0.150000 0.146940
v -0.070966 0.250000 0.146940
v -0.070966 0.350000 0.146940
v -0.070966 0.449999 0.146934
v -0.070966 0.550000 0.146940
v -0.071000 0.650044 0.144990
v -0.070026 0.750832 0.138181
v -0.058063 0.050000 0.146940
v -0.058063 0.150000 0.146940
v -0.058063 0.250000 0.146939
v -0.057898 0.349565 0.145335
v -0.057904 0.448780 0.136533
v -0.058042 0.549791 0.142938
v -0.058063 0.650000 0.146936
v -0.058061 0.750002 0.146923
v -0.045174 0.049944 0.146820
v -0.045172 0.149954 0.146819
v -0.045024 0.249744 0.146120
v -0.042887 0.345048 0.131021
v -0.044177 0.446644 0.123211
v -0.045099 0.549632 0.136427
v -0.045160 0.650000 0.146689
v -0.045160 0.750000 0.146940
v -0.033530 0.041368 0.128897
v -0.033558 0.143560 0.129501
v -0.030074 0.242132 0.123673
v -0.027792 0.344550 0.124877
v -0.032027 0.449636 0.145446
v -0.032256 0.549997 0.146749
v -0.032257 0.650000 0.146940
v -0.032257 0.750000 0.146940
v -0.020255 0.041829 0.128513
v -0.021070 0.142216 0.120740
v -0.018540 0.246281 0.135664
v -0.018650 0.348787 0.142575
v -0.019353 0.449999 0.146932
v -0.019354 0.550000 0.146940
v -0.019354 0.650000 0.146940
v -0.019354 0.750000 0.146940
v -0.006452 0.049996 0.146921
v -0.006070 0.149535 0.141822
v -0.006623 0.249823 0.144195
v -0.006451 0.350000 0.146939
v -0.006450 0.449996 0.146865
v -0.006451 0.550000 0.146932
v -0.006451 0.650000 0.146940
v -0.006451 0.750000 0.146940
v -0.096772 0.850000 0.146940
v -0.096772 0.946584 0.146940
v -0.096772 1.000000 0.146940
v -0.096772 1.000000 0.139091
v -0.096772 1.000000 0.124899
v -0.083869 0.850000 0.146940
v -0.083869 0.946584 0.146940
v -0.083869 1.000000 0.146940
v -0.083869 1.000000 0.139091
v -0.083869 1.000000 0.124899
v -0.070966 0.850000 0.146940
v -0.070966 0.946584 0.146940
v -0.070966 1.000000 0.146940
v -0.070966 1.000000 0.139091
v -0.070966 1.000000 0.124899
v -0.058063 0.850000 0.146940
v -0.058063 0.946584 0.146940
v -0.058063 1.000000 0.146940
v -0.058063 1.000000 0.139091
v -0.058063 1.000000 0.124899
v -0.045160 0.850000 0.146940
v -0.045160 0.946584 0.146940
v -0.045160 1.000000 0.146940
v -0.045160 1.000000 0.139091
v -0.045160 1.000000 0.124899
v -0.032257 0.850000 0.146940
v -0.032257 0.946584 0.146940
v -0.032257 1.000000 0.146940
v -0.032257 1.000000 0.139091
v -0.032257 1.000000 0.124899
v -0.019354 0.850000 0.146940
v -0.019354 0.946584 0.146940
v -0.019354 1.000000 0.146940
v -0.019354 1.000000 0.139091
v -0.019354 1.000000 0.124899
v -0.006451 0.850000 0.146940
v -0.006451 0.946584 0.146940
v -0.006451 1.000000 0.146940
v -0.006451 1.000000 0.139091
v -0.006451 1.000000 0.124899
v -0.096772 1.000000 0.110205
v -0.096772 1.000000 0.095511
v -0.096772 1.000000 0.080817
v -0.096772 1.000000 0.066123
v -0.096772 1.000000 0.051429
v -0.096772 1.000000 0.036735
v -0.096772 1.000000 0.022041
v -0.096772 1.000000 0.007347
v -0.083869 1.000000 0.110205
v -0.083869 1.000000 0.095511
v -0.083869 1.000000 0.080817
v -0.083869 1.000000 0.066123
v -0.083869 1.000000 0.051429
v -0.083869 1.000000 0.036735
v -0.083869 1.000000 0.022041
v -0.083869 1.000000 0.007347
v -0.070966 1.000000 0.110205
v -0.070966 1.000000 0.095511
v -0.070966 1.000000 0.080817
v -0.070966 1.000000 0.066123
v -0.070966 1.000000 0.051429
v -0.070966 1.000000 0.036735
v -0.070966 1.000000 0.022041
v -0.070966 1.000000 0.007347
v -0.058063 1.000000 0.110205
v -0.058063 1.000000 0.095511
v -0.058063 1.000000 0.080817
v -0.058063 1.000000 0.066123
v -0.058063 1.000000 0.051429
v -0.058063 1.000000 0.036735
v -0.058063 1.000000 0.022041
v -0.058063 1.000000 0.007347
v -0.045160 1.000000 0.110205
v -0.045160 1.000000 0.095511
v -0.045160 1.000000 0.080817
v -0.045160 1.000000 0.066123
v -0.045160 1.000000 0.051429
v -0.045160 1.000000 0.036735
v -0.045160 1.000000 0.022041
v -0.045160 1.000000 0.007347
v -0.032257 1.000000 0.110205
v -0.032257 1.000000 0.095511
v -0.032257 1.000000 0.080817
v -0.032257 1.000000 0.066123
v -0.032257 1.000000 0.051429
v -0.032257 1.000000 0.036735
v -0.032257 1.000000 0.022041
v -0.032257 1.000000 0.007347
v -0.019354 1.000000 0.110205
v -0.019354 1.000000 0.095511
v -0.019354 1.000000 0.080817
v -0.019354 1.000000 0.066123
v -0.019354 1.000000 0.051429
v -0.019354 1.000000 0.036735
v -0.019354 1.000000 0.022041
v -0.019354 1.000000 0.007347
v -0.006451 1.000000 0.110205
v -0.006451 1.000000 0.095511
v -0.006451 1.000000 0.080817
v -0.006451 1.000000 0.066123
v -0.006451 1.000000 0.051429
v -0.006451 1.000000 0.036735
v -0.006451 1.000000 0.022041
v -0.006451 1.000000 0.007347
v -0.129029 -1.000000 -0.007347
v -0.129029 -0.946583 -0.007347
v -0.129029 -0.850000 -0.007347
v -0.129029 -1.000000 -0.022041
v -0.129029 -0.946583 -0.022041
v -0.129029 -0.850000 -0.022041
v -0.129029 -1.000000 -0.036735
v -0.129029 -0.946583 -0.036735
v -0.129029 -0.850000 -0.036735
v -0.129029 -1.000000 -0.051429
v -0.129029 -0.946583 -0.051429
v -0.129029 -0.850000 -0.051429
v -0.129029 -1.000000 -0.066123
v -0.129029 -0.946583 -0.066123
v -0.129029 -0.850000 -0.066123
v -0.129029 -1.000000 -0.080817
v -0.129029 -0.946583 -0.080817
v -0.129029 -0.850000 -0.080817
v -0.129029 -1.000000 -0.095511
v -0.129029 -0.946583 -0.095511
v -0.129029 -0.850000 -0.095511
v -0.128268 -0.999961 -0.110290
v -0.127445 -0.946713 -0.110238
v -0.128017 -0.850110 -0.110141
v -0.122137 -1.000000 -0.007347
v -0.122137 -1.000000 -0.022041
v -0.122137 -1.000000 -0.036735
v -0.122137 -1.000000 -0.051429
v -0.122137 -1.000000 -0.066123
v -0.122137 -1.000000 -0.080817
v -0.122137 -1.000000 -0.095511
v -0.120150 -0.999931 -0.110474
v -0.109675 -1.000000 -0.007347
v -0.109675 -1.000000 -0.022041
v -0.109675 -1.000000 -0.036735
v -0.109675 -1.000000 -0.051429
v -0.109675 -1.000000 -0.066123
v -0.109675 -1.000000 -0.080817
v -0.109675 -1.000000 -0.095511
v -0.108675 -0.999985 -0.110363
v -0.129029 -0.750000 -0.007347
v -0.129029 -0.650000 -0.007347
v -0.129029 -0.550000 -0.007347
v -0.129029 -0.450000 -0.007347
v -0.129029 -0.350000 -0.007347
v -0.129029 -0.250000 -0.007347
v -0.129029 -0.150000 -0.007347
v -0.120609 -0.049360 -0.005687
v -0.129029 -0.750000 -0.022041
v -0.129029 -0.650000 -0.022041
v -0.129029 -0.550000 -0.022041
v -0.129029 -0.450000 -0.022041
v -0.129029 -0.350000 -0.022041
v -0.129029 -0.250000 -0.022041
v -0.127224 -0.149961 -0.021921
v -0.118995 -0.049798 -0.021785
v -0.129029 -0.750000 -0.036735
v -0.129029 -0.650000 -0.036735
v -0.129029 -0.550000 -0.036735
v -0.129029 -0.450000 -0.036735
v -0.129029 -0.350000 -0.036735
v -0.129029 -0.250000 -0.036735
v -0.120242 -0.149331 -0.034820
v -0.128822 -0.049987 -0.036694
v -0.129029 -0.750000 -0.051429
v -0.129029 -0.650000 -0.051429
v -0.129029 -0.550000 -0.051429
v -0.129029 -0.450000 -0.051429
v -0.129029 -0.350000 -0.051429
v -0.128125 -0.249984 -0.051414
v -0.119828 -0.149538 -0.050978
v -0.129029 -0.050000 -0.051429
v -0.129029 -0.750000 -0.066123
v -0.129029 -0.650000 -0.066123
v -0.129029 -0.550000 -0.066123
v -0.129029 -0.450000 -0.066123
v -0.129029 -0.350000 -0.066123
v -0.122240 -0.250000 -0.066103
v -0.128614 -0.150000 -0.066121
v -0.129029 -0.050000 -0.066123
v -0.129029 -0.750000 -0.080817
v -0.129029 -0.650000 -0.080817
v -0.129029 -0.550000 -0.080817
v -0.129029 -0.450000 -0.080817
v -0.129029 -0.350000 -0.080817
v -0.128743 -0.250000 -0.080816
v -0.129029 -0.150000 -0.080817
v -0.129029 -0.050000 -0.080817
v -0.129029 -0.750000 -0.095511
v -0.129029 -0.650000 -0.095511
v -0.129029 -0.550000 -0.095511
v -0.129029 -0.450000 -0.095511
v -0.129027 -0.350000 -0.095511
v -0.129029 -0.250000 -0.095511
v -0.129029 -0.150000 -0.095511
v -0.129029 -0.050000 -0.095511
v -0.129015 -0.750001 -0.110203
v -0.129029 -0.650000 -0.110205
v -0.128682 -0.550055 -0.110307
v -0.116644 -0.451670 -0.110738
v -0.122429 -0.350145 -0.110104
v -0.129029 -0.250000 -0.110205
v -0.129029 -0.150000 -0.110205
v -0.128289 -0.050040 -0.110307
v -0.116677 -0.999581 -0.126338
v -0.107799 -0.948227 -0.122420
v -0.113498 -0.851489 -0.124337
v -0.121294 -0.999722 -0.140246
v -0.114926 -0.947903 -0.139594
v -0.118255 -0.850812 -0.138853
v -0.127349 -0.999915 -0.147159
v -0.125798 -0.948140 -0.147114
v -0.126616 -0.850155 -0.146886
v -0.095641 -0.997857 -0.117482
v -0.110064 -0.996109 -0.127554
v -0.118298 -0.999879 -0.147537
v -0.116050 -0.947549 -0.147490
v -0.119394 -0.850367 -0.146931
v -0.098445 -0.999157 -0.116079
v -0.113027 -0.993130 -0.109507
v -0.108437 -0.999371 -0.145043
v -0.107839 -0.946761 -0.144078
v -0.109000 -0.850194 -0.146920
v -0.128356 -0.750031 -0.124866
v -0.122549 -0.651852 -0.125587
v -0.116392 -0.552417 -0.126740
v -0.124671 -0.450667 -0.125771
v -0.127920 -0.350026 -0.124302
v -0.129009 -0.250015 -0.124633
v -0.129029 -0.150000 -0.124899
v -0.121695 -0.050442 -0.125470
v -0.127083 -0.750305 -0.138504
v -0.117093 -0.652757 -0.141077
v -0.126379 -0.550558 -0.139439
v -0.129010 -0.450004 -0.139056
v -0.128569 -0.350264 -0.133355
v -0.129037 -0.250256 -0.134653
v -0.128751 -0.150026 -0.139013
v -0.119710 -0.050535 -0.140110
v -0.127441 -0.750298 -0.146026
v -0.125778 -0.650689 -0.146250
v -0.129028 -0.550000 -0.146940
v -0.129027 -0.450000 -0.146930
v -0.128887 -0.350154 -0.143631
v -0.129100 -0.250158 -0.144008
v -0.128845 -0.150022 -0.146823
v -0.127406 -0.050163 -0.146339
v -0.120934 -0.750241 -0.146567
v -0.117398 -0.651015 -0.147510
v -0.122126 -0.550002 -0.146941
v -0.122132 -0.450002 -0.146899
v -0.122218 -0.350538 -0.136776
v -0.123203 -0.250905 -0.134537
v -0.122042 -0.150023 -0.146803
v -0.120745 -0.050112 -0.146872
v -0.109675 -0.750000 -0.146940
v -0.109674 -0.650000 -0.146940
v -0.109675 -0.550000 -0.146940
v -0.109675 -0.450000 -0.146939
v -0.110221 -0.350408 -0.142708
v -0.113899 -0.253274 -0.126061
v -0.110264 -0.150520 -0.143815
v -0.109675 -0.050000 -0.146940
v -0.096772 -1.000000 -0.007347
v -0.096772 -1.000000 -0.022041
v -0.096772 -1.000000 -0.036735
v -0.096772 -1.000000 -0.051429
v -0.096772 -1.000000 -0.066123
v -0.096772 -1.000000 -0.080817
v -0.096772 -1.000000 -0.095511
v -0.096771 -1.000000 -0.110204
v -0.083869 -1.000000 -0.007347
v -0.083869 -1.000000 -0.022041
v -0.083869 -1.000000 -0.036735
v -0.083869 -1.000000 -0.051429
v -0.083869 -1.000000 -0.066123
v -0.083869 -1.000000 -0.080817
v -0.083869 -1.000000 -0.095511
v -0.083869 -1.000000 -0.110205
v -0.070966 -1.000000 -0.007347
v -0.070966 -1.000000 -0.022041
v -0.070966 -1.000000 -0.036735
v -0.070966 -1.000000 -0.051429
v -0.070966 -1.000000 -0.066123
v -0.070966 -1.000000 -0.080817
v -0.070966 -1.000000 -0.095511
v -0.070966 -1.000000 -0.110205
v -0.058063 -1.000000 -0.007347
v -0.058063 -1.000000 -0.022041
v -0.058063 -1.000000 -0.036735
v -0.058063 -1.000000 -0.051429
v -0.058063 -1.000000 -0.066123
v -0.058063 -1.000000 -0.080817
v -0.058063 -1.000000 -0.095511
v -0.058063 -1.000000 -0.110205
v -0.045160 -1.000000 -0.007347
v -0.045160 -1.000000 -0.022041
v -0.045160 -1.000000 -0.036735
v -0.045160 -1.000000 -0.051429
v -0.045160 -1.000000 -0.066123
v -0.045160 -1.000000 -0.080817
v -0.045160 -1.000000 -0.095511
v -0.045160 -1.000000 -0.110204
v -0.032257 -1.000000 -0.007347
v -0.032257 -1.000000 -0.022041
v -0.032257 -1.000000 -0.036735
v -0.032257 -1.000000 -0.051429
v -0.032257 -1.000000 -0.066123
v -0.032257 -1.000000 -0.080817
v -0.032257 -1.000000 -0.095511
v -0.032257 -1.000000 -0.110205
v -0.019354 -1.000000 -0.007347
v -0.019354 -1.000000 -0.022041
v -0.019354 -1.000000 -0.036735
v -0.019354 -1.000000 -0.051429
v -0.019354 -1.000000 -0.066123
v -0.019354 -1.000000 -0.080817
v -0.019354 -1.000000 -0.095511
v -0.019354 -1.000000 -0.110205
v -0.006451 -1.000000 -0.007347
v -0.006451 -1.000000 -0.022041
v -0.006451 -1.000000 -0.036735
v -0.006451 -1.000000 -0.051429
v -0.006451 -1.000000 -0.066123
v -0.006451 -1.000000 -0.080817
v -0.006451 -1.000000 -0.095511
v -0.006451 -1.000000 -0.110205
v -0.099706 -0.999343 -0.117333
v -0.113894 -0.991796 -0.098978
v -0.101430 -0.998348 -0.134899
v -0.102283 -0.948608 -0.126565
v -0.097563 -0.851452 -0.141510
v -0.084120 -1.000115 -0.124071
v -0.085224 -1.000725 -0.133736
v -0.084388 -1.000439 -0.144352
v -0.085498 -0.949849 -0.135480
v -0.086489 -0.856230 -0.122637
v -0.070967 -1.000002 -0.124894
v -0.070972 -1.000016 -0.139047
v -0.070966 -1.000001 -0.146934
v -0.070999 -0.946671 -0.146693
v -0.071372 -0.850793 -0.141584
v -0.058023 -0.999852 -0.123274
v -0.058055 -0.998529 -0.131682
v -0.058142 -0.998572 -0.141565
v -0.058110 -0.944908 -0.139611
v -0.058006 -0.849848 -0.143700
v -0.045039 -0.999598 -0.120191
v -0.045100 -0.996347 -0.119780
v -0.045333 -0.996570 -0.133681
v -0.045241 -0.942433 -0.127936
v -0.044536 -0.849620 -0.122169
v -0.032256 -0.999997 -0.124862
v -0.032257 -0.999940 -0.138784
v -0.032260 -0.999951 -0.146762
v -0.032259 -0.946520 -0.146671
v -0.032186 -0.849936 -0.145889
v -0.019354 -1.000000 -0.124899
v -0.019354 -1.000000 -0.139090
v -0.019354 -1.000000 -0.146939
v -0.019354 -0.946583 -0.146940
v -0.019354 -0.850000 -0.146932
v -0.006451 -1.000000 -0.124899
v -0.006451 -1.000000 -0.139090
v -0.006451 -1.000000 -0.146939
v -0.006451 -0.946583 -0.146940
v -0.006451 -0.850000 -0.146940
v -0.096782 -0.750018 -0.146726
v -0.096772 -0.650000 -0.146940
v -0.096772 -0.550000 -0.146940
v -0.096772 -0.450000 -0.146940
v -0.096790 -0.350016 -0.146836
v -0.099279 -0.252260 -0.133181
v -0.099819 -0.153001 -0.132431
v -0.096923 -0.050162 -0.146350
v -0.084559 -0.750927 -0.129417
v -0.083873 -0.649999 -0.146591
v -0.083871 -0.550002 -0.146930
v -0.084100 -0.450237 -0.145757
v -0.083928 -0.350058 -0.146623
v -0.084420 -0.250718 -0.144484
v -0.088385 -0.157122 -0.126357
v -0.088382 -0.055938 -0.127765
v -0.071206 -0.750188 -0.138938
v -0.070968 -0.649999 -0.146776
v -0.071012 -0.550050 -0.146700
v -0.073375 -0.452740 -0.133645
v -0.072086 -0.351408 -0.140811
v -0.071035 -0.250070 -0.146549
v -0.071432 -0.150722 -0.144829
v -0.074735 -0.055774 -0.129530
v -0.058003 -0.749807 -0.144130
v -0.058063 -0.649999 -0.146935
v -0.058067 -0.550006 -0.146914
v -0.059226 -0.452020 -0.140096
v -0.062279 -0.355459 -0.124721
v -0.060021 -0.251532 -0.134119
v -0.058072 -0.150005 -0.146851
v -0.058307 -0.050319 -0.145907
v -0.043765 -0.747795 -0.125611
v -0.044897 -0.649766 -0.145517
v -0.045160 -0.550000 -0.146940
v -0.045183 -0.450050 -0.146792
v -0.045788 -0.350514 -0.141219
v -0.045959 -0.250446 -0.125284
v -0.045166 -0.150002 -0.146409
v -0.045160 -0.050000 -0.146940
v -0.029027 -0.747590 -0.128999
v -0.030902 -0.648988 -0.137915
v -0.032256 -0.549999 -0.146922
v -0.032257 -0.450000 -0.146940
v -0.032257 -0.350000 -0.146849
v -0.032258 -0.250000 -0.146245
v -0.032257 -0.150000 -0.146926
v -0.032257 -0.050000 -0.146940
v -0.018314 -0.749134 -0.139061
v -0.016541 -0.647637 -0.129147
v -0.019263 -0.549927 -0.146410
v -0.019354 -0.450000 -0.146940
v -0.019354 -0.350000 -0.146940
v -0.019354 -0.250000 -0.146940
v -0.019354 -0.150000 -0.146940
v -0.019354 -0.050000 -0.146940
v -0.006228 -0.749828 -0.145651
v -0.003267 -0.648178 -0.128768
v -0.005788 -0.549711 -0.143548
v -0.006451 -0.450000 -0.146940
v -0.006451 -0.350000 -0.146940
v -0.006451 -0.250000 -0.146940
v -0.006451 -0.150000 -0.146940
v -0.006451 -0.050000 -0.146940
v -0.125831 0.050096 -0.007102
v -0.129029 0.150000 -0.007347
v -0.129029 0.250000 -0.007347
v -0.129029 0.350000 -0.007347
v -0.129029 0.450000 -0.007347
v -0.120341 0.550601 -0.005486
v -0.128577 0.650017 -0.007285
v -0.129029 0.750000 -0.007347
v -0.129029 0.050000 -0.022041
v -0.129029 0.150000 -0.022041
v -0.129029 0.250000 -0.022041
v -0.129029 0.350000 -0.022041
v -0.128841 0.450003 -0.022034
v -0.119856 0.550241 -0.021453
v -0.129029 0.650000 -0.022041
v -0.129029 0.750000 -0.022041
v -0.129029 0.050000 -0.036735
v -0.129029 0.150000 -0.036735
v -0.129029 0.250000 -0.036735
v -0.129029 0.350000 -0.036735
v -0.128135 0.450042 -0.036672
v -0.125432 0.550166 -0.036503
v -0.129029 0.650000 -0.036735
v -0.129029 0.750000 -0.036735
v -0.129029 0.050000 -0.051429
v -0.129029 0.150000 -0.051429
v -0.129029 0.250000 -0.051429
v -0.129029 0.350000 -0.051429
v -0.124575 0.450296 -0.050501
v -0.127919 0.550069 -0.051198
v -0.129029 0.650000 -0.051429
v -0.129029 0.750000 -0.051429
v -0.129029 0.050000 -0.066123
v -0.129029 0.150000 -0.066123
v -0.129029 0.250000 -0.066123
v -0.129029 0.350000 -0.066123
v -0.120444 0.450567 -0.064396
v -0.129006 0.550002 -0.066118
v -0.129029 0.650000 -0.066123
v -0.129029 0.750000 -0.066123
v -0.128944 0.049995 -0.080824
v -0.119517 0.149320 -0.081300
v -0.125278 0.249937 -0.080837
v -0.128987 0.350002 -0.080811
v -0.120695 0.450424 -0.079594
v -0.129029 0.550000 -0.080817
v -0.129029 0.650000 -0.080817
v -0.129029 0.750000 -0.080817
v -0.120254 0.048618 -0.096387
v -0.123712 0.149503 -0.096257
v -0.129000 0.249999 -0.095511
v -0.128428 0.350016 -0.095479
v -0.122912 0.450179 -0.095160
v -0.129029 0.550000 -0.095511
v -0.129029 0.650000 -0.095511
v -0.129029 0.750000 -0.095511
v -0.120766 0.049644 -0.110859
v -0.129029 0.150000 -0.110205
v -0.129029 0.250000 -0.110205
v -0.128130 0.350005 -0.110203
v -0.127166 0.450013 -0.110198
v -0.129029 0.550000 -0.110205
v -0.129029 0.650000 -0.110205
v -0.129028 0.750000 -0.110205
v -0.129029 0.850000 -0.007347
v -0.129029 0.946583 -0.007347
v -0.129029 1.000000 -0.007347
v -0.129029 0.850000 -0.022041
v -0.129029 0.946583 -0.022041
v -0.129029 1.000000 -0.022041
v -0.129029 0.850000 -0.036735
v -0.129029 0.946583 -0.036735
v -0.129029 1.000000 -0.036735
v -0.129029 0.850000 -0.051429
v -0.129029 0.946583 -0.051429
v -0.129029 1.000000 -0.051429
v -0.129029 0.850000 -0.066123
v -0.129029 0.946583 -0.066123
v -0.129029 1.000000 -0.066123
v -0.129029 0.850000 -0.080817
v -0.129029 0.946583 -0.080817
v -0.129029 1.000000 -0.080817
v -0.128767 0.849999 -0.095516
v -0.126548 0.946586 -0.095522
v -0.128970 1.000000 -0.095511
v -0.118912 0.849078 -0.110900
v -0.125268 0.946511 -0.110358
v -0.129013 1.000000 -0.110205
v -0.122137 1.000000 -0.007347
v -0.122137 1.000000 -0.022041
v -0.122137 1.000000 -0.036735
v -0.122137 1.000000 -0.051429
v -0.122137 1.000000 -0.066123
v -0.122137 1.000000 -0.080817
v -0.122132 1.000000 -0.095511
v -0.122136 1.000000 -0.110205
v -0.109675 1.000000 -0.007347
v -0.109675 1.000000 -0.022041
v -0.109675 1.000000 -0.036735
v -0.109675 1.000000 -0.051429
v -0.109675 1.000000 -0.066123
v -0.109675 1.000000 -0.080817
v -0.109675 1.000000 -0.095511
v -0.109675 1.000000 -0.110205
v -0.128728 0.049986 -0.124916
v -0.129029 0.150000 -0.124899
v -0.129029 0.250000 -0.124899
v -0.129019 0.350000 -0.124899
v -0.129008 0.450000 -0.124899
v -0.129029 0.550000 -0.124899
v -0.128684 0.649884 -0.124589
v -0.119086 0.747418 -0.125937
v -0.129028 0.050000 -0.139091
v -0.129029 0.150000 -0.139091
v -0.129029 0.250000 -0.139091
v -0.129029 0.350000 -0.139091
v -0.129029 0.450000 -0.139091
v -0.129044 0.549996 -0.138994
v -0.129677 0.649772 -0.134177
v -0.125666 0.748917 -0.137144
v -0.129029 0.050000 -0.146940
v -0.129029 0.150000 -0.146940
v -0.129029 0.250000 -0.146940
v -0.129029 0.350000 -0.146940
v -0.129029 0.450000 -0.146940
v -0.129035 0.549998 -0.146896
v -0.129403 0.649845 -0.143929
v -0.129105 0.749955 -0.146175
v -0.122137 0.050000 -0.146940
v -0.122137 0.150000 -0.146940
v -0.122137 0.250000 -0.146940
v -0.122137 0.350000 -0.146940
v -0.122137 0.450000 -0.146940
v -0.122198 0.549996 -0.146617
v -0.123797 0.649629 -0.136356
v -0.122414 0.749890 -0.144757
v -0.109675 0.050000 -0.146940
v -0.109675 0.150000 -0.146940
v -0.109675 0.250000 -0.146940
v -0.109675 0.350000 -0.146940
v -0.109675 0.450000 -0.146940
v -0.110376 0.550231 -0.143573
v -0.113232 0.650807 -0.129941
v -0.109856 0.750007 -0.146029
v -0.120301 0.848945 -0.126811
v -0.129029 0.946583 -0.124899
v -0.129029 1.000000 -0.124899
v -0.128906 0.849978 -0.139115
v -0.129029 0.947056 -0.139160
v -0.129029 1.000000 -0.139293
v -0.129029 0.850000 -0.146940
v -0.129029 0.947959 -0.146940
v -0.129029 1.000000 -0.146940
v -0.122137 1.000000 -0.124899
v -0.122198 1.000000 -0.139160
v -0.122137 0.850000 -0.146940
v -0.122198 0.947056 -0.146940
v -0.122314 1.000000 -0.146940
v -0.109675 1.000000 -0.124899
v -0.109675 1.000000 -0.139091
v -0.109675 0.850000 -0.146940
v -0.109675 0.946583 -0.146940
v -0.109675 1.000000 -0.146940
v -0.096772 1.000000 -0.007347
v -0.096772 1.000000 -0.022041
v -0.096772 1.000000 -0.036735
v -0.096772 1.000000 -0.051429
v -0.096772 1.000000 -0.066123
v -0.096772 1.000000 -0.080817
v -0.096772 1.000000 -0.095511
v -0.096772 1.000000 -0.110205
v -0.083869 1.000000 -0.007347
v -0.083869 1.000000 -0.022041
v -0.083869 1.000000 -0.036735
v -0.083869 1.000000 -0.051429
v -0.083869 1.000000 -0.066123
v -0.083869 1.000000 -0.080817
v -0.083869 1.000000 -0.095511
v -0.083869 1.000000 -0.110205
v -0.070966 1.000000 -0.007347
v -0.070966 1.000000 -0.022041
v -0.070966 1.000000 -0.036735
v -0.070966 1.000000 -0.051429
v -0.070966 1.000000 -0.066123
v -0.070966 1.000000 -0.080817
v -0.070966 1.000000 -0.095511
v -0.070966 1.000000 -0.110205
v -0.058063 1.000000 -0.007347
v -0.058063 1.000000 -0.022041
v -0.058063 1.000000 -0.036735
v -0.058063 1.000000 -0.051429
v -0.058063 1.000000 -0.066123
v -0.058063 1.000000 -0.080817
v -0.058063 1.000000 -0.095511
v -0.058063 1.000000 -0.110205
v -0.045160 1.000000 -0.007347
v -0.045160 1.000000 -0.022041
v -0.045160 1.000000 -0.036735
v -0.045160 1.000000 -0.051429
v -0.045160 1.000000 -0.066123
v -0.045160 1.000000 -0.080817
v -0.045160 1.000000 -0.095511
v -0.045160 1.000000 -0.110205
v -0.032257 1.000000 -0.007347
v -0.032257 1.000000 -0.022041
v -0.032257 1.000000 -0.036735
v -0.032257 1.000000 -0.051429
v -0.032257 1.000000 -0.066123
v -0.032257 1.000000 -0.080817
v -0.032257 1.000000 -0.095511
v -0.032257 1.000000 -0.110205
v -0.019354 1.000000 -0.007347
v -0.019354 1.000000 -0.022041
v -0.019354 1.000000 -0.036735
v -0.019354 1.000000 -0.051429
v -0.019354 1.000000 -0.066123
v -0.019354 1.000000 -0.080817
v -0.019354 1.000000 -0.095511
v -0.019354 1.000000 -0.110205
v -0.006451 1.000000 -0.007347
v -0.006451 1.000000 -0.022041
v -0.006451 1.000000 -0.036735
v -0.006451 1.000000 -0.051429
v -0.006451 1.000000 -0.066123
v -0.006451 1.000000 -0.080817
v -0.006451 1.000000 -0.095511
v -0.006451 1.000000 -0.110205
v -0.096772 0.050000 -0.146940
v -0.096772 0.150000 -0.146940
v -0.096772 0.250000 -0.146940
v -0.096772 0.350000 -0.146940
v -0.096772 0.450000 -0.146937
v -0.098173 0.550478 -0.140392
v -0.099366 0.650949 -0.134774
v -0.096792 0.750008 -0.146842
v -0.084174 0.049502 -0.145478
v -0.083869 0.150000 -0.146939
v -0.083869 0.250000 -0.146940
v -0.083869 0.350000 -0.146940
v -0.083905 0.449995 -0.146784
v -0.087018 0.549902 -0.132844
v -0.085445 0.650183 -0.139633
v -0.083870 0.750000 -0.146906
v -0.075250 0.043512 -0.126598
v -0.071479 0.148932 -0.143674
v -0.070966 0.250000 -0.146925
v -0.070966 0.350000 -0.146940
v -0.071274 0.449988 -0.145457
v -0.074452 0.549685 -0.131239
v -0.071352 0.649952 -0.145272
v -0.070718 0.750063 -0.145212
v -0.060965 0.044635 -0.130732
v -0.060911 0.144273 -0.124266
v -0.058058 0.249387 -0.135785
v -0.058063 0.350000 -0.146813
v -0.058522 0.450005 -0.142460
v -0.060134 0.550025 -0.130492
v -0.058111 0.649997 -0.146582
v -0.056109 0.749197 -0.137708
v -0.045283 0.049817 -0.146336
v -0.045692 0.147413 -0.132872
v -0.045070 0.249284 -0.133256
v -0.045160 0.350000 -0.146779
v -0.045286 0.449991 -0.141962
v -0.045495 0.549979 -0.137125
v -0.044769 0.649861 -0.145224
v -0.041300 0.747329 -0.128794
v -0.032257 0.050000 -0.146940
v -0.032257 0.149994 -0.146909
v -0.032257 0.249999 -0.146894
v -0.032257 0.350000 -0.146940
v -0.032257 0.450000 -0.146813
v -0.032250 0.549991 -0.146682
v -0.030024 0.648446 -0.136602
v -0.029267 0.748612 -0.134058
v -0.019354 0.050000 -0.146940
v -0.019354 0.150000 -0.146940
v -0.019354 0.250000 -0.146940
v -0.019354 0.350000 -0.146940
v -0.019354 0.450000 -0.146940
v -0.019125 0.549931 -0.146026
v -0.015501 0.647656 -0.130627
v -0.018667 0.749412 -0.143745
v -0.006451 0.050000 -0.146940
v -0.006451 0.150000 -0.146940
v -0.006451 0.250000 -0.146940
v -0.006451 0.350000 -0.146940
v -0.006451 0.450000 -0.146940
v -0.005385 0.550011 -0.142236
v -0.003033 0.649986 -0.132824
v -0.006382 0.749991 -0.146664
v -0.096772 1.000000 -0.124899
v -0.096772 1.000000 -0.139091
v -0.096772 0.850000 -0.146940
v -0.096772 0.946583 -0.146940
v -0.096772 1.000000 -0.146940
v -0.083869 1.000000 -0.124899
v -0.083869 1.000000 -0.139091
v -0.083869 0.850000 -0.146255
v -0.083869 0.946583 -0.146887
v -0.083869 1.000000 -0.146940
v -0.070966 1.000000 -0.124899
v -0.070966 1.000000 -0.139086
v -0.070098 0.850295 -0.125646
v -0.070944 0.946592 -0.145910
v -0.070966 1.000000 -0.146923
v -0.058063 1.000000 -0.124899
v -0.058063 1.000000 -0.139090
v -0.055308 0.849933 -0.133370
v -0.058023 0.946596 -0.146668
v -0.058063 1.000000 -0.146940
v -0.045160 1.000000 -0.124899
v -0.045160 1.000000 -0.139091
v -0.044345 0.849312 -0.142626
v -0.045160 0.946583 -0.146940
v -0.045160 1.000000 -0.146940
v -0.032257 1.000000 -0.124899
v -0.032257 1.000000 -0.139091
v -0.032200 0.849967 -0.146695
v -0.032257 0.946583 -0.146940
v -0.032257 1.000000 -0.146940
v -0.019354 1.000000 -0.124899
v -0.019354 1.000000 -0.139091
v -0.019354 0.850000 -0.146940
v -0.019354 0.946583 -0.146940
v -0.019354 1.000000 -0.146940
v -0.006451 1.000000 -0.124899
v -0.006451 1.000000 -0.139091
v -0.006451 0.850000 -0.146940
v -0.006451 0.946583 -0.146940
v -0.006451 1.000000 -0.146940
v 0.006451 -1.000000 0.146940
v 0.006451 -0.946583 0.146940
v 0.006451 -0.850000 0.146940
v 0.006451 -1.000000 0.139091
v 0.006451 -1.000000 0.124899
v 0.019354 -1.000000 0.146940
v 0.019354 -0.946583 0.146940
v 0.019354 -0.850000 0.146940
v 0.019354 -1.000000 0.139091
v 0.019354 -1.000000 0.124899
v 0.032257 -1.000000 0.146940
v 0.032257 -0.946583 0.146940
v 0.032257 -0.850000 0.146940
v 0.032257 -1.000000 0.139091
v 0.032257 -1.000000 0.124899
v 0.045160 -1.000000 0.146940
v 0.045160 -0.946583 0.146940
v 0.045160 -0.850000 0.146940
v 0.045160 -1.000000 0.139091
v 0.045160 -1.000000 0.124899
v 0.058063 -1.000000 0.146940
v 0.058063 -0.946583 0.146940
v 0.058063 -0.850000 0.146940
v 0.058063 -1.000000 0.139091
v 0.058063 -1.000000 0.124899
v 0.070966 -1.000000 0.146940
v 0.070966 -0.946583 0.146940
v 0.070939 -0.849978 0.145532
v 0.070966 -1.000000 0.139091
v 0.070966 -1.000000 0.124899
v 0.083869 -1.000000 0.146940
v 0.083869 -0.946583 0.146940
v 0.083861 -0.849992 0.145896
v 0.083869 -1.000000 0.139091
v 0.083869 -1.000000 0.124899
v 0.096772 -1.000000 0.146940
v 0.096772 -0.946583 0.146940
v 0.096772 -0.850000 0.146940
v 0.096772 -1.000000 0.139091
v 0.096772 -1.000000 0.124899
v 0.006451 -0.750000 0.146940
v 0.006451 -0.650000 0.146940
v 0.006451 -0.550000 0.146940
v 0.006451 -0.450000 0.146940
v 0.006451 -0.350000 0.146940
v 0.006451 -0.250000 0.146934
v 0.006454 -0.150001 0.143415
v 0.006451 -0.050000 0.146940
v 0.019354 -0.750000 0.146940
v 0.019354 -0.650000 0.146940
v 0.019354 -0.550000 0.146940
v 0.019354 -0.450000 0.146940
v 0.019354 -0.350000 0.146940
v 0.019354 -0.250000 0.146940
v 0.019579 -0.150092 0.142209
v 0.019356 -0.050001 0.146885
v 0.032257 -0.750000 0.146940
v 0.032257 -0.650000 0.146940
v 0.032257 -0.550000 0.146940
v 0.032257 -0.450000 0.146940
v 0.032257 -0.350000 0.146940
v 0.032257 -0.250000 0.146940
v 0.032257 -0.150000 0.146940
v 0.032488 -0.049718 0.141267
v 0.045160 -0.750000 0.146940
v 0.045160 -0.650000 0.146940
v 0.045160 -0.550000 0.146940
v 0.045160 -0.450000 0.146940
v 0.045160 -0.350000 0.146940
v 0.045160 -0.250000 0.146940
v 0.045160 -0.150000 0.146940
v 0.045162 -0.049998 0.146251
v 0.058060 -0.749998 0.146909
v 0.058044 -0.649942 0.146753
v 0.058048 -0.549945 0.146713
v 0.058063 -0.450000 0.146940
v 0.058063 -0.350000 0.146940
v 0.058063 -0.250000 0.146940
v 0.058063 -0.150000 0.146940
v 0.058274 -0.050605 0.140086
v 0.069889 -0.748846 0.128401
v 0.069250 -0.645083 0.128614
v 0.069758 -0.545582 0.129819
v 0.071240 -0.448834 0.138510
v 0.071011 -0.349936 0.146644
v 0.070966 -0.250000 0.146940
v 0.070966 -0.150000 0.146940
v 0.070966 -0.050001 0.146919
v 0.083709 -0.749842 0.140264
v 0.083768 -0.649720 0.145841
v 0.083796 -0.549650 0.144927
v 0.085669 -0.447114 0.128949
v 0.084819 -0.346334 0.133672
v 0.083910 -0.249942 0.146644
v 0.083869 -0.150000 0.146940
v 0.083869 -0.050000 0.146940
v 0.096772 -0.750000 0.146940
v 0.096772 -0.650000 0.146940
v 0.096772 -0.550000 0.146940
v 0.096784 -0.449940 0.146731
v 0.098835 -0.347240 0.133301
v 0.097994 -0.248480 0.139302
v 0.096772 -0.150000 0.146937
v 0.096772 -0.050000 0.146940
v 0.006451 -1.000000 0.110205
v 0.006451 -1.000000 0.095511
v 0.006451 -1.000000 0.080817
v 0.006451 -1.000000 0.066123
v 0.006451 -1.000000 0.051429
v 0.006451 -1.000000 0.036735
v 0.006451 -1.000000 0.022041
v 0.006451 -1.000000 0.007347
v 0.019354 -1.000000 0.110205
v 0.019354 -1.000000 0.095511
v 0.019354 -1.000000 0.080817
v 0.019354 -1.000000 0.066123
v 0.019354 -1.000000 0.051429
v 0.019354 -1.000000 0.036735
v 0.019354 -1.000000 0.022041
v 0.019354 -1.000000 0.007347
v 0.032257 -1.000000 0.110205
v 0.032257 -1.000000 0.095511
v 0.032257 -1.000000 0.080817
v 0.032257 -1.000000 0.066123
v 0.032257 -1.000000 0.051429
v 0.032257 -1.000000 0.036735
v 0.032257 -1.000000 0.022041
v 0.032257 -1.000000 0.007347
v 0.045160 -1.000000 0.110205
v 0.045160 -1.000000 0.095511
v 0.045160 -1.000000 0.080817
v 0.045160 -1.000000 0.066123
v 0.045160 -1.000000 0.051429
v 0.045160 -1.000000 0.036735
v 0.045160 -1.000000 0.022041
v 0.045160 -1.000000 0.007347
v 0.058063 -1.000000 0.110205
v 0.058063 -1.000000 0.095511
v 0.058063 -1.000000 0.080817
v 0.058063 -1.000000 0.066123
v 0.058063 -1.000000 0.051429
v 0.058063 -1.000000 0.036735
v 0.058063 -1.000000 0.022041
v 0.058063 -1.000000 0.007347
v 0.070966 -1.000000 0.110205
v 0.070966 -1.000000 0.095511
v 0.070966 -1.000000 0.080817
v 0.070966 -1.000000 0.066123
v 0.070966 -1.000000 0.051429
v 0.070966 -1.000000 0.036735
v 0.070966 -1.000000 0.022041
v 0.070966 -1.000000 0.007347
v 0.083869 -1.000000 0.110205
v 0.083869 -1.000000 0.095511
v 0.083869 -1.000000 0.080817
v 0.083869 -1.000000 0.066123
v 0.083869 -1.000000 0.051429
v 0.083869 -1.000000 0.036735
v 0.083869 -1.000000 0.022041
v 0.083869 -1.000000 0.007347
v 0.096772 -1.000000 0.110205
v 0.096772 -1.000000 0.095511
v 0.096772 -1.000000 0.080817
v 0.096772 -1.000000 0.066123
v 0.096772 -1.000000 0.051429
v 0.096772 -1.000000 0.036735
v 0.096772 -1.000000 0.022041
v 0.096772 -1.000000 0.007347
v 0.109675 -1.000000 0.146940
v 0.109675 -0.946583 0.146940
v 0.109675 -0.850000 0.146940
v 0.109675 -1.000000 0.139091
v 0.109675 -1.000000 0.124899
v 0.122314 -1.000000 0.146940
v 0.122198 -0.947056 0.146940
v 0.122137 -0.850000 0.146940
v 0.122198 -1.000000 0.139161
v 0.122100 -1.000000 0.124899
v 0.129029 -1.000000 0.146940
v 0.129029 -0.947959 0.146940
v 0.129029 -0.850000 0.146940
v 0.129029 -1.000000 0.139293
v 0.129029 -0.947056 0.139161
v 0.129029 -0.850000 0.139091
v 0.128936 -1.000000 0.124899
v 0.128395 -0.946573 0.124907
v 0.127507 -0.849563 0.125072
v 0.109675 -0.750000 0.146940
v 0.109675 -0.650000 0.146940
v 0.109675 -0.550000 0.146940
v 0.109675 -0.450000 0.146940
v 0.109841 -0.349761 0.145659
v 0.111889 -0.248087 0.133667
v 0.109743 -0.149961 0.146633
v 0.109675 -0.050000 0.146940
v 0.122137 -0.750000 0.146940
v 0.122137 -0.650000 0.146940
v 0.122137 -0.550000 0.146940
v 0.122137 -0.450000 0.146940
v 0.122125 -0.350000 0.146925
v 0.120475 -0.250010 0.144643
v 0.121427 -0.150013 0.146046
v 0.122137 -0.050000 0.146940
v 0.129029 -0.750000 0.146940
v 0.129029 -0.650000 0.146940
v 0.129029 -0.550000 0.146940
v 0.129029 -0.450000 0.146940
v 0.128994 -0.350001 0.146896
v 0.124805 -0.250077 0.141622
v 0.127529 -0.150027 0.145052
v 0.129029 -0.050000 0.146940
v 0.129029 -0.750000 0.139091
v 0.129029 -0.650000 0.139091
v 0.129029 -0.550000 0.139091
v 0.129029 -0.450000 0.139091
v 0.129016 -0.350000 0.139074
v 0.127201 -0.250033 0.136789
v 0.128262 -0.150014 0.138126
v 0.129029 -0.050000 0.139091
v 0.126519 -0.748737 0.124891
v 0.127413 -0.649283 0.124713
v 0.129014 -0.549993 0.124897
v 0.129029 -0.450000 0.124899
v 0.129029 -0.350000 0.124899
v 0.129024 -0.250000 0.124894
v 0.129028 -0.150000 0.124898
v 0.129029 -0.050000 0.124899
v 0.109667 -0.999998 0.110207
v 0.109667 -1.000000 0.095510
v 0.109675 -1.000000 0.080817
v 0.109675 -1.000000 0.066123
v 0.109675 -1.000000 0.051429
v 0.109675 -1.000000 0.036735
v 0.109675 -1.000000 0.022041
v 0.109675 -1.000000 0.007347
v 0.121109 -0.999925 0.110191
v 0.120945 -0.999960 0.095335
v 0.122134 -1.000000 0.080817
v 0.122137 -1.000000 0.066123
v 0.122137 -1.000000 0.051429
v 0.122137 -1.000000 0.036735
v 0.122137 -1.000000 0.022041
v 0.122137 -1.000000 0.007347
v 0.127693 -0.999972 0.110154
v 0.118756 -0.945994 0.110128
v 0.109921 -0.845285 0.112253
v 0.127669 -0.999981 0.095296
v 0.119641 -0.946316 0.094181
v 0.121079 -0.849341 0.094860
v 0.129023 -1.000000 0.080816
v 0.128918 -0.946583 0.080798
v 0.128967 -0.849999 0.080807
v 0.129029 -1.000000 0.066123
v 0.129029 -0.946583 0.066123
v 0.129029 -0.850000 0.066123
v 0.129029 -1.000000 0.051429
v 0.129029 -0.946583 0.051429
v 0.129029 -0.850000 0.051429
v 0.129029 -1.000000 0.036735
v 0.129029 -0.946583 0.036735
v 0.129029 -0.850000 0.036735
v 0.129029 -1.000000 0.022041
v 0.129029 -0.946583 0.022041
v 0.129028 -0.850000 0.022042
v 0.129029 -1.000000 0.007347
v 0.129029 -0.946583 0.007347
v 0.129029 -0.850000 0.007347
v 0.110814 -0.740891 0.110227
v 0.115896 -0.644008 0.108736
v 0.128530 -0.549774 0.110135
v 0.129029 -0.450000 0.110205
v 0.129029 -0.350000 0.110205
v 0.129029 -0.250000 0.110205
v 0.129029 -0.150000 0.110205
v 0.128356 -0.049999 0.110202
v 0.128445 -0.749702 0.095510
v 0.128518 -0.649768 0.095449
v 0.129023 -0.549997 0.095510
v 0.129029 -0.450000 0.095511
v 0.129029 -0.350000 0.095511
v 0.129029 -0.250000 0.095511
v 0.129029 -0.150000 0.095511
v 0.127358 -0.049994 0.095492
v 0.129029 -0.750000 0.080817
v 0.129029 -0.650000 0.080817
v 0.129029 -0.550000 0.080817
v 0.129029 -0.450000 0.080817
v 0.129029 -0.350000 0.080817
v 0.129029 -0.250000 0.080817
v 0.129029 -0.150000 0.080817
v 0.129029 -0.050000 0.080817
v 0.129029 -0.750000 0.066123
v 0.129029 -0.650000 0.066123
v 0.129029 -0.550000 0.066123
v 0.129029 -0.450000 0.066123
v 0.129029 -0.350000 0.066123
v 0.129029 -0.250000 0.066123
v 0.129029 -0.150000 0.066123
v 0.129029 -0.050000 0.066123
v 0.129029 -0.750000 0.051429
v 0.129029 -0.650000 0.051429
v 0.129029 -0.550000 0.051429
v 0.129029 -0.450000 0.051429
v 0.129029 -0.350000 0.051429
v 0.129029 -0.250000 0.051429
v 0.129029 -0.150000 0.051429
v 0.129029 -0.050000 0.051429
v 0.127818 -0.750351 0.037179
v 0.127146 -0.650507 0.037466
v 0.129027 -0.550001 0.036736
v 0.129029 -0.450000 0.036735
v 0.129029 -0.350000 0.036735
v 0.129029 -0.250000 0.036735
v 0.129029 -0.150000 0.036735
v 0.129029 -0.050000 0.036735
v 0.124969 -0.751017 0.023674
v 0.114657 -0.653659 0.027704
v 0.128644 -0.550120 0.022167
v 0.128801 -0.450003 0.022042
v 0.128973 -0.350000 0.022041
v 0.129029 -0.250000 0.022041
v 0.129029 -0.150000 0.022041
v 0.129029 -0.050000 0.022041
v 0.128278 -0.750259 0.007577
v 0.114580 -0.656097 0.010232
v 0.112156 -0.557040 0.007855
v 0.110157 -0.451149 0.006560
v 0.125911 -0.350055 0.007341
v 0.128710 -0.250000 0.007347
v 0.129029 -0.150000 0.007347
v 0.129029 -0.050000 0.007347
v 0.006451 0.050000 0.146940
v 0.006451 0.150000 0.146940
v 0.006537 0.249588 0.144074
v 0.006525 0.349732 0.140699
v 0.006485 0.449878 0.144425
v 0.006451 0.550000 0.144100
v 0.006451 0.650000 0.146940
v 0.006451 0.750000 0.146940
v 0.019354 0.050000 0.146940
v 0.019354 0.150000 0.146940
v 0.019354 0.250000 0.146940
v 0.019672 0.349809 0.143328
v 0.019354 0.450000 0.146940
v 0.019354 0.550000 0.146940
v 0.019354 0.650000 0.146940
v 0.019354 0.750000 0.146940
v 0.032257 0.050000 0.146940
v 0.032257 0.150000 0.146940
v 0.032257 0.250000 0.146940
v 0.032257 0.350000 0.146934
v 0.032194 0.450026 0.145735
v 0.032257 0.550000 0.146939
v 0.032257 0.650000 0.146940
v 0.032257 0.750000 0.146940
v 0.045186 0.050040 0.146264
v 0.045160 0.150000 0.146940
v 0.045160 0.250000 0.146940
v 0.045160 0.350000 0.146940
v 0.045193 0.449987 0.141072
v 0.045160 0.550000 0.146940
v 0.045160 0.650000 0.146940
v 0.045160 0.750000 0.146940
v 0.057577 0.050698 0.130707
v 0.058064 0.150005 0.146881
v 0.058063 0.250000 0.146940
v 0.058063 0.350000 0.146940
v 0.058063 0.450000 0.146940
v 0.058063 0.550000 0.146940
v 0.058063 0.650000 0.146940
v 0.058063 0.750000 0.146940
v 0.070967 0.050002 0.146918
v 0.071487 0.150985 0.137945
v 0.070935 0.250102 0.146299
v 0.070966 0.350000 0.146940
v 0.070966 0.450000 0.146938
v 0.070920 0.550019 0.145645
v 0.070966 0.650000 0.146940
v 0.070966 0.750000 0.146940
v 0.083869 0.050000 0.146940
v 0.084039 0.149936 0.143675
v 0.083677 0.251026 0.138737
v 0.083861 0.350014 0.146832
v 0.083869 0.450000 0.146940
v 0.083776 0.550039 0.143465
v 0.083869 0.650000 0.146940
v 0.083869 0.750000 0.146939
v 0.096772 0.050000 0.146940
v 0.096772 0.150000 0.146937
v 0.096969 0.250238 0.140447
v 0.096110 0.351077 0.138811
v 0.096453 0.450388 0.144577
v 0.096707 0.550080 0.144838
v 0.096772 0.650000 0.146940
v 0.096772 0.750000 0.141946
v 0.006451 0.850000 0.146940
v 0.006451 0.946584 0.146940
v 0.006451 1.000000 0.146940
v 0.006451 1.000000 0.139091
v 0.006451 1.000000 0.124899
v 0.019354 0.850000 0.146940
v 0.019354 0.946584 0.146940
v 0.019354 1.000000 0.146940
v 0.019354 1.000000 0.139091
v 0.019354 1.000000 0.124899
v 0.032257 0.850000 0.146940
v 0.032257 0.946584 0.146940
v 0.032257 1.000000 0.146940
v 0.032257 1.000000 0.139091
v 0.032257 1.000000 0.124899
v 0.045160 0.850000 0.146940
v 0.045160 0.946584 0.146940
v 0.045160 1.000000 0.146940
v 0.045160 1.000000 0.139091
v 0.045160 1.000000 0.124899
v 0.058063 0.850000 0.146940
v 0.058063 0.946584 0.146940
v 0.058063 1.000000 0.146940
v 0.058063 1.000000 0.139091
v 0.058063 1.000000 0.124899
v 0.070966 0.850000 0.146940
v 0.070966 0.946584 0.146940
v 0.070966 1.000000 0.146940
v 0.070966 1.000000 0.139091
v 0.070966 1.000000 0.124899
v 0.083869 0.850000 0.146940
v 0.083869 0.946584 0.146940
v 0.083869 1.000000 0.146940
v 0.083869 1.000000 0.139091
v 0.083869 1.000000 0.124899
v 0.096772 0.850000 0.146940
v 0.096772 0.946584 0.146940
v 0.096772 1.000000 0.146940
v 0.096772 1.000000 0.139091
v 0.096772 1.000000 0.124899
v 0.006451 1.000000 0.110205
v 0.006451 1.000000 0.095511
v 0.006451 1.000000 0.080817
v 0.006451 1.000000 0.066123
v 0.006451 1.000000 0.051429
v 0.006451 1.000000 0.036735
v 0.006451 1.000000 0.022041
v 0.006451 1.000000 0.007347
v 0.019354 1.000000 0.110205
v 0.019354 1.000000 0.095511
v 0.019354 1.000000 0.080817
v 0.019354 1.000000 0.066123
v 0.019354 1.000000 0.051429
v 0.019354 1.000000 0.036735
v 0.019354 1.000000 0.022041
v 0.019354 1.000000 0.007347
v 0.032257 1.000000 0.110205
v 0.032257 1.000000 0.095511
v 0.032257 1.000000 0.080817
v 0.032257 1.000000 0.066123
v 0.032257 1.000000 0.051429
v 0.032257 1.000000 0.036735
v 0.032257 1.000000 0.022041
v 0.032257 1.000000 0.007347
v 0.045160 1.000000 0.110205
v 0.045160 1.000000 0.095511
v 0.045160 1.000000 0.080817
v 0.045160 1.000000 0.066123
v 0.045160 1.000000 0.051429
v 0.045160 1.000000 0.036735
v 0.045160 1.000000 0.022041
v 0.045160 1.000000 0.007347
v 0.058063 1.000000 0.110205
v 0.058063 1.000000 0.095511
v 0.058063 1.000000 0.080817
v 0.058063 1.000000 0.066123
v 0.058063 1.000000 0.051429
v 0.058063 1.000000 0.036735
v 0.058063 1.000000 0.022041
v 0.058063 1.000000 0.007347
v 0.070966 1.000000 0.110205
v 0.070966 1.000000 0.095511
v 0.070966 1.000000 0.080817
v 0.070966 1.000000 0.066123
v 0.070966 1.000000 0.051429
v 0.070966 1.000000 0.036735
v 0.070966 1.000000 0.022041
v 0.070966 1.000000 0.007347
v 0.083869 1.000000 0.110205
v 0.083869 1.000000 0.095511
v 0.083869 1.000000 0.080817
v 0.083869 1.000000 0.066123
v 0.083869 1.000000 0.051429
v 0.083869 1.000000 0.036735
v 0.083869 1.000000 0.022041
v 0.083869 0.999369 0.007347
v 0.096772 1.000000 0.110205
v 0.096772 1.000000 0.095511
v 0.096772 0.999941 0.080817
v 0.096772 1.000000 0.066123
v 0.096772 1.000000 0.051429
v 0.096772 1.000000 0.036735
v 0.096772 1.000000 0.022041
v 0.096772 1.000000 0.007347
v 0.109675 0.050000 0.146940
v 0.109675 0.150000 0.146940
v 0.109675 0.250001 0.146925
v 0.110152 0.350588 0.138952
v 0.109785 0.451816 0.135699
v 0.109302 0.551034 0.139624
v 0.109675 0.650000 0.146938
v 0.109838 0.749933 0.144521
v 0.122137 0.050000 0.146940
v 0.122137 0.150000 0.146940
v 0.122137 0.250000 0.146940
v 0.122137 0.350000 0.146940
v 0.122137 0.450000 0.146940
v 0.122132 0.550013 0.146851
v 0.122328 0.649927 0.141638
v 0.122058 0.750000 0.146864
v 0.129029 0.050000 0.146940
v 0.129029 0.150000 0.146940
v 0.129029 0.250000 0.146940
v 0.129029 0.350000 0.146940
v 0.129029 0.450000 0.146940
v 0.129029 0.550000 0.146940
v 0.129029 0.650000 0.146935
v 0.128622 0.750000 0.146530
v 0.129029 0.050000 0.139091
v 0.129029 0.150000 0.139091
v 0.129029 0.250000 0.139091
v 0.129029 0.350000 0.139091
v 0.129029 0.450000 0.139091
v 0.129029 0.550000 0.139091
v 0.129029 0.650000 0.139091
v 0.128575 0.750002 0.138878
v 0.129029 0.050000 0.124899
v 0.129029 0.150000 0.124899
v 0.129029 0.250000 0.124899
v 0.129029 0.350000 0.124899
v 0.129029 0.450000 0.124899
v 0.129029 0.550000 0.124899
v 0.129029 0.650000 0.124899
v 0.129029 0.750000 0.124899
v 0.109675 0.850000 0.146940
v 0.109675 0.946584 0.146940
v 0.109675 1.000000 0.146940
v 0.109675 1.000000 0.139091
v 0.109677 0.997140 0.124905
v 0.120998 0.850010 0.146314
v 0.122198 0.947056 0.146940
v 0.122314 1.000000 0.146940
v 0.122198 1.000000 0.139160
v 0.122129 1.000002 0.124898
v 0.125687 0.850009 0.144221
v 0.129029 0.947959 0.146940
v 0.129029 1.000000 0.146940
v 0.119968 0.850155 0.136485
v 0.129029 0.947056 0.139160
v 0.129029 1.000000 0.139293
v 0.118955 0.850928 0.122881
v 0.125414 0.947485 0.124318
v 0.128986 1.000011 0.124893
v 0.129011 0.050001 0.110205
v 0.129029 0.150000 0.110205
v 0.129029 0.250000 0.110205
v 0.129029 0.350000 0.110205
v 0.126293 0.450000 0.110205
v 0.129029 0.550000 0.110205
v 0.129029 0.650000 0.110205
v 0.129029 0.750000 0.110205
v 0.122461 0.050304 0.095384
v 0.127444 0.150225 0.095422
v 0.129029 0.250000 0.095511
v 0.129029 0.350000 0.095511
v 0.129029 0.450000 0.095511
v 0.129029 0.550000 0.095511
v 0.129029 0.650000 0.095511
v 0.129029 0.750000 0.095511
v 0.129029 0.050000 0.080817
v 0.125457 0.150241 0.080501
v 0.128993 0.250002 0.080814
v 0.129029 0.350000 0.080817
v 0.129029 0.450000 0.080817
v 0.127504 0.549949 0.080868
v 0.129029 0.650000 0.080817
v 0.129029 0.750000 0.080817
v 0.129029 0.050000 0.066123
v 0.129029 0.150000 0.066123
v 0.129029 0.250000 0.066123
v 0.129029 0.350000 0.066123
v 0.129029 0.450000 0.066123
v 0.129029 0.550000 0.066123
v 0.124756 0.649904 0.066155
v 0.128102 0.750000 0.066123
v 0.129029 0.050000 0.051429
v 0.129029 0.150000 0.051429
v 0.129029 0.250000 0.051429
v 0.129029 0.350000 0.051429
v 0.129029 0.450000 0.051429
v 0.129029 0.550000 0.051429
v 0.129029 0.650000 0.051429
v 0.129029 0.750000 0.051429
v 0.129029 0.050000 0.036735
v 0.129029 0.150000 0.036735
v 0.129029 0.250000 0.036735
v 0.129029 0.350000 0.036735
v 0.129029 0.450000 0.036735
v 0.129029 0.550000 0.036735
v 0.129029 0.650000 0.036735
v 0.129029 0.750000 0.036735
v 0.129029 0.050000 0.022041
v 0.129029 0.150000 0.022041
v 0.129029 0.250000 0.022041
v 0.125228 0.349843 0.022199
v 0.129029 0.450000 0.022041
v 0.129029 0.550000 0.022041
v 0.129029 0.650000 0.022041
v 0.129029 0.750000 0.022041
v 0.129029 0.050000 0.007347
v 0.129029 0.150000 0.007347
v 0.129029 0.250000 0.007347
v 0.129029 0.350000 0.007347
v 0.123800 0.449814 0.007534
v 0.129029 0.550000 0.007347
v 0.129029 0.650000 0.007347
v 0.129029 0.750000 0.007347
v 0.109656 0.998737 0.110223
v 0.109663 0.999256 0.095519
v 0.109672 0.992087 0.080814
v 0.109658 0.996533 0.066058
v 0.109675 0.995359 0.051429
v 0.109673 0.992581 0.036816
v 0.109639 0.996840 0.022064
v 0.109675 1.000000 0.007347
v 0.117060 0.999821 0.109092
v 0.117449 0.992456 0.094104
v 0.121998 0.999761 0.080785
v 0.122050 0.999881 0.066117
v 0.121914 0.999711 0.051425
v 0.122022 0.999858 0.036735
v 0.122082 0.998084 0.022039
v 0.122084 0.994578 0.007352
v 0.128725 0.850072 0.110160
v 0.116706 0.947448 0.107880
v 0.125309 0.998820 0.109293
v 0.129029 0.850000 0.095511
v 0.126765 0.944411 0.094861
v 0.123972 0.994102 0.094006
v 0.129029 0.850000 0.080817
v 0.128994 0.946533 0.080810
v 0.125918 0.995579 0.080219
v 0.129029 0.850000 0.066123
v 0.128971 0.946507 0.066121
v 0.126425 0.996572 0.066027
v 0.129029 0.850000 0.051429
v 0.129010 0.946560 0.051429
v 0.126544 0.996816 0.051396
v 0.129029 0.850000 0.036735
v 0.129005 0.946553 0.036735
v 0.126364 0.996676 0.036735
v 0.129029 0.850000 0.022041
v 0.129000 0.946544 0.022040
v 0.125558 0.995227 0.021888
v 0.129029 0.850000 0.007347
v 0.128998 0.946543 0.007347
v 0.126497 0.996708 0.007346
v 0.006451 -1.000000 -0.007347
v 0.006451 -1.000000 -0.022041
v 0.006451 -1.000000 -0.036735
v 0.006451 -1.000000 -0.051429
v 0.006451 -1.000000 -0.066123
v 0.006451 -1.000000 -0.080817
v 0.006451 -1.000000 -0.095511
v 0.006451 -1.000000 -0.110205
v 0.019354 -1.000000 -0.007347
v 0.019354 -1.000000 -0.022041
v 0.019354 -1.000000 -0.036735
v 0.019354 -1.000000 -0.051429
v 0.019354 -1.000000 -0.066123
v 0.019354 -1.000000 -0.080817
v 0.019354 -1.000000 -0.095511
v 0.019354 -1.000000 -0.110205
v 0.032257 -1.000000 -0.007347
v 0.032257 -1.000000 -0.022041
v 0.032257 -1.000000 -0.036735
v 0.032257 -1.000000 -0.051429
v 0.032257 -1.000000 -0.066123
v 0.032257 -1.000000 -0.080817
v 0.032257 -1.000000 -0.095511
v 0.032257 -1.000000 -0.110205
v 0.045160 -1.000000 -0.007347
v 0.045160 -1.000000 -0.022041
v 0.045160 -1.000000 -0.036735
v 0.045160 -1.000000 -0.051429
v 0.045160 -1.000000 -0.066123
v 0.045160 -1.000000 -0.080817
v 0.045160 -1.000000 -0.095511
v 0.045160 -1.000000 -0.110205
v 0.058063 -1.000000 -0.007347
v 0.058063 -1.000000 -0.022041
v 0.058063 -1.000000 -0.036735
v 0.058063 -1.000000 -0.051429
v 0.058063 -1.000000 -0.066123
v 0.058063 -1.000000 -0.080817
v 0.058063 -1.000000 -0.095511
v 0.058063 -1.000000 -0.110205
v 0.070966 -1.000000 -0.007347
v 0.070966 -1.000000 -0.022041
v 0.070966 -1.000000 -0.036735
v 0.070966 -1.000000 -0.051429
v 0.070966 -1.000000 -0.066123
v 0.070966 -1.000000 -0.080817
v 0.070966 -1.000000 -0.095511
v 0.070966 -1.000000 -0.110205
v 0.083869 -1.000000 -0.007347
v 0.083869 -1.000000 -0.022041
v 0.083869 -1.000000 -0.036735
v 0.083869 -1.000000 -0.051429
v 0.083869 -1.000000 -0.066123
v 0.083869 -1.000000 -0.080817
v 0.083869 -1.000000 -0.095511
v 0.083869 -1.000000 -0.110205
v 0.096772 -1.000000 -0.007347
v 0.096772 -1.000000 -0.022041
v 0.096772 -1.000000 -0.036735
v 0.096772 -1.000000 -0.051429
v 0.096772 -1.000000 -0.066123
v 0.096772 -1.000000 -0.080817
v 0.096772 -1.000000 -0.095511
v 0.096772 -1.000000 -0.110205
v 0.006451 -1.000000 -0.124899
v 0.006451 -0.999999 -0.139024
v 0.006451 -0.999998 -0.146787
v 0.006452 -0.946574 -0.146199
v 0.006452 -0.849995 -0.146585
v 0.019354 -1.000000 -0.124898
v 0.019412 -0.999987 -0.137840
v 0.019432 -0.999977 -0.144771
v 0.019761 -0.946452 -0.135240
v 0.019612 -0.849940 -0.141604
v 0.032260 -0.999999 -0.124881
v 0.032620 -0.999951 -0.136913
v 0.032621 -0.999948 -0.144571
v 0.034431 -0.946216 -0.133128
v 0.033992 -0.849575 -0.136340
v 0.045292 -1.000062 -0.124399
v 0.046850 -1.000560 -0.132391
v 0.046187 -1.000304 -0.142797
v 0.049063 -0.947527 -0.130691
v 0.047012 -0.850128 -0.138669
v 0.058553 -0.999601 -0.122679
v 0.062701 -0.996208 -0.117869
v 0.060300 -0.998130 -0.136574
v 0.061865 -0.945049 -0.130347
v 0.058521 -0.850067 -0.145100
v 0.071351 -0.999138 -0.123042
v 0.076186 -0.987735 -0.114473
v 0.072947 -0.994963 -0.136539
v 0.072433 -0.942953 -0.138680
v 0.070987 -0.849978 -0.146682
v 0.083878 -0.999982 -0.124868
v 0.084016 -0.999660 -0.138475
v 0.083946 -0.999819 -0.146617
v 0.083894 -0.946624 -0.146281
v 0.083199 -0.854766 -0.134732
v 0.096772 -1.000000 -0.124899
v 0.096772 -1.000001 -0.139089
v 0.096772 -1.000000 -0.146939
v 0.096762 -0.946657 -0.146747
v 0.096428 -0.852397 -0.140791
v 0.006476 -0.749990 -0.146809
v 0.008918 -0.648912 -0.133180
v 0.008107 -0.549131 -0.137592
v 0.006457 -0.449995 -0.146910
v 0.006451 -0.350000 -0.146896
v 0.006451 -0.249964 -0.146424
v 0.006461 -0.149822 -0.146513
v 0.006456 -0.049899 -0.146707
v 0.019357 -0.749999 -0.146921
v 0.020955 -0.648988 -0.138214
v 0.023093 -0.547052 -0.128820
v 0.019508 -0.449845 -0.146271
v 0.019337 -0.349972 -0.144080
v 0.019322 -0.247414 -0.119585
v 0.019816 -0.140429 -0.122598
v 0.019535 -0.046028 -0.137785
v 0.032263 -0.749997 -0.146904
v 0.032311 -0.649963 -0.146682
v 0.032469 -0.549817 -0.145987
v 0.032260 -0.449997 -0.146929
v 0.032253 -0.349993 -0.146201
v 0.032240 -0.249243 -0.139445
v 0.032391 -0.147222 -0.139914
v 0.032300 -0.049064 -0.144768
v 0.045164 -0.749999 -0.146922
v 0.045160 -0.650000 -0.146940
v 0.045160 -0.550000 -0.146939
v 0.045160 -0.450000 -0.146940
v 0.045160 -0.350000 -0.146940
v 0.045160 -0.250000 -0.146940
v 0.045160 -0.150007 -0.146926
v 0.045215 -0.050240 -0.146337
v 0.058063 -0.750000 -0.146940
v 0.058065 -0.650004 -0.146811
v 0.058111 -0.550074 -0.142333
v 0.058069 -0.450012 -0.145674
v 0.058063 -0.350000 -0.146940
v 0.058063 -0.250000 -0.146939
v 0.057987 -0.151142 -0.144550
v 0.058648 -0.057824 -0.128634
v 0.071039 -0.750222 -0.146282
v 0.071775 -0.651571 -0.139040
v 0.071536 -0.551014 -0.125528
v 0.070997 -0.450044 -0.143534
v 0.070966 -0.350000 -0.146939
v 0.070966 -0.250000 -0.146940
v 0.070945 -0.150287 -0.146343
v 0.071035 -0.051950 -0.142449
v 0.084370 -0.758500 -0.125264
v 0.087884 -0.656524 -0.123313
v 0.084389 -0.551018 -0.141688
v 0.083869 -0.450001 -0.146900
v 0.083869 -0.350000 -0.146940
v 0.083869 -0.250000 -0.146940
v 0.083869 -0.150000 -0.146940
v 0.083869 -0.050000 -0.146940
v 0.096658 -0.752976 -0.139859
v 0.096979 -0.650481 -0.145424
v 0.096778 -0.550007 -0.146909
v 0.096772 -0.450000 -0.146940
v 0.096772 -0.350000 -0.146940
v 0.096772 -0.250000 -0.146940
v 0.096772 -0.150000 -0.146940
v 0.096772 -0.050000 -0.146940
v 0.109675 -1.000000 -0.007347
v 0.109675 -1.000000 -0.022041
v 0.109675 -1.000000 -0.036735
v 0.109585 -0.999990 -0.051417
v 0.109674 -1.000000 -0.066123
v 0.109675 -1.000000 -0.080817
v 0.109675 -1.000000 -0.095511
v 0.109675 -1.000000 -0.110205
v 0.122137 -1.000000 -0.007347
v 0.122137 -1.000000 -0.022041
v 0.122029 -1.000006 -0.036716
v 0.120136 -1.000005 -0.051191
v 0.121460 -1.000038 -0.066128
v 0.122136 -1.000000 -0.080817
v 0.122137 -1.000000 -0.095511
v 0.122137 -1.000000 -0.110205
v 0.129029 -1.000000 -0.007347
v 0.129029 -0.946583 -0.007347
v 0.129029 -0.850000 -0.007347
v 0.129029 -1.000000 -0.022041
v 0.129029 -0.946583 -0.022041
v 0.129029 -0.850000 -0.022041
v 0.128942 -1.000007 -0.036719
v 0.128248 -0.946622 -0.036603
v 0.127823 -0.849818 -0.036600
v 0.127335 -1.000075 -0.051268
v 0.116868 -0.946721 -0.050195
v 0.108072 -0.845955 -0.049781
v 0.128065 -1.000052 -0.066138
v 0.123005 -0.946840 -0.066154
v 0.123766 -0.849723 -0.066027
v 0.129028 -1.000000 -0.080817
v 0.129003 -0.946585 -0.080817
v 0.129018 -0.850001 -0.080817
v 0.129029 -1.000000 -0.095511
v 0.129029 -0.946583 -0.095511
v 0.129029 -0.850000 -0.095511
v 0.129029 -1.000000 -0.110205
v 0.129029 -0.946583 -0.110205
v 0.129029 -0.850000 -0.110205
v 0.129027 -0.750001 -0.007346
v 0.125925 -0.651429 -0.007182
v 0.117762 -0.554499 -0.007475
v 0.119290 -0.450708 -0.008276
v 0.127997 -0.350024 -0.007361
v 0.125759 -0.249981 -0.007367
v 0.122744 -0.149457 -0.007493
v 0.125121 -0.049416 -0.007535
v 0.129029 -0.750000 -0.022041
v 0.129029 -0.650000 -0.022041
v 0.129028 -0.550001 -0.022041
v 0.129027 -0.450000 -0.022041
v 0.129029 -0.350000 -0.022041
v 0.128690 -0.249998 -0.022043
v 0.129014 -0.149999 -0.022041
v 0.128826 -0.049970 -0.022051
v 0.127958 -0.749501 -0.036781
v 0.128710 -0.649868 -0.036763
v 0.129029 -0.550000 -0.036735
v 0.129029 -0.450000 -0.036735
v 0.129029 -0.350000 -0.036735
v 0.129029 -0.250000 -0.036735
v 0.129029 -0.150000 -0.036735
v 0.129029 -0.050000 -0.036735
v 0.109420 -0.741081 -0.052330
v 0.113138 -0.643834 -0.053836
v 0.128098 -0.549697 -0.051741
v 0.129029 -0.450000 -0.051429
v 0.129029 -0.350000 -0.051429
v 0.129029 -0.250000 -0.051429
v 0.129029 -0.150000 -0.051429
v 0.129029 -0.050000 -0.051429
v 0.126698 -0.748985 -0.066325
v 0.114834 -0.645459 -0.071166
v 0.123915 -0.548498 -0.068268
v 0.129024 -0.449999 -0.066124
v 0.129029 -0.350000 -0.066123
v 0.129029 -0.250000 -0.066123
v 0.129021 -0.150000 -0.066122
v 0.126489 -0.049767 -0.065872
v 0.129029 -0.750000 -0.080817
v 0.128142 -0.649739 -0.081172
v 0.128218 -0.549756 -0.081113
v 0.129029 -0.450000 -0.080817
v 0.129029 -0.350000 -0.080817
v 0.129029 -0.250000 -0.080817
v 0.123136 -0.150041 -0.080648
v 0.128661 -0.049966 -0.080781
v 0.129029 -0.750000 -0.095511
v 0.129029 -0.650000 -0.095511
v 0.129029 -0.550000 -0.095511
v 0.129029 -0.450000 -0.095511
v 0.129029 -0.350000 -0.095511
v 0.128921 -0.249991 -0.095502
v 0.127915 -0.149912 -0.095422
v 0.129029 -0.050000 -0.095511
v 0.129029 -0.750000 -0.110205
v 0.129029 -0.650000 -0.110205
v 0.129029 -0.550000 -0.110205
v 0.129029 -0.450000 -0.110205
v 0.129029 -0.350000 -0.110205
v 0.123899 -0.250003 -0.110197
v 0.129028 -0.150000 -0.110205
v 0.129029 -0.050000 -0.110205
v 0.109675 -1.000000 -0.124899
v 0.109675 -1.000000 -0.139090
v 0.109675 -1.000000 -0.146939
v 0.109675 -0.946583 -0.146940
v 0.109675 -0.850001 -0.146939
v 0.122137 -1.000000 -0.124899
v 0.122198 -1.000000 -0.139160
v 0.122314 -1.000000 -0.146939
v 0.122198 -0.947056 -0.146940
v 0.122137 -0.850000 -0.146940
v 0.129029 -1.000000 -0.124899
v 0.129029 -0.946583 -0.124899
v 0.129029 -0.850000 -0.124899
v 0.129029 -1.000000 -0.139293
v 0.129029 -0.947056 -0.139160
v 0.129029 -0.850000 -0.139090
v 0.129029 -1.000000 -0.146939
v 0.129029 -0.947959 -0.146939
v 0.129029 -0.850000 -0.146940
v 0.109675 -0.750000 -0.146940
v 0.109675 -0.650000 -0.146940
v 0.109675 -0.550000 -0.146940
v 0.109675 -0.450000 -0.146940
v 0.109675 -0.350000 -0.146940
v 0.109675 -0.250000 -0.146940
v 0.109675 -0.150000 -0.146940
v 0.109675 -0.050000 -0.146940
v 0.122137 -0.750000 -0.146940
v 0.122137 -0.650000 -0.146940
v 0.122137 -0.550000 -0.146940
v 0.122137 -0.450000 -0.146940
v 0.122137 -0.350000 -0.146940
v 0.122137 -0.250000 -0.146940
v 0.122137 -0.150000 -0.146940
v 0.122018 -0.049998 -0.146792
v 0.129029 -0.750000 -0.124899
v 0.129029 -0.650000 -0.124899
v 0.129029 -0.550000 -0.124899
v 0.129029 -0.450000 -0.124899
v 0.129029 -0.350000 -0.124899
v 0.128950 -0.250000 -0.124899
v 0.129029 -0.150000 -0.124899
v 0.129029 -0.050000 -0.124899
v 0.129029 -0.750000 -0.139090
v 0.129029 -0.650000 -0.139091
v 0.129029 -0.550000 -0.139091
v 0.129029 -0.450000 -0.139091
v 0.129029 -0.350000 -0.139091
v 0.129029 -0.250000 -0.139091
v 0.129029 -0.150000 -0.139091
v 0.128856 -0.049997 -0.138876
v 0.129029 -0.750000 -0.146940
v 0.129029 -0.650000 -0.146940
v 0.129029 -0.550000 -0.146940
v 0.129029 -0.450000 -0.146940
v 0.129029 -0.350000 -0.146940
v 0.129029 -0.250000 -0.146940
v 0.129029 -0.150000 -0.146940
v 0.127662 -0.049977 -0.145241
v 0.006451 1.000000 -0.007347
v 0.006451 1.000000 -0.022041
v 0.006451 1.000000 -0.036735
v 0.006451 1.000000 -0.051429
v 0.006451 1.000000 -0.066123
v 0.006451 1.000000 -0.080817
v 0.006451 1.000000 -0.095511
v 0.006451 1.000000 -0.110205
v 0.019354 1.000000 -0.007347
v 0.019354 1.000000 -0.022041
v 0.019354 1.000000 -0.036735
v 0.019354 1.000000 -0.051429
v 0.019354 1.000000 -0.066123
v 0.019354 1.000000 -0.080817
v 0.019354 1.000000 -0.095511
v 0.019354 1.000000 -0.110205
v 0.032257 1.000000 -0.007347
v 0.032257 1.000000 -0.022041
v 0.032257 1.000000 -0.036735
v 0.032257 1.000000 -0.051429
v 0.032257 1.000000 -0.066123
v 0.032257 1.000000 -0.080817
v 0.032257 1.000000 -0.095511
v 0.032257 1.000000 -0.110205
v 0.045160 1.000000 -0.007347
v 0.045160 1.000000 -0.022041
v 0.045160 1.000000 -0.036735
v 0.045160 1.000000 -0.051429
v 0.045160 1.000000 -0.066123
v 0.045160 1.000000 -0.080817
v 0.045160 1.000000 -0.095511
v 0.045160 1.000000 -0.110205
v 0.058063 1.000000 -0.007347
v 0.058063 1.000000 -0.022041
v 0.058063 1.000000 -0.036735
v 0.058063 1.000000 -0.051429
v 0.058063 1.000000 -0.066123
v 0.058063 1.000000 -0.080817
v 0.058063 1.000000 -0.095511
v 0.058063 0.999922 -0.110205
v 0.070966 1.000000 -0.007347
v 0.070966 1.000000 -0.022041
v 0.070966 1.000000 -0.036735
v 0.070966 1.000000 -0.051429
v 0.070966 1.000000 -0.066123
v 0.070966 1.000000 -0.080817
v 0.070966 1.000000 -0.095511
v 0.070966 1.000000 -0.110205
v 0.083869 1.000000 -0.007347
v 0.083869 1.000000 -0.022041
v 0.083869 1.000000 -0.036735
v 0.083869 1.000000 -0.051429
v 0.083869 1.000000 -0.066123
v 0.083869 1.000000 -0.080817
v 0.083869 1.000000 -0.095511
v 0.083869 1.000000 -0.110205
v 0.096772 1.000000 -0.007347
v 0.096772 1.000000 -0.022041
v 0.096772 1.000000 -0.036735
v 0.096772 1.000000 -0.051429
v 0.096772 1.000000 -0.066123
v 0.096772 1.000000 -0.080817
v 0.096772 1.000000 -0.095511
v 0.096772 1.000000 -0.110205
v 0.006451 0.050000 -0.146940
v 0.006451 0.150000 -0.146940
v 0.006451 0.250000 -0.146940
v 0.006451 0.350000 -0.146940
v 0.006452 0.450000 -0.146936
v 0.006935 0.549762 -0.143514
v 0.007144 0.649766 -0.142576
v 0.006367 0.750097 -0.146594
v 0.019356 0.050030 -0.146870
v 0.019354 0.150000 -0.146940
v 0.019354 0.250000 -0.146940
v 0.019354 0.350000 -0.146940
v 0.019354 0.450000 -0.146940
v 0.019350 0.550004 -0.146863
v 0.018511 0.651298 -0.142011
v 0.016596 0.754341 -0.132640
v 0.032258 0.050000 -0.146934
v 0.032254 0.149974 -0.146404
v 0.032256 0.249990 -0.146022
v 0.032257 0.350000 -0.146938
v 0.032257 0.450000 -0.146939
v 0.031371 0.550855 -0.141943
v 0.028037 0.654269 -0.126698
v 0.030922 0.752149 -0.139270
v 0.046189 0.047337 -0.138148
v 0.045475 0.146255 -0.124490
v 0.045037 0.249269 -0.130794
v 0.045160 0.349999 -0.146815
v 0.045129 0.449990 -0.146747
v 0.042541 0.549909 -0.131256
v 0.043486 0.650814 -0.137306
v 0.045153 0.750007 -0.146904
v 0.061006 0.042412 -0.125278
v 0.058522 0.147502 -0.136187
v 0.058020 0.249742 -0.144542
v 0.058063 0.350000 -0.146939
v 0.058055 0.449997 -0.146592
v 0.057558 0.549804 -0.131422
v 0.057920 0.649949 -0.144582
v 0.058063 0.750000 -0.146908
v 0.071184 0.049426 -0.145429
v 0.070966 0.150000 -0.146938
v 0.070966 0.250000 -0.146940
v 0.070966 0.350000 -0.146940
v 0.070966 0.450000 -0.146932
v 0.070966 0.550000 -0.146322
v 0.070966 0.650000 -0.146843
v 0.070967 0.750000 -0.146933
v 0.083869 0.050000 -0.146940
v 0.083869 0.150000 -0.146940
v 0.083869 0.250000 -0.146940
v 0.083869 0.350000 -0.146940
v 0.083869 0.450000 -0.146940
v 0.083869 0.550000 -0.146940
v 0.083869 0.650000 -0.146940
v 0.083869 0.750000 -0.146939
v 0.096772 0.050000 -0.146940
v 0.096772 0.150000 -0.146940
v 0.096772 0.250000 -0.146940
v 0.096772 0.350000 -0.146940
v 0.096772 0.450000 -0.146940
v 0.096772 0.550000 -0.146940
v 0.096772 0.650000 -0.146940
v 0.096772 0.750000 -0.146940
v 0.006451 1.000000 -0.124899
v 0.006451 1.000000 -0.139091
v 0.006449 0.850002 -0.146932
v 0.006451 0.946583 -0.146940
v 0.006451 1.000000 -0.146940
v 0.019354 1.000000 -0.124899
v 0.019354 1.000000 -0.139091
v 0.019175 0.850210 -0.146224
v 0.019354 0.946583 -0.146940
v 0.019354 1.000000 -0.146940
v 0.032257 1.000000 -0.124899
v 0.032257 1.000000 -0.139091
v 0.032239 0.850029 -0.146848
v 0.032257 0.946583 -0.146940
v 0.032257 1.000000 -0.146940
v 0.045160 0.999857 -0.124899
v 0.045160 1.000000 -0.139091
v 0.045160 0.850000 -0.146720
v 0.045160 0.946583 -0.146848
v 0.045160 1.000000 -0.146939
v 0.058063 0.995307 -0.124899
v 0.058068 1.000001 -0.138978
v 0.058244 0.850058 -0.138370
v 0.058191 0.946625 -0.142875
v 0.058072 1.000003 -0.146672
v 0.070966 1.000000 -0.124899
v 0.071008 1.000021 -0.138659
v 0.071659 0.850312 -0.139126
v 0.071626 0.946901 -0.139886
v 0.071030 1.000032 -0.146280
v 0.083870 1.000001 -0.124893
v 0.084033 1.000130 -0.137882
v 0.084533 0.850461 -0.141692
v 0.085177 0.947538 -0.136842
v 0.084056 1.000141 -0.145514
v 0.097139 0.999959 -0.123184
v 0.099930 0.998244 -0.124473
v 0.097247 0.850417 -0.143840
v 0.099736 0.947818 -0.129751
v 0.098114 0.999261 -0.140439
v 0.129029 0.050000 -0.007347
v 0.129029 0.150000 -0.007347
v 0.129029 0.250000 -0.007347
v 0.129029 0.350000 -0.007347
v 0.129029 0.450000 -0.007347
v 0.124570 0.549845 -0.007191
v 0.129029 0.650000 -0.007347
v 0.129029 0.750000 -0.007347
v 0.129029 0.050000 -0.022041
v 0.129029 0.150000 -0.022041
v 0.129029 0.250000 -0.022041
v 0.129029 0.350000 -0.022041
v 0.129029 0.450000 -0.022041
v 0.129029 0.550000 -0.022041
v 0.124353 0.650000 -0.022041
v 0.129029 0.750000 -0.022041
v 0.129026 0.050000 -0.036735
v 0.120485 0.150199 -0.036731
v 0.119116 0.252105 -0.037202
v 0.123073 0.351665 -0.036949
v 0.129029 0.450000 -0.036735
v 0.129029 0.550000 -0.036735
v 0.129029 0.650000 -0.036735
v 0.129029 0.750000 -0.036735
v 0.129029 0.050000 -0.051429
v 0.127121 0.150038 -0.051424
v 0.124468 0.250951 -0.051716
v 0.118465 0.352560 -0.053593
v 0.128613 0.450076 -0.051516
v 0.129029 0.550000 -0.051429
v 0.129029 0.650000 -0.051429
v 0.127320 0.750000 -0.051429
v 0.129022 0.050001 -0.066122
v 0.129029 0.150000 -0.066123
v 0.129029 0.250000 -0.066123
v 0.127410 0.350190 -0.066319
v 0.124077 0.450504 -0.066607
v 0.129029 0.550000 -0.066123
v 0.129029 0.650000 -0.066123
v 0.129029 0.750000 -0.066123
v 0.129029 0.050000 -0.080817
v 0.129029 0.150000 -0.080817
v 0.129029 0.250000 -0.080817
v 0.129028 0.350000 -0.080817
v 0.129002 0.450003 -0.080819
v 0.129029 0.550000 -0.080817
v 0.129029 0.650000 -0.080817
v 0.129029 0.750000 -0.080817
v 0.129029 0.050000 -0.095511
v 0.129029 0.150000 -0.095511
v 0.129029 0.250000 -0.095511
v 0.129029 0.350000 -0.095511
v 0.129029 0.450000 -0.095511
v 0.129029 0.550000 -0.095511
v 0.129029 0.650000 -0.095511
v 0.129029 0.750000 -0.095511
v 0.129029 0.050000 -0.110205
v 0.129029 0.150000 -0.110205
v 0.129029 0.250000 -0.110205
v 0.129029 0.350000 -0.110205
v 0.129029 0.450000 -0.110205
v 0.129029 0.550000 -0.110205
v 0.129029 0.650000 -0.110205
v 0.129029 0.750000 -0.110205
v 0.109675 1.000000 -0.007347
v 0.109675 1.000000 -0.022041
v 0.109675 1.000000 -0.036735
v 0.109675 1.000000 -0.051429
v 0.109675 1.000000 -0.066123
v 0.109672 0.999500 -0.080817
v 0.109675 0.997072 -0.095511
v 0.109675 1.000000 -0.110205
v 0.122075 0.994770 -0.007386
v 0.121948 0.994396 -0.022040
v 0.121579 0.992436 -0.036756
v 0.121782 0.995198 -0.051446
v 0.121688 0.997204 -0.065803
v 0.104818 0.991889 -0.083811
v 0.121526 0.998036 -0.095719
v 0.121645 0.998432 -0.110213
v 0.129029 0.850000 -0.007347
v 0.128999 0.946539 -0.007348
v 0.126039 0.995551 -0.007486
v 0.129029 0.850000 -0.022041
v 0.129008 0.946554 -0.022041
v 0.126830 0.996946 -0.022032
v 0.129029 0.850000 -0.036735
v 0.129019 0.946566 -0.036735
v 0.128128 0.998399 -0.036752
v 0.129029 0.850000 -0.051429
v 0.129024 0.946571 -0.051429
v 0.128595 0.998477 -0.051450
v 0.128768 0.850000 -0.066123
v 0.128982 0.946558 -0.066111
v 0.127404 0.997190 -0.065058
v 0.122603 0.850235 -0.080892
v 0.112613 0.946248 -0.082102
v 0.119211 0.993086 -0.083255
v 0.129028 0.850000 -0.095511
v 0.128821 0.946589 -0.095529
v 0.128733 0.998783 -0.095637
v 0.127368 0.850001 -0.110205
v 0.129027 0.946577 -0.110205
v 0.128634 0.998718 -0.110211
v 0.109675 0.050000 -0.146940
v 0.109675 0.150000 -0.146940
v 0.109675 0.250000 -0.146940
v 0.109675 0.350000 -0.146940
v 0.109675 0.450000 -0.146940
v 0.109675 0.550000 -0.146940
v 0.109675 0.650000 -0.146940
v 0.109675 0.750000 -0.146940
v 0.120254 0.050216 -0.142919
v 0.120733 0.150275 -0.146350
v 0.120364 0.250433 -0.145847
v 0.122136 0.350000 -0.146940
v 0.122137 0.450000 -0.146940
v 0.122137 0.550000 -0.146940
v 0.122137 0.650000 -0.146940
v 0.122137 0.750000 -0.146940
v 0.129029 0.050000 -0.124899
v 0.129029 0.150000 -0.124899
v 0.129029 0.250000 -0.124899
v 0.129029 0.350000 -0.124899
v 0.129029 0.450000 -0.124899
v 0.129029 0.550000 -0.124899
v 0.129029 0.650000 -0.124899
v 0.129029 0.750000 -0.124899
v 0.126656 0.050337 -0.136232
v 0.121849 0.151143 -0.137482
v 0.123784 0.251154 -0.137484
v 0.129028 0.350000 -0.139090
v 0.129029 0.450000 -0.139091
v 0.129029 0.550000 -0.139091
v 0.129029 0.650000 -0.139091
v 0.129029 0.750000 -0.139091
v 0.125069 0.050427 -0.141996
v 0.126359 0.150559 -0.145706
v 0.125173 0.250885 -0.145094
v 0.129029 0.350000 -0.146939
v 0.129029 0.450000 -0.146940
v 0.129029 0.550000 -0.146940
v 0.129029 0.650000 -0.146940
v 0.129029 0.750000 -0.146940
v 0.110123 0.999311 -0.123090
v 0.115564 0.989756 -0.116137
v 0.109761 0.849972 -0.146504
v 0.113541 0.942940 -0.129426
v 0.112495 0.995909 -0.135296
v 0.121693 0.998492 -0.124787
v 0.121923 0.998793 -0.138648
v 0.122138 0.849999 -0.146934
v 0.122291 0.946988 -0.146499
v 0.122312 0.999472 -0.146360
v 0.129029 0.850000 -0.124899
v 0.129027 0.946576 -0.124898
v 0.128598 0.998541 -0.124791
v 0.129029 0.850000 -0.139091
v 0.129026 0.947046 -0.139158
v 0.128572 0.998474 -0.138931
v 0.129029 0.850000 -0.146940
v 0.129029 0.947956 -0.146937
v 0.128968 0.999510 -0.146615
vn -0.9999 0.0005 -0.0137
vn -0.9834 0.1641 -0.0776
vn -0.9999 -0.0000 -0.0169
vn -0.9758 0.2183 -0.0104
vn -0.0043 0.0013 1.0000
vn -0.0000 -0.0000 1.0000
vn -0.1905 0.0444 0.9807
vn 0.0052 -0.9989 -0.0456
vn 0.0023 -0.9990 -0.0455
vn -0.0000 -0.9984 -0.0563
vn 0.0014 -0.9984 -0.0565
vn 0.0067 -0.9983 -0.0572
vn -0.9575 -0.2867 -0.0325
vn -0.0037 0.0011 1.0000
vn -0.0003 -0.0000 1.0000
vn -0.0069 0.0001 1.0000
vn -0.0137 0.0001 0.9999
vn -0.0006 -0.9990 -0.0453
vn 0.0134 -0.9982 -0.0582
vn -0.9835 -0.1638 -0.0769
vn -0.9999 -0.0001 -0.0138
vn -0.9999 -0.0002 -0.0138
vn -0.9999 -0.0000 -0.0139
vn -0.9872 0.1224 -0.1023
vn -0.9755 -0.2196 -0.0118
vn -0.9999 0.0001 -0.0169
vn -0.9929 0.0980 -0.0667
vn -0.9943 -0.0333 -0.1010
vn -0.9991 0.0432 0.0051
vn -0.1918 -0.0437 0.9805
vn -0.0001 -0.0000 1.0000
vn -0.0002 -0.0000 1.0000
vn -0.0005 -0.0001 1.0000
vn -0.0045 -0.0013 1.0000
vn 0.0214 -0.0062 0.9998
vn -0.0884 -0.0000 0.9961
vn -0.0884 0.0051 0.9961
vn -0.0034 -0.0010 1.0000
vn 0.0069 -0.0020 1.0000
vn 0.0138 -0.0000 0.9999
vn 0.0276 -0.0000 0.9996
vn -0.9991 0.0111 -0.0406
vn 0.0887 -0.9933 -0.0745
vn -0.9416 0.3332 -0.0495
vn -0.9901 -0.0567 0.1282
vn -0.9994 -0.0239 -0.0269
vn -0.9998 -0.0207 -0.0066
vn -0.9999 -0.0001 -0.0168
vn -0.9999 -0.0002 -0.0168
vn 0.2810 -0.9537 -0.1069
vn 0.5321 -0.8333 -0.1499
vn 0.3774 -0.9259 0.0157
vn -0.0319 -0.9991 -0.0268
vn 0.0014 -0.9984 -0.0560
vn 0.0034 -0.9984 -0.0558
vn 0.0026 -0.9984 -0.0558
vn 0.0018 -0.9984 -0.0560
vn -0.9912 -0.1286 0.0325
vn -0.9964 0.0635 -0.0555
vn -0.9965 -0.0632 -0.0553
vn -0.9960 0.0676 -0.0579
vn -0.9932 0.0241 -0.1142
vn -0.9999 0.0074 -0.0126
vn -0.9962 -0.0325 0.0810
vn -0.9976 -0.0654 0.0229
vn -0.9997 -0.0233 0.0053
vn -0.9883 0.1478 -0.0379
vn -0.9882 -0.1478 -0.0392
vn -0.9888 0.1462 -0.0287
vn -0.9969 -0.0535 0.0579
vn -0.9933 -0.0911 0.0706
vn -0.9999 -0.0001 -0.0167
vn -0.9999 -0.0003 -0.0167
vn -0.9999 -0.0003 -0.0166
vn -0.9999 -0.0006 -0.0169
vn -0.9999 -0.0007 -0.0171
vn -0.9850 0.1717 -0.0188
vn -0.9846 -0.1739 -0.0194
vn -0.9962 0.0790 0.0379
vn -0.9962 -0.0783 0.0382
vn -0.9999 -0.0002 -0.0167
vn -0.9999 -0.0006 -0.0165
vn -0.9834 0.1802 -0.0194
vn -0.9832 -0.1817 -0.0186
vn -0.9999 -0.0001 -0.0169
vn -0.9858 0.1679 -0.0078
vn -0.9858 -0.1677 -0.0078
vn -0.9970 0.0754 0.0198
vn -0.9970 -0.0753 0.0199
vn -0.9942 0.0893 -0.0601
vn -0.9941 -0.0896 -0.0603
vn -0.9998 0.0046 -0.0191
vn -0.9998 -0.0045 -0.0192
vn -0.9917 0.1287 0.0061
vn -0.9920 -0.1263 0.0046
vn -0.9453 0.2873 -0.1542
vn -0.9479 -0.2756 -0.1594
vn -0.9996 -0.0151 -0.0241
vn -0.9967 0.0656 -0.0487
vn -0.9993 -0.0241 -0.0286
vn -0.9997 -0.0233 -0.0022
vn -0.8938 0.4484 0.0126
vn -0.9007 -0.4334 0.0313
vn -0.9998 -0.0169 -0.0105
vn -0.9848 0.1728 -0.0150
vn -0.0008 0.0002 1.0000
vn -0.0012 0.0003 1.0000
vn -0.0002 0.0001 1.0000
vn 0.0758 -0.9950 -0.0657
vn 0.5588 -0.8212 -0.1156
vn -0.0008 0.0006 1.0000
vn -0.0012 0.0007 1.0000
vn -0.0003 0.0003 1.0000
vn 0.0804 -0.9914 -0.1033
vn -0.2594 -0.9544 -0.1476
vn 0.0008 0.0006 1.0000
vn 0.0012 0.0007 1.0000
vn 0.0004 0.0005 1.0000
vn -0.0088 -0.9932 -0.1160
vn -0.2263 -0.9723 -0.0579
vn 0.0010 0.0002 1.0000
vn 0.0015 0.0003 1.0000
vn 0.0004 0.0001 1.0000
vn -0.1414 -0.9868 -0.0791
vn -0.1601 -0.9863 -0.0410
vn -0.0058 -0.9989 -0.0476
vn -0.0029 -0.9989 -0.0469
vn -0.0039 -0.9984 -0.0559
vn -0.0020 -0.9984 -0.0561
vn -0.0032 -0.9984 -0.0560
vn -0.0065 -0.9984 -0.0557
vn -0.0000 -0.9989 -0.0463
vn 0.0001 -0.9984 -0.0563
vn 0.3676 0.1101 0.9234
vn 0.5288 -0.0430 0.8477
vn 0.2210 -0.0662 0.9730
vn 0.1046 0.0313 0.9940
vn 0.3651 0.0508 0.9296
vn 0.3706 -0.0487 0.9275
vn 0.1114 -0.0333 0.9932
vn -0.3689 0.1105 0.9229
vn -0.5303 -0.0436 0.8467
vn -0.2210 -0.0662 0.9730
vn -0.1048 0.0314 0.9940
vn -0.3661 0.0508 0.9292
vn -0.3711 -0.0489 0.9273
vn -0.1114 -0.0333 0.9932
vn 0.6831 -0.7260 -0.0791
vn 0.0159 -0.9999 0.0044
vn -0.3793 -0.9237 0.0545
vn 0.1004 -0.9926 -0.0687
vn 0.1922 -0.9809 -0.0302
vn 0.0047 -0.9985 -0.0551
vn 0.0094 -0.9985 -0.0539
vn -0.6694 -0.7428 -0.0133
vn -0.5940 -0.8022 0.0604
vn -0.1787 -0.9837 -0.0202
vn -0.0401 -0.9939 -0.1027
vn -0.0233 -0.9996 -0.0126
vn 0.0038 -0.9985 -0.0550
vn 0.0113 -0.9986 -0.0526
vn -0.2436 -0.9698 -0.0083
vn -0.0340 -0.9983 -0.0472
vn -0.0010 -0.9984 -0.0562
vn -0.0007 -0.9984 -0.0562
vn -0.0272 -0.9951 -0.0947
vn 0.0065 -0.9996 -0.0279
vn 0.0330 -0.9984 -0.0461
vn -0.0366 -0.9981 -0.0491
vn -0.0004 -0.9984 -0.0562
vn -0.0503 -0.9952 -0.0836
vn 0.0439 -0.9974 -0.0574
vn 0.0936 -0.9952 -0.0276
vn 0.0015 -0.9984 -0.0560
vn 0.0030 -0.9984 -0.0558
vn -0.0003 -0.9984 -0.0562
vn -0.0069 -0.9983 -0.0574
vn -0.0469 -0.9965 -0.0695
vn 0.1620 -0.9802 -0.1142
vn 0.2102 -0.9775 0.0149
vn 0.0020 -0.9984 -0.0560
vn 0.0059 -0.9984 -0.0554
vn -0.0056 -0.9983 -0.0572
vn -0.0208 -0.9980 -0.0597
vn -0.0112 -0.9982 -0.0581
vn -0.1000 -0.9845 -0.1439
vn -0.0157 -0.9996 0.0241
vn 0.0635 -0.9970 -0.0452
vn -0.0004 -0.9984 -0.0563
vn -0.0008 -0.9984 -0.0564
vn -0.1859 -0.9766 -0.1077
vn -0.0961 -0.9947 -0.0361
vn 0.0894 -0.9957 -0.0231
vn -0.0000 -0.9984 -0.0562
vn -0.0903 -0.9935 -0.0692
vn -0.2438 -0.9677 -0.0644
vn -0.1578 -0.9869 -0.0326
vn -0.0002 -0.9984 -0.0562
vn -0.9869 -0.1240 -0.1029
vn -0.9802 0.1982 0.0029
vn -0.9804 -0.1968 0.0046
vn -0.9853 0.1710 -0.0041
vn -0.9853 -0.1707 -0.0032
vn -0.9935 -0.1073 0.0379
vn -0.9943 0.1044 0.0235
vn -0.9944 -0.1034 0.0232
vn -0.9919 0.1271 0.0011
vn -0.9920 -0.1260 0.0011
vn 0.0246 0.0052 0.9997
vn -0.0870 -0.0051 0.9962
vn 0.3555 0.1527 0.9221
vn 0.3634 -0.1516 0.9192
vn 0.3371 0.1502 0.9294
vn 0.3468 -0.1498 0.9259
vn 0.0069 0.0020 1.0000
vn -0.6361 0.1840 0.7494
vn -0.6412 -0.1854 0.7446
vn -0.6120 0.1770 0.7708
vn -0.6199 -0.1793 0.7639
vn -0.9999 0.0001 -0.0137
vn -0.9999 0.0001 -0.0138
vn -0.9999 -0.0002 -0.0136
vn -0.9999 -0.0005 -0.0137
vn 0.0023 0.9990 -0.0455
vn 0.0052 0.9989 -0.0456
vn -0.9575 0.2867 -0.0323
vn -0.0000 0.9984 -0.0563
vn -0.0008 0.9990 -0.0456
vn -0.9999 0.0126 -0.0092
vn -0.9999 -0.0126 -0.0092
vn -0.9989 0.0462 0.0112
vn -0.9989 -0.0459 0.0112
vn -0.9948 0.0844 -0.0578
vn -0.9948 -0.0844 -0.0578
vn -0.9957 0.0758 -0.0536
vn -0.9957 -0.0759 -0.0537
vn -0.9850 0.1713 -0.0190
vn -0.9853 -0.1699 -0.0184
vn -0.9952 0.0976 0.0087
vn -0.9952 -0.0974 0.0089
vn -0.9957 0.0888 0.0263
vn -0.9958 -0.0881 0.0260
vn -0.9997 0.0226 -0.0059
vn -0.9987 0.0370 -0.0348
vn -0.9972 -0.0597 -0.0458
vn -0.9942 -0.0893 -0.0601
vn -0.9896 0.1412 -0.0278
vn -0.9896 -0.1412 -0.0278
vn -0.9851 -0.1714 -0.0143
vn -0.9963 0.0822 0.0232
vn -0.9963 -0.0822 0.0232
vn 0.3240 0.0970 0.9411
vn 0.3240 -0.0970 0.9411
vn 0.2766 0.0828 0.9574
vn 0.2766 -0.0828 0.9574
vn 0.2374 0.0711 0.9688
vn -0.0981 0.0294 0.9947
vn -0.3240 -0.0970 0.9411
vn -0.2766 0.0828 0.9574
vn -0.2766 -0.0828 0.9574
vn 0.0821 0.0057 0.9966
vn 0.0631 0.0189 0.9978
vn 0.1009 -0.0075 0.9949
vn -0.2030 0.0608 0.9773
vn -0.2380 -0.0713 0.9686
vn -0.0158 0.0047 0.9999
vn -0.0316 0.0095 0.9995
vn -0.0211 0.0063 0.9998
vn -0.0631 0.0189 0.9978
vn -0.0349 -0.0047 0.9994
vn -0.0697 -0.0094 0.9975
vn -0.1010 -0.0075 0.9949
vn -0.0096 -0.0029 1.0000
vn -0.0191 -0.0057 0.9998
vn -0.0005 0.9989 -0.0461
vn -0.0000 0.9989 -0.0463
vn 0.2682 0.9587 -0.0949
vn -0.2682 0.9587 -0.0949
vn 0.0017 0.9984 -0.0559
vn 0.5254 0.8447 0.1017
vn 0.6692 0.7379 -0.0881
vn -0.0000 0.9985 -0.0552
vn 0.3372 0.9359 -0.1018
vn 0.6817 0.7288 -0.0640
vn 0.4939 0.8692 0.0229
vn -0.5190 0.8489 0.0997
vn -0.6628 0.7437 -0.0867
vn -0.0017 0.9984 -0.0559
vn -0.3372 0.9359 -0.1018
vn -0.6743 0.7358 -0.0626
vn 0.0053 0.9984 -0.0570
vn 0.4835 0.8751 0.0210
vn -0.5047 0.8547 -0.1216
vn -0.5039 0.8634 0.0246
vn -0.9575 -0.2867 -0.0323
vn -0.9891 0.1450 -0.0242
vn -0.9890 -0.1458 -0.0242
vn -0.9995 0.0276 -0.0160
vn -0.9233 0.3836 -0.0176
vn -0.9252 -0.3790 -0.0212
vn -0.9998 -0.0049 -0.0175
vn -0.9998 -0.0041 -0.0170
vn -0.9841 0.1765 -0.0201
vn -0.9837 0.1776 -0.0280
vn -0.9840 -0.1758 -0.0287
vn -0.9997 0.0214 -0.0134
vn -0.9214 0.3886 -0.0061
vn -0.9222 -0.3863 -0.0155
vn -0.9998 -0.0057 -0.0179
vn -0.9798 0.1978 -0.0283
vn -0.9818 0.1897 -0.0053
vn -0.9833 -0.1817 -0.0081
vn -0.9998 0.0134 -0.0133
vn -0.9276 0.3737 0.0054
vn -0.9261 -0.3771 -0.0142
vn -0.9997 -0.0105 -0.0202
vn -0.9819 0.1892 0.0062
vn -0.9951 0.0937 0.0303
vn -0.9957 -0.0871 0.0308
vn -0.9999 0.0058 -0.0147
vn -0.9319 0.3625 -0.0138
vn -0.9381 -0.3459 -0.0182
vn -0.9992 -0.0309 -0.0261
vn -0.9960 0.0846 0.0294
vn -0.9999 0.0002 -0.0168
vn -0.9999 0.0005 -0.0167
vn -0.9999 0.0005 -0.0166
vn -0.9999 0.0009 -0.0164
vn -0.9355 0.3533 -0.0079
vn -0.9687 -0.2432 -0.0496
vn -0.9907 -0.1246 -0.0544
vn -0.9963 0.0694 -0.0505
vn -0.9642 0.2640 0.0255
vn -0.9991 0.0331 -0.0275
vn -0.9496 -0.3059 -0.0692
vn -0.9888 0.1475 -0.0217
vn -0.9974 0.0564 -0.0442
vn -0.9974 -0.0564 -0.0442
vn -0.9926 0.1208 0.0158
vn -0.9590 0.2831 0.0120
vn -0.9170 -0.3988 -0.0101
vn -0.9967 0.0784 0.0213
vn -0.9905 0.1349 -0.0279
vn -0.9904 -0.1356 -0.0283
vn -0.9995 0.0303 -0.0053
vn -0.9592 0.2797 0.0413
vn -0.9525 -0.3027 0.0321
vn -0.9999 -0.0027 -0.0167
vn -0.9998 -0.0030 -0.0177
vn -0.9870 0.1596 -0.0178
vn -0.9868 -0.1609 -0.0177
vn -0.9999 0.0032 -0.0153
vn -0.9936 0.1063 0.0377
vn -0.9937 -0.1059 0.0367
vn -0.9999 -0.0008 -0.0165
vn -0.9999 -0.0009 -0.0164
vn -0.9927 0.1204 0.0040
vn -0.9927 -0.1204 0.0041
vn -0.9999 0.0001 -0.0168
vn -0.9999 -0.0000 -0.0168
vn -0.9999 -0.0000 -0.0167
vn -0.9999 0.0001 -0.0170
vn -0.9992 0.0410 0.0040
vn -0.9992 -0.0398 0.0035
vn 0.0005 -0.9984 -0.0563
vn 0.0009 -0.9984 -0.0564
vn 0.0013 -0.9984 -0.0564
vn 0.0018 -0.9984 -0.0565
vn 0.0866 -0.9941 -0.0649
vn 0.1148 -0.9923 -0.0473
vn 0.0007 -0.9984 -0.0562
vn 0.0090 -0.9984 -0.0554
vn 0.0239 -0.9983 -0.0541
vn 0.0062 -0.9983 -0.0573
vn 0.0123 -0.9982 -0.0583
vn 0.3982 -0.9112 -0.1058
vn 0.7669 -0.6372 -0.0769
vn 0.7017 -0.7121 0.0212
vn 0.2387 -0.9709 -0.0182
vn 0.0113 -0.9980 -0.0617
vn -0.0473 -0.9863 -0.1582
vn -0.6251 -0.7789 -0.0508
vn -0.4461 -0.8938 -0.0459
vn 0.2990 -0.9537 0.0325
vn -0.0082 -0.9983 -0.0575
vn 0.0001 -0.9980 -0.0634
vn -0.2398 -0.9650 -0.1060
vn -0.2587 -0.9660 0.0003
vn -0.4430 -0.8891 -0.1149
vn -0.4538 -0.8911 -0.0030
vn -0.0061 -0.9983 -0.0572
vn -0.0245 -0.9979 -0.0598
vn -0.0084 -0.9983 -0.0575
vn -0.1070 -0.9922 -0.0645
vn -0.0827 -0.9956 -0.0439
vn -0.0239 -0.9979 -0.0597
vn -0.0080 -0.9983 -0.0574
vn -0.0082 -0.9983 -0.0574
vn -0.0832 -0.9947 -0.0612
vn -0.0002 -0.9984 -0.0563
vn -0.0006 -0.9984 -0.0563
vn -0.0003 -0.9984 -0.0563
vn -0.0001 -0.9984 -0.0562
vn 0.0010 -0.9984 -0.0561
vn 0.0029 -0.9984 -0.0558
vn 0.0912 -0.9950 -0.0420
vn -0.0351 -0.9988 -0.0338
vn -0.0594 -0.9971 -0.0475
vn 0.0015 -0.9984 -0.0556
vn 0.0421 -0.9972 -0.0623
vn 0.0466 -0.9977 -0.0502
vn 0.1451 -0.9854 -0.0889
vn 0.2032 -0.9787 -0.0302
vn -0.9999 0.0003 -0.0172
vn -0.9997 0.0053 -0.0228
vn -0.9997 -0.0057 -0.0226
vn -0.9709 0.0215 -0.2386
vn -0.9844 0.0249 -0.1739
vn -0.9843 -0.0282 -0.1740
vn -0.9891 -0.0000 -0.1470
vn 0.1741 -0.7620 -0.6237
vn -0.0046 0.0015 -1.0000
vn -0.0024 0.0008 -1.0000
vn -0.0022 0.0007 -1.0000
vn 0.0877 0.0928 -0.9918
vn 0.1925 -0.0621 -0.9793
vn 0.0974 -0.0277 -0.9949
vn -0.0000 -0.0000 -1.0000
vn 0.0007 -0.0002 -1.0000
vn 0.0001 -0.0000 -1.0000
vn 0.0005 -0.0001 -1.0000
vn -0.0248 -0.8967 -0.4418
vn -0.0124 -0.8963 -0.4433
vn -0.0006 0.0002 -1.0000
vn -0.0001 -0.0000 -1.0000
vn -0.2005 0.0609 -0.9778
vn -0.1037 0.0241 -0.9943
vn 0.2296 -0.0438 -0.9723
vn 0.1366 -0.0389 -0.9899
vn 0.0115 -0.0034 -0.9999
vn 0.0019 -0.0006 -1.0000
vn 0.0082 -0.0024 -1.0000
vn -0.0000 -0.8957 -0.4447
vn 0.0016 0.0007 -1.0000
vn -0.0016 0.0005 -1.0000
vn 0.0255 0.0065 -0.9997
vn -0.1882 0.0556 -0.9806
vn -0.2042 0.0166 -0.9788
vn 0.3422 0.0393 -0.9388
vn 0.3824 -0.0976 -0.9188
vn 0.0163 -0.0049 -0.9999
vn 0.0327 -0.0098 -0.9994
vn 0.0028 0.0009 -1.0000
vn 0.0002 0.0001 -1.0000
vn 0.0390 0.0094 -0.9992
vn 0.0699 0.0164 -0.9974
vn -0.0524 0.0155 -0.9985
vn -0.4361 0.0768 -0.8966
vn -0.1010 -0.0196 -0.9947
vn 0.3768 -0.0538 -0.9247
vn 0.0023 -0.9985 -0.0553
vn 0.0001 -0.8957 -0.4446
vn 0.0300 0.0096 -0.9995
vn 0.2385 0.0777 -0.9680
vn 0.2478 -0.0369 -0.9681
vn 0.0098 -0.0403 -0.9991
vn -0.0150 0.0044 -0.9999
vn -0.0052 0.0015 -1.0000
vn -0.0075 0.0022 -1.0000
vn -0.3011 0.0820 -0.9501
vn -0.3165 -0.0160 -0.9485
vn 0.0046 -0.9985 -0.0544
vn 0.0123 -0.8950 -0.4460
vn 0.0597 0.0190 -0.9980
vn -0.0394 0.1057 -0.9936
vn -0.1681 -0.0983 -0.9808
vn -0.0721 -0.0216 -0.9972
vn -0.0002 0.0001 -1.0000
vn -0.1078 0.0320 -0.9937
vn 0.0698 -0.9971 -0.0303
vn 0.0245 -0.8941 -0.4472
vn 0.2096 0.0873 -0.9739
vn 0.0419 -0.0457 -0.9981
vn -0.1459 -0.0474 -0.9882
vn -0.0021 -0.0006 -1.0000
vn -0.0044 0.0013 -1.0000
vn -0.9844 -0.1748 -0.0207
vn -0.9951 0.0811 -0.0564
vn -0.9952 -0.0802 -0.0560
vn -0.9800 -0.1970 -0.0281
vn -0.9958 0.0795 0.0461
vn -0.9998 -0.0176 -0.0031
vn -0.9957 -0.0636 -0.0673
vn -0.9818 -0.1897 0.0046
vn -0.9844 0.1672 -0.0554
vn -0.9844 -0.1663 -0.0569
vn -0.9959 -0.0851 0.0297
vn -0.9939 0.1032 0.0396
vn -0.9939 -0.1033 0.0397
vn -0.9963 -0.0694 -0.0505
vn -0.9961 0.0720 -0.0518
vn -0.9960 -0.0723 -0.0519
vn -0.9888 -0.1476 -0.0217
vn -0.9913 0.1308 -0.0113
vn -0.9913 -0.1315 -0.0111
vn -0.9966 -0.0791 0.0216
vn -0.9969 0.0784 0.0035
vn -0.9969 -0.0786 0.0035
vn -0.9957 0.0755 -0.0534
vn -0.9957 -0.0755 -0.0534
vn -0.9953 0.0871 -0.0411
vn -0.9953 -0.0877 -0.0413
vn -0.9970 0.0749 0.0196
vn -0.9970 -0.0749 0.0196
vn -0.9897 0.1421 -0.0199
vn -0.9895 -0.1430 -0.0195
vn -0.9956 0.0760 -0.0539
vn -0.9956 -0.0760 -0.0539
vn -0.9970 0.0745 0.0195
vn -0.9969 0.0755 0.0234
vn -0.9969 -0.0755 0.0234
vn -0.9965 0.0659 -0.0517
vn -0.9968 -0.0571 -0.0554
vn 0.3465 0.9324 -0.1029
vn 0.3446 0.9387 -0.0028
vn 0.5663 0.8142 -0.1283
vn 0.5618 0.8265 0.0351
vn -0.3465 0.9324 -0.1029
vn -0.3446 0.9387 -0.0028
vn 0.8123 0.5826 -0.0268
vn 0.5798 0.7940 -0.1825
vn 0.5569 0.8294 0.0443
vn -0.5663 0.8142 -0.1283
vn -0.5618 0.8265 0.0351
vn -0.9828 0.1715 -0.0682
vn -0.9869 -0.1476 -0.0652
vn -0.9891 0.0001 -0.1472
vn -0.9891 -0.0000 -0.1474
vn -0.9891 -0.0002 -0.1474
vn -0.9943 0.1065 0.0109
vn -0.9970 -0.0779 0.0034
vn 0.1203 0.0368 -0.9920
vn 0.2235 -0.0062 -0.9747
vn 0.0891 -0.0057 -0.9960
vn 0.1080 -0.0047 -0.9941
vn 0.1177 -0.0043 -0.9930
vn 0.1426 -0.0155 -0.9897
vn 0.0879 -0.0055 -0.9961
vn 0.2261 0.7481 -0.6239
vn -0.0026 0.0008 -1.0000
vn -0.1266 0.0267 -0.9916
vn -0.1126 0.0247 -0.9933
vn -0.1137 0.0379 -0.9928
vn -0.1395 0.0155 -0.9901
vn -0.1121 0.0181 -0.9935
vn 0.0927 0.0069 -0.9957
vn 0.1306 -0.0328 -0.9909
vn -0.0169 0.8856 -0.4642
vn 0.0006 -0.0002 -1.0000
vn -0.0019 0.0006 -1.0000
vn -0.0077 0.0023 -1.0000
vn -0.0844 0.0206 -0.9962
vn -0.2303 0.0247 -0.9728
vn -0.1431 -0.0107 -0.9897
vn 0.1649 0.8823 -0.4408
vn 0.1399 -0.0406 -0.9893
vn 0.0205 -0.0061 -0.9998
vn 0.0022 -0.0007 -1.0000
vn 0.0149 -0.0044 -0.9999
vn -0.0723 0.0228 -0.9971
vn -0.2115 0.8805 -0.4243
vn 0.3698 0.0520 -0.9277
vn 0.4373 -0.1005 -0.8937
vn 0.0297 -0.0088 -0.9995
vn 0.0592 -0.0176 -0.9981
vn 0.0020 -0.0005 -1.0000
vn 0.0016 -0.0004 -1.0000
vn -0.0000 0.8957 -0.4447
vn -0.4685 0.0881 -0.8791
vn -0.2660 -0.0507 -0.9626
vn 0.2915 -0.0315 -0.9561
vn 0.1594 -0.0448 -0.9862
vn 0.0031 -0.0008 -1.0000
vn 0.0057 -0.0014 -1.0000
vn 0.0003 -0.0001 -1.0000
vn -0.0088 0.0026 -1.0000
vn -0.0030 0.0009 -1.0000
vn -0.2112 0.0581 -0.9757
vn -0.2341 0.0212 -0.9720
vn 0.3865 0.0504 -0.9209
vn 0.6802 0.0036 -0.7330
vn 0.5339 -0.0822 -0.8416
vn 0.1533 -0.0470 -0.9871
vn 0.0001 0.9984 -0.0563
vn -0.0004 0.9984 -0.0562
vn 0.0015 0.9983 -0.0576
vn 0.0024 0.9983 -0.0589
vn 0.0049 0.9983 -0.0576
vn 0.0006 0.9984 -0.0564
vn 0.0007 0.9983 -0.0578
vn -0.0002 0.9982 -0.0601
vn 0.0011 0.9984 -0.0565
vn 0.1001 0.9899 -0.1002
vn 0.0023 0.9984 -0.0568
vn 0.5720 0.8100 -0.1292
vn -0.1063 0.9895 -0.0980
vn 0.5653 0.8237 0.0438
vn -0.5720 0.8100 -0.1292
vn -0.5668 0.8227 0.0441
vn 0.0082 -0.9988 -0.0486
vn 0.0003 -0.9984 -0.0563
vn 0.0044 -0.9986 -0.0521
vn 0.0043 -0.9986 -0.0521
vn 0.2093 -0.9744 -0.0819
vn -0.0082 -0.9987 -0.0510
vn 0.2421 -0.9590 -0.1473
vn -0.0043 -0.9989 -0.0475
vn -0.4114 -0.9045 -0.1119
vn 0.2627 0.0814 0.9614
vn -0.0021 -0.9984 -0.0566
vn -0.0007 -0.9984 -0.0564
vn -0.0010 -0.9984 -0.0564
vn -0.2627 0.0814 0.9614
vn -0.0008 -0.0002 1.0000
vn -0.0026 -0.0003 1.0000
vn 0.0005 -0.9989 -0.0461
vn 0.0178 0.0053 0.9998
vn 0.2909 0.0871 0.9528
vn 0.2912 -0.0872 0.9527
vn 0.0532 0.0159 0.9985
vn 0.2808 0.0535 0.9583
vn 0.6101 0.0693 0.7893
vn 0.4670 -0.1398 0.8732
vn -0.2901 -0.0869 0.9530
vn -0.0178 0.0053 0.9998
vn -0.0532 0.0159 0.9985
vn -0.2806 0.0534 0.9583
vn -0.6076 0.0685 0.7913
vn -0.4647 -0.1392 0.8744
vn 0.4408 0.1320 0.8879
vn 0.4408 -0.1320 0.8879
vn -0.2627 -0.0787 0.9617
vn -0.4408 0.1320 0.8879
vn -0.0451 -0.0135 0.9989
vn -0.4103 0.1229 0.9036
vn -0.0029 0.0002 1.0000
vn -0.0011 0.0003 1.0000
vn -0.0005 -0.0002 1.0000
vn -0.0010 -0.0000 1.0000
vn -0.0005 0.0002 1.0000
vn 0.0001 -0.9984 -0.0562
vn 0.0032 -0.9984 -0.0556
vn 0.0048 -0.9985 -0.0553
vn 0.0362 -0.9975 -0.0615
vn 0.1294 -0.9895 -0.0641
vn 0.0930 -0.9948 -0.0425
vn 0.0012 -0.9984 -0.0561
vn 0.0023 -0.9984 -0.0559
vn 0.2437 -0.9694 -0.0295
vn 0.0642 -0.9970 -0.0432
vn 0.0096 -0.9985 -0.0543
vn -0.0093 -0.9978 -0.0654
vn -0.0122 -0.9980 -0.0621
vn 0.2860 -0.9514 -0.1142
vn 0.2963 -0.9550 0.0141
vn 0.0068 -0.9985 -0.0549
vn 0.0137 -0.9985 -0.0535
vn 0.6893 -0.7221 -0.0585
vn 0.6910 -0.7202 0.0617
vn 0.2785 -0.9604 0.0032
vn -0.0084 -0.9984 -0.0560
vn -0.1895 -0.9718 -0.1401
vn -0.1421 -0.9894 0.0287
vn 0.0074 -0.9985 -0.0547
vn 0.0222 -0.9984 -0.0516
vn -0.7367 -0.6714 -0.0806
vn -0.6356 -0.7708 0.0430
vn -0.1789 -0.9837 0.0200
vn -0.0059 -0.9985 -0.0541
vn -0.1255 -0.9867 -0.1035
vn -0.0738 -0.9970 -0.0234
vn 0.0511 -0.9979 -0.0409
vn -0.0661 -0.9955 -0.0674
vn -0.1671 -0.9836 -0.0672
vn -0.1145 -0.9928 -0.0363
vn -0.0071 -0.9984 -0.0563
vn -0.0034 -0.9984 -0.0558
vn -0.0920 -0.9931 -0.0726
vn -0.1501 -0.9872 -0.0531
vn -0.0594 -0.9973 -0.0421
vn -0.0063 -0.9984 -0.0553
vn -0.0001 -0.9984 -0.0563
vn -0.0028 -0.9984 -0.0567
vn -0.0207 -0.9981 -0.0576
vn -0.0104 -0.9983 -0.0569
vn -0.0246 -0.9982 -0.0554
vn -0.0123 -0.9984 -0.0559
vn -0.0047 -0.9984 -0.0556
vn -0.0010 -0.0003 1.0000
vn -0.0053 -0.0007 1.0000
vn 0.0008 -0.9990 -0.0456
vn -0.1833 -0.0577 0.9814
vn -0.0023 -0.9990 -0.0455
vn 0.1148 -0.0316 0.9929
vn -0.0052 -0.9989 -0.0456
vn 0.9999 0.0005 -0.0137
vn 0.9919 0.1104 -0.0629
vn 0.9999 -0.0000 -0.0169
vn 0.9575 -0.2867 -0.0323
vn 0.9967 0.0788 0.0209
vn -0.0059 0.0005 1.0000
vn -0.0014 0.0004 1.0000
vn -0.0134 -0.0042 0.9999
vn -0.0286 -0.0005 0.9996
vn -0.0170 0.0042 0.9998
vn -0.0016 0.0005 1.0000
vn -0.5058 0.0088 0.8626
vn -0.1392 0.0436 0.9893
vn -0.0092 0.0016 1.0000
vn -0.0516 -0.0162 0.9985
vn -0.0460 0.0122 0.9989
vn -0.0591 0.0143 0.9981
vn 0.0013 0.0009 1.0000
vn 0.2566 0.0301 0.9661
vn 0.2246 -0.0139 0.9744
vn 0.0389 -0.0068 0.9992
vn 0.0820 -0.0009 0.9966
vn 0.0821 -0.0007 0.9966
vn 0.0863 0.0119 0.9962
vn 0.0057 0.0009 1.0000
vn 0.0113 0.0018 0.9999
vn 0.9765 0.1459 -0.1585
vn 0.9655 -0.2399 -0.1011
vn 0.9999 -0.0000 -0.0139
vn 0.9999 0.0008 -0.0146
vn 0.9999 0.0016 -0.0154
vn 0.9933 0.0761 -0.0871
vn 0.9792 0.0341 -0.2001
vn 0.9855 -0.1158 -0.1242
vn 0.9592 0.2823 0.0117
vn 0.9416 -0.3355 -0.0295
vn 0.9997 0.0064 -0.0223
vn 0.9806 0.1640 -0.1072
vn 0.9778 0.1196 -0.1720
vn 0.9855 -0.1677 -0.0274
vn 0.9931 -0.1105 0.0393
vn 0.9999 0.0001 -0.0169
vn 0.9999 0.0001 -0.0168
vn 0.9999 -0.0002 -0.0170
vn 0.9999 0.0008 -0.0163
vn 0.9999 0.0015 -0.0159
vn 0.9999 0.0016 -0.0158
vn 0.8740 0.4709 0.1203
vn 0.9781 -0.1938 0.0757
vn 0.9990 0.0025 -0.0450
vn 0.9583 -0.2856 0.0143
vn 0.9999 -0.0045 -0.0141
vn 0.9999 -0.0001 -0.0168
vn 0.9975 0.0515 -0.0494
vn 0.9679 0.2504 -0.0224
vn 0.9884 0.1438 0.0485
vn 0.9809 0.1834 0.0642
vn 0.9960 -0.0894 -0.0007
vn 0.9683 -0.2493 -0.0169
vn 0.9999 -0.0000 -0.0168
vn 0.9999 -0.0002 -0.0168
vn 0.9880 0.1490 -0.0411
vn 0.9958 0.0876 -0.0257
vn 0.9609 0.2765 -0.0165
vn 0.9996 0.0058 -0.0278
vn 0.9586 -0.2829 -0.0323
vn 0.9900 0.1403 0.0127
vn 0.9949 0.1004 -0.0049
vn 0.9999 0.0003 -0.0169
vn 0.9480 0.3163 -0.0358
vn 0.9965 -0.0824 0.0143
vn 0.9759 -0.2156 0.0344
vn 0.9992 0.0405 0.0028
vn 0.9857 0.1646 0.0364
vn 0.9511 0.3088 0.0089
vn 0.9877 -0.1562 -0.0075
vn 0.9904 -0.1352 -0.0273
vn 0.9942 0.1076 -0.0027
vn 0.9902 0.1314 0.0470
vn 0.9985 0.0203 0.0500
vn 0.9886 -0.1498 -0.0133
vn 0.9992 0.0395 0.0023
vn 0.9906 0.1364 -0.0139
vn 0.9904 -0.1376 -0.0140
vn 0.9966 0.0662 -0.0490
vn 0.9966 -0.0662 -0.0490
vn 0.9165 0.3993 -0.0225
vn 0.8190 0.5549 -0.1459
vn 0.9222 -0.3813 -0.0644
vn 0.8700 -0.4544 -0.1916
vn 0.9702 0.1870 -0.1543
vn 0.9643 0.2643 -0.0133
vn 0.9916 0.0712 -0.1082
vn 0.9605 -0.2529 0.1163
vn 0.9883 -0.0784 0.1305
vn 0.9889 -0.1185 0.0896
vn 0.9753 -0.1957 0.1029
vn 0.9998 0.0023 -0.0190
vn 0.9955 0.0725 -0.0609
vn 0.9643 0.2390 -0.1139
vn 0.0155 0.0046 0.9999
vn -0.0207 0.0062 0.9998
vn 0.4052 -0.1213 0.9061
vn -0.0155 0.0046 0.9999
vn -0.4125 -0.1235 0.9025
vn 0.1344 0.0403 0.9901
vn 0.1344 -0.0403 0.9901
vn -0.1344 0.0403 0.9901
vn -0.1344 -0.0403 0.9901
vn 0.3146 0.0942 0.9446
vn 0.6346 0.0361 0.7720
vn 0.6437 -0.0317 0.7647
vn 0.5255 -0.0212 0.8505
vn 0.3955 -0.0283 0.9180
vn 0.0310 -0.0002 0.9995
vn 0.0155 -0.0048 0.9999
vn 0.0619 0.0185 0.9979
vn -0.0000 -0.0096 1.0000
vn 0.0619 -0.0192 0.9979
vn -0.0310 0.0093 0.9995
vn -0.0619 0.0185 0.9979
vn -0.0310 -0.0096 0.9995
vn -0.0619 -0.0192 0.9979
vn 0.1262 0.9886 -0.0819
vn 0.1259 0.9914 -0.0367
vn 0.2011 0.0624 0.9776
vn 0.2205 -0.1022 0.9700
vn -0.1039 0.9917 -0.0761
vn 0.0251 0.9979 -0.0598
vn 0.1616 -0.0482 0.9857
vn -0.0798 0.1016 0.9916
vn 0.3173 0.0074 0.9483
vn -0.1683 0.9856 -0.0182
vn -0.2810 0.9549 -0.0963
vn 0.5835 0.8016 -0.1302
vn -0.5835 0.8016 -0.1302
vn 0.0294 0.9984 -0.0478
vn 0.1774 0.9836 -0.0337
vn 0.2917 0.9517 -0.0961
vn 0.2903 0.9569 -0.0117
vn -0.0294 0.9984 -0.0478
vn -0.1784 0.9834 -0.0336
vn -0.0003 0.9984 -0.0563
vn -0.2917 0.9517 -0.0961
vn -0.2903 0.9569 -0.0117
vn 0.0401 0.9973 -0.0620
vn 0.5929 0.7960 -0.1219
vn 0.0113 0.0033 0.9999
vn 0.0226 -0.0000 0.9997
vn 0.0151 -0.0044 0.9999
vn -0.3146 0.0942 0.9446
vn -0.6317 0.0347 0.7745
vn -0.6375 -0.0320 0.7698
vn -0.5209 -0.0208 0.8534
vn -0.3942 -0.0282 0.9186
vn -0.0278 0.0044 0.9996
vn 0.0451 -0.0000 0.9990
vn 0.0451 0.0130 0.9989
vn -0.0095 -0.0065 0.9999
vn -0.0001 0.0001 1.0000
vn 0.0002 0.0001 1.0000
vn -0.0003 0.0002 1.0000
vn 0.0004 0.0003 1.0000
vn -0.0416 0.0065 0.9991
vn -0.0830 -0.0000 0.9965
vn -0.0416 -0.0065 0.9991
vn -0.0005 0.0001 1.0000
vn -0.0010 0.0002 1.0000
vn 0.9997 0.0099 -0.0233
vn 0.9984 0.0208 -0.0523
vn 0.9999 0.0002 -0.0169
vn 0.9999 0.0002 -0.0170
vn 0.9999 0.0003 -0.0170
vn 0.9384 0.3051 -0.1621
vn 0.9619 -0.0820 -0.2609
vn -0.1864 -0.0556 0.9809
vn -0.3310 -0.1971 -0.9228
vn -0.0407 -0.2593 -0.9649
vn 0.4227 -0.9025 -0.0832
vn 0.3713 -0.9235 0.0961
vn -0.0564 -0.0271 0.9980
vn -0.1183 -0.0903 0.9889
vn -0.1831 0.2543 0.9496
vn 0.1308 0.8917 -0.4334
vn 0.0520 0.9762 0.2105
vn 0.1144 -0.0042 0.9934
vn 0.0803 -0.0163 0.9966
vn 0.0742 -0.0184 0.9971
vn 0.1165 -0.0034 0.9932
vn 0.0475 0.0720 0.9963
vn 0.9758 0.1338 -0.1727
vn 0.9385 0.1074 -0.3282
vn 0.9285 -0.2261 -0.2946
vn -0.3552 0.9348 -0.0028
vn 0.9777 0.1543 -0.1424
vn 0.9913 -0.1312 0.0140
vn 0.9721 -0.2143 0.0952
vn 0.9279 0.3618 0.0896
vn -0.3442 0.9386 -0.0216
vn 0.9601 -0.2791 0.0162
vn 0.9999 -0.0144 -0.0069
vn 0.9957 0.0675 -0.0635
vn 0.9957 -0.0675 -0.0635
vn 0.9999 0.0008 -0.0170
vn 0.9999 0.0005 -0.0172
vn 0.9999 0.0017 -0.0171
vn 0.9998 0.0015 -0.0178
vn 0.9005 0.4325 -0.0454
vn 0.9785 -0.2056 -0.0141
vn 0.9992 -0.0272 -0.0301
vn 0.9964 0.0846 0.0071
vn 0.9964 -0.0847 0.0071
vn 0.9999 0.0005 -0.0167
vn 0.9999 0.0011 -0.0165
vn 0.8917 0.4527 -0.0016
vn 0.9770 -0.2122 -0.0223
vn 0.9996 -0.0271 -0.0037
vn 0.9998 0.0178 -0.0082
vn 0.9998 -0.0178 -0.0082
vn 0.9999 0.0002 -0.0168
vn 0.9999 0.0004 -0.0167
vn 0.9546 0.2877 0.0770
vn 0.9784 -0.2061 0.0184
vn 0.9999 -0.0001 -0.0169
vn 0.9968 0.0646 -0.0482
vn 0.9968 -0.0646 -0.0482
vn 0.9985 0.0540 0.0094
vn 0.9980 -0.0564 -0.0280
vn 0.9961 0.0307 -0.0822
vn 0.9950 -0.0826 -0.0568
vn 0.9913 0.1303 -0.0179
vn 0.9955 -0.0851 -0.0407
vn 0.9982 -0.0463 -0.0393
vn 0.9867 0.1569 -0.0428
vn 0.9943 -0.1034 -0.0254
vn 0.9957 -0.0909 0.0185
vn 0.9855 0.1663 -0.0334
vn 0.9967 -0.0718 -0.0366
vn 0.9950 -0.0982 -0.0193
vn 0.9605 0.2781 -0.0130
vn 0.9790 -0.2000 -0.0397
vn 0.9964 -0.0733 -0.0437
vn 0.9964 0.0681 -0.0500
vn 0.9830 0.1709 -0.0678
vn 0.9816 -0.1904 -0.0148
vn 0.9984 -0.0565 0.0061
vn 0.9958 -0.0631 -0.0664
vn 0.9701 -0.2140 -0.1141
vn 0.9997 -0.0092 -0.0225
vn 0.9995 -0.0236 -0.0218
vn 0.9419 0.2971 0.1568
vn 0.9999 0.0077 -0.0096
vn 0.9755 0.0152 0.2196
vn 0.9517 0.2913 -0.0967
vn -0.0009 0.9984 -0.0565
vn -0.0007 0.9984 -0.0570
vn -0.0004 0.9984 -0.0566
vn -0.0793 0.9944 -0.0702
vn 0.1982 0.9767 -0.0821
vn 0.1985 0.9797 -0.0279
vn -0.0419 0.9972 -0.0621
vn -0.6318 0.7653 -0.1230
vn 0.0004 0.9984 -0.0561
vn -0.0005 0.9984 -0.0572
vn 0.0018 0.9985 -0.0547
vn 0.0546 0.9967 -0.0596
vn 0.9717 -0.2332 0.0387
vn 0.9820 -0.1757 0.0695
vn 0.9517 -0.2910 -0.0974
vn 0.9799 -0.1842 -0.0763
vn 0.9968 0.0188 0.0783
vn 0.9376 -0.3477 -0.0112
vn -0.1745 0.9816 -0.0777
vn 0.9889 0.1189 0.0891
vn 0.9769 -0.2000 0.0756
vn -0.1847 0.9823 -0.0302
vn 0.9999 -0.0001 -0.0166
vn 0.9999 0.0005 -0.0166
vn 0.9999 -0.0003 -0.0167
vn 0.9999 -0.0006 -0.0166
vn 0.9857 0.1663 0.0285
vn 0.9941 0.1030 -0.0342
vn 0.8750 -0.4794 0.0679
vn 0.9262 -0.3770 0.0035
vn 0.9923 -0.1211 0.0260
vn 0.0006 -0.9984 -0.0563
vn 0.0088 -0.9983 -0.0574
vn 0.0123 -0.9984 -0.0551
vn 0.0103 -0.9984 -0.0552
vn 0.0008 -0.9984 -0.0564
vn 0.0177 -0.9981 -0.0585
vn 0.0330 -0.9976 -0.0604
vn 0.0216 -0.9983 -0.0540
vn 0.0370 -0.9979 -0.0527
vn 0.2024 -0.9756 -0.0851
vn 0.6723 -0.7334 -0.1007
vn 0.7478 -0.6639 -0.0066
vn -0.0018 -0.9984 -0.0565
vn -0.1996 -0.9761 -0.0856
vn -0.6648 -0.7394 -0.1058
vn -0.7066 -0.7074 -0.0185
vn -0.0013 -0.9984 -0.0565
vn -0.0054 -0.9984 -0.0570
vn -0.0624 -0.9960 -0.0636
vn -0.1927 -0.9790 -0.0667
vn -0.1161 -0.9888 -0.0937
vn 0.2093 -0.9740 -0.0865
vn -0.0698 -0.9953 -0.0669
vn -0.1355 -0.9779 -0.1593
vn -0.0022 -0.9984 -0.0566
vn -0.2865 -0.9518 -0.1097
vn 0.0063 -0.9984 -0.0554
vn -0.0341 -0.9975 -0.0617
vn 0.4021 -0.9156 0.0075
vn -0.0000 -0.9984 -0.0559
vn -0.0000 -0.9985 -0.0555
vn 0.0047 -0.9984 -0.0555
vn -0.2997 -0.9537 0.0274
vn -0.0012 -0.9984 -0.0561
vn -0.0024 -0.9984 -0.0559
vn -0.1376 -0.9898 -0.0357
vn 0.4172 -0.9066 0.0626
vn 0.2879 -0.8552 -0.4311
vn -0.0875 0.0214 -0.9959
vn -0.2322 -0.0773 -0.9696
vn -0.0016 -0.0005 -1.0000
vn -0.0074 -0.0024 -1.0000
vn -0.0063 -0.0019 -1.0000
vn 0.1502 -0.9885 0.0161
vn 0.2909 -0.8967 -0.3337
vn -0.0802 -0.0886 -0.9928
vn -0.0037 -0.0015 -1.0000
vn -0.0073 -0.0029 -1.0000
vn -0.0158 -0.0052 -0.9999
vn 0.0090 0.0027 -1.0000
vn 0.0179 -0.0000 -0.9998
vn 0.0090 -0.0027 -1.0000
vn -0.5335 -0.8404 -0.0953
vn -0.3704 -0.8646 -0.3395
vn 0.0066 -0.0726 -0.9973
vn -0.0001 -0.0003 -1.0000
vn -0.0002 -0.0006 -1.0000
vn 0.0119 0.0036 -0.9999
vn 0.0359 -0.0000 -0.9994
vn 0.0181 -0.0054 -0.9998
vn 0.0003 -0.0000 -1.0000
vn 0.0004 0.0001 -1.0000
vn -0.1187 -0.9900 -0.0767
vn -0.2435 -0.8605 -0.4475
vn -0.1175 -0.0359 -0.9924
vn -0.0009 -0.0003 -1.0000
vn -0.0017 -0.0005 -1.0000
vn 0.0993 0.0511 -0.9937
vn 0.1406 -0.0233 -0.9898
vn 0.1817 -0.0254 -0.9830
vn 0.0987 -0.0211 -0.9949
vn 0.1921 0.0493 -0.9801
vn 0.0722 0.0221 -0.9971
vn 0.0939 -0.0151 -0.9955
vn -0.0766 0.0327 -0.9965
vn -0.1008 0.0377 -0.9942
vn -0.0522 0.0277 -0.9983
vn 0.5537 0.0960 -0.8272
vn 0.4164 -0.1077 -0.9028
vn 0.0124 -0.8963 -0.4433
vn 0.0067 0.0464 -0.9989
vn 0.2616 0.0453 -0.9641
vn 0.5024 0.0229 -0.8643
vn 0.5021 0.0230 -0.8645
vn 0.5303 0.0200 -0.8475
vn 0.4726 0.0260 -0.8809
vn -0.3465 0.0464 -0.9369
vn -0.1789 -0.0588 -0.9821
vn 0.0248 -0.8967 -0.4418
vn -0.0806 0.0241 -0.9965
vn -0.3508 0.0582 -0.9347
vn -0.5647 0.0230 -0.8250
vn -0.5958 -0.0091 -0.8031
vn -0.3731 -0.0793 -0.9244
vn -0.4263 0.1006 -0.8990
vn -0.1741 -0.7620 -0.6237
vn 0.9711 0.0199 -0.2380
vn 0.9893 -0.0024 -0.1460
vn 0.9892 -0.0012 -0.1465
vn 0.9891 -0.0000 -0.1470
vn 0.9804 0.1175 -0.1583
vn 0.0875 0.0249 -0.9959
vn 0.9809 -0.1157 -0.1566
vn 0.0860 -0.0245 -0.9960
vn 0.9892 0.0002 -0.1467
vn -0.0049 0.0014 -1.0000
vn 0.9892 0.0001 -0.1465
vn -0.0097 0.0028 -0.9999
vn 0.9998 0.0011 -0.0175
vn 0.9860 0.1483 -0.0762
vn 0.9890 -0.1279 -0.0741
vn 0.9998 -0.0140 -0.0145
vn 0.9999 0.0019 -0.0169
vn 0.9999 0.0018 -0.0171
vn 0.9998 0.0038 -0.0170
vn 0.9998 0.0037 -0.0174
vn 0.9981 0.0489 -0.0384
vn 0.9859 0.1667 -0.0173
vn 0.9799 -0.1995 0.0065
vn 0.9999 -0.0048 -0.0145
vn 0.9999 0.0015 -0.0166
vn 0.9999 0.0029 -0.0164
vn 0.9955 0.0944 -0.0106
vn 0.9942 0.1042 -0.0254
vn 0.9820 -0.1865 -0.0289
vn 0.9999 0.0006 -0.0167
vn 0.9987 0.0510 0.0034
vn 0.9788 0.2042 -0.0122
vn 0.9712 -0.2365 -0.0293
vn 0.9999 0.0014 -0.0163
vn 0.9999 0.0028 -0.0158
vn 0.9684 0.2491 -0.0059
vn 0.9832 -0.1776 -0.0413
vn 0.9967 -0.0086 -0.0807
vn 0.9970 -0.0614 -0.0466
vn 0.9922 0.1190 0.0379
vn 0.9979 -0.0221 0.0610
vn 0.9996 0.0276 0.0054
vn 0.9924 -0.1217 -0.0167
vn 0.9977 0.0660 0.0154
vn 0.9977 -0.0663 0.0156
vn 0.9911 0.1321 -0.0172
vn 0.9910 -0.1327 -0.0175
vn 0.9993 0.0162 -0.0323
vn 0.9999 -0.0000 -0.0170
vn 0.9991 -0.0070 -0.0413
vn 0.9996 -0.0093 -0.0256
vn 0.9937 0.1119 0.0004
vn 0.9986 0.0455 0.0271
vn 0.9937 -0.1120 -0.0000
vn 0.9987 -0.0436 0.0266
vn 0.9999 0.0003 -0.0167
vn 0.9999 0.0011 -0.0164
vn 0.9997 0.0235 -0.0044
vn 0.9990 0.0364 0.0247
vn 0.9999 0.0008 -0.0173
vn 0.9970 -0.0619 -0.0470
vn 0.9973 0.0586 -0.0451
vn 0.9908 0.1334 -0.0228
vn 0.9918 0.1273 0.0084
vn 0.9906 -0.1349 -0.0230
vn 0.9917 -0.1278 0.0104
vn 0.9954 0.0960 -0.0062
vn 0.9986 0.0386 0.0363
vn 0.5788 0.8146 0.0387
vn -0.8123 0.5826 -0.0268
vn -0.5798 0.7940 -0.1825
vn -0.5569 0.8294 0.0443
vn -0.5788 0.8146 0.0387
vn 0.5382 0.8335 -0.1252
vn 0.5523 0.8239 -0.1268
vn 0.7210 0.6929 -0.0105
vn -0.2558 0.9624 -0.0914
vn 0.1247 0.9894 -0.0739
vn -0.4699 0.8748 -0.1177
vn -0.7108 0.7034 -0.0094
vn -0.3419 0.9397 -0.0033
vn -0.1247 0.9894 -0.0739
vn -0.1244 0.9915 -0.0378
vn 0.7951 0.6057 -0.0316
vn 0.8536 0.5193 -0.0420
vn 0.8182 0.5726 -0.0515
vn 0.6388 0.7674 0.0545
vn -0.1228 0.0367 -0.9918
vn -0.5024 0.0867 -0.8603
vn -0.6874 0.0059 -0.7262
vn -0.5355 -0.0825 -0.8405
vn -0.1493 -0.0485 -0.9876
vn 0.0040 -0.0012 -1.0000
vn 0.0034 -0.0007 -1.0000
vn -0.0010 0.0004 -1.0000
vn -0.0001 0.0004 -1.0000
vn -0.0041 0.0007 -1.0000
vn -0.0055 -0.0004 -1.0000
vn -0.0037 -0.0003 -1.0000
vn -0.0046 -0.0014 -1.0000
vn -0.0023 -0.0007 -1.0000
vn 0.3286 0.1036 -0.9388
vn 0.7591 0.5995 -0.2536
vn 0.1092 0.0325 -0.9935
vn 0.1207 -0.0290 -0.9923
vn 0.0009 -0.0015 -1.0000
vn 0.0008 -0.0037 -1.0000
vn 0.0011 0.0007 -1.0000
vn 0.1047 0.0305 -0.9940
vn 0.1030 -0.0311 -0.9942
vn -0.3176 0.1001 -0.9429
vn -0.7407 0.6204 -0.2578
vn 0.2066 0.0193 -0.9782
vn 0.0187 -0.0703 -0.9974
vn -0.0050 -0.0014 -1.0000
vn -0.0104 -0.0038 -0.9999
vn 0.0003 0.0009 -1.0000
vn -0.1009 0.0307 -0.9944
vn -0.1008 -0.0317 -0.9944
vn -0.2639 -0.0249 -0.9642
vn -0.1125 -0.0331 -0.9931
vn 0.4001 0.1054 -0.9104
vn 0.6212 -0.0036 -0.7837
vn 0.6212 -0.0036 -0.7836
vn 0.6297 -0.0034 -0.7769
vn 0.6125 -0.0039 -0.7905
vn 0.4570 -0.0653 -0.8871
vn 0.1359 -0.0416 -0.9898
vn 0.3772 -0.1162 -0.9188
vn 0.0135 -0.0040 -0.9999
vn -0.3976 0.1051 -0.9115
vn -0.6179 -0.0035 -0.7862
vn -0.6178 -0.0035 -0.7863
vn -0.6246 -0.0038 -0.7809
vn -0.6110 -0.0033 -0.7916
vn -0.4521 -0.0623 -0.8898
vn -0.1280 -0.0441 -0.9908
vn -0.0028 -0.0008 -1.0000
vn 0.0124 0.8963 -0.4433
vn -0.1524 -0.0264 -0.9880
vn 0.3270 -0.0715 -0.9423
vn 0.0838 -0.0228 -0.9962
vn 0.0207 0.0047 -0.9998
vn 0.0203 0.0046 -0.9998
vn 0.0036 -0.0007 -1.0000
vn 0.0327 0.0010 -0.9995
vn 0.0096 -0.0053 -0.9999
vn 0.0060 -0.0035 -1.0000
vn 0.0248 0.8967 -0.4418
vn 0.9892 -0.0003 -0.1466
vn -0.3043 0.0830 -0.9490
vn 0.9796 0.0504 -0.1945
vn -0.1725 -0.0047 -0.9850
vn 0.9535 0.0928 -0.2867
vn 0.6249 0.0424 -0.7796
vn 0.9615 -0.0151 -0.2744
vn 0.7721 -0.0306 -0.6347
vn 0.9893 0.0751 -0.1251
vn 0.5832 0.0021 -0.8123
vn 0.9775 -0.1926 -0.0855
vn 0.1809 -0.0762 -0.9805
vn 0.9893 0.0024 -0.1460
vn 0.9711 -0.0199 -0.2380
vn -0.1741 0.7621 -0.6237
vn 0.7665 0.6399 -0.0556
vn 0.4871 0.8641 -0.1264
vn 0.7155 0.6985 -0.0129
vn -0.7538 0.6548 -0.0550
vn -0.1790 0.9803 -0.0838
vn -0.6989 0.7151 -0.0131
vn -0.3434 0.9392 0.0019
vn 0.9667 0.2557 -0.0134
vn 0.9657 -0.2595 -0.0140
vn 0.9961 0.0694 -0.0547
vn 0.9961 -0.0694 -0.0547
vn 0.9834 0.1563 -0.0919
vn 0.9976 -0.0464 -0.0514
vn 0.9937 -0.1099 0.0241
vn 0.9659 0.2580 -0.0204
vn 0.9763 -0.2127 -0.0406
vn 0.9998 0.0202 -0.0071
vn 0.9976 -0.0668 0.0156
vn 0.9575 0.2881 -0.0167
vn 0.9810 -0.1853 -0.0569
vn 0.9930 -0.1064 -0.0514
vn 0.9999 -0.0004 -0.0170
vn 0.9635 0.2675 -0.0146
vn 0.9631 0.2687 -0.0157
vn 0.9881 -0.1520 -0.0247
vn 0.9931 -0.1141 -0.0253
vn 0.9999 0.0010 -0.0164
vn 0.9999 0.0008 -0.0165
vn 0.9999 0.0021 -0.0159
vn 0.9870 0.1500 0.0581
vn 0.9945 -0.0494 0.0928
vn 0.9991 0.0134 -0.0409
vn 0.9896 -0.1233 -0.0742
vn 0.9635 0.2674 -0.0145
vn 0.9863 -0.1651 -0.0013
vn 0.9950 -0.0996 -0.0011
vn 0.9998 0.0179 -0.0080
vn 0.9336 0.3501 -0.0763
vn 0.9491 -0.2824 -0.1397
vn 0.9654 0.2602 -0.0141
vn 0.9736 -0.2281 -0.0009
vn 0.9994 -0.0338 -0.0005
vn 0.9660 0.2258 -0.1258
vn 0.9855 0.1611 -0.0533
vn 0.9653 -0.2452 0.0897
vn 0.9852 0.1687 0.0289
vn 0.9847 -0.1720 0.0289
vn 0.9620 0.2388 -0.1321
vn 0.9946 0.0779 -0.0687
vn 0.9809 -0.1730 0.0887
vn 0.9935 -0.1036 0.0472
vn 0.9622 0.2720 -0.0163
vn 0.9782 -0.2072 0.0108
vn 0.9978 -0.0640 0.0144
vn 0.9964 0.0686 -0.0503
vn 0.9763 0.2159 0.0129
vn 0.9580 -0.2864 -0.0166
vn 0.9999 -0.0046 -0.0146
vn 0.9583 0.2845 -0.0282
vn 0.9601 0.2795 0.0007
vn 0.9582 -0.2847 -0.0280
vn 0.9598 -0.2805 0.0020
vn 0.9936 0.1130 0.0021
vn 0.9986 0.0451 0.0266
vn 0.9941 -0.1086 -0.0022
vn 0.9993 -0.0318 0.0215
vn 0.9524 0.3017 -0.0432
vn 0.9651 0.2548 0.0598
vn 0.9459 -0.3221 -0.0395
vn 0.9590 -0.2735 0.0741
vn -0.8590 0.5115 -0.0229
vn -0.0832 0.9948 -0.0595
vn -0.8713 0.4814 -0.0949
vn -0.9184 0.3953 0.0165
vn -0.5628 0.8247 0.0554
vn 0.9999 -0.0006 -0.0171
vn 0.9998 -0.0012 -0.0174
vn 0.9889 -0.1341 -0.0638
vn 0.9838 -0.1771 0.0290
vn 0.9993 -0.0356 -0.0059
vn 0.9575 0.2867 -0.0323
vn 0.9995 -0.0197 -0.0262
vn 0.9992 -0.0390 0.0022
vn 0.9332 0.3582 0.0300
vn 0.9648 -0.2550 0.0646
vn 0.9955 -0.0895 0.0302
vn 0.9999 -0.0045 -0.0147
vn 0.9953 -0.0962 -0.0063
vn 0.9986 -0.0387 0.0364
vn 0.9998 0.0015 -0.0177
vn 0.9996 0.0101 -0.0266
vn 0.9997 0.0087 -0.0232
vn 0.9969 0.0394 -0.0675
vn 0.9995 0.0054 -0.0306
vn 0.9947 0.0117 -0.1023
vn 0.9741 0.2262 -0.0063
vn 0.9859 0.1559 -0.0606
vn 0.9699 -0.2435 -0.0026
vn 0.9751 -0.2211 -0.0178
vn 0.9999 -0.0004 -0.0167
vn 0.9999 -0.0008 -0.0164
vn -1.0000 -0.0000 -0.0000
vn -1.0000 -0.0000 -0.0002
vn -1.0000 0.0001 -0.0000
vn -0.0000 -1.0000 -0.0000
vn -1.0000 -0.0000 -0.0003
vn -1.0000 0.0022 0.0026
vn -0.9623 0.0444 -0.2682
vn -0.9623 -0.0466 -0.2681
vn -1.0000 0.0001 -0.0001
vn -0.9864 0.0228 -0.1626
vn -0.9866 -0.0229 -0.1617
vn -1.0000 0.0011 0.0066
vn -0.9971 0.0715 -0.0265
vn -0.9968 -0.0729 -0.0321
vn -0.0028 0.0003 1.0000
vn -0.0048 0.0005 1.0000
vn -0.0297 0.0026 0.9996
vn -0.0931 0.0080 0.9956
vn -0.0925 -0.0013 0.9957
vn -0.0886 -0.0005 0.9961
vn -0.0236 -0.0026 0.9997
vn -0.0816 -0.0089 0.9966
vn -0.0004 -0.0000 1.0000
vn -0.0030 0.0003 1.0000
vn -0.0048 -0.0000 1.0000
vn -0.0022 -0.0003 1.0000
vn -1.0000 0.0001 -0.0004
vn -1.0000 -0.0000 -0.0001
vn -1.0000 0.0001 0.0004
vn -1.0000 0.0001 -0.0008
vn -1.0000 -0.0000 -0.0013
vn -0.9974 0.0145 -0.0712
vn -0.9775 0.0127 -0.2105
vn -0.8575 0.0895 -0.5066
vn -0.7179 0.0281 -0.6956
vn -0.8563 0.1192 -0.5025
vn -0.9915 -0.0681 -0.1109
vn -0.6816 0.0317 0.7310
vn -0.7462 -0.0745 0.6616
vn -0.9801 0.0073 0.1984
vn -0.9902 -0.0141 0.1389
vn -1.0000 -0.0000 0.0001
vn -1.0000 -0.0000 0.0002
vn 0.0097 -0.9999 -0.0109
vn 0.0084 -0.9999 -0.0110
vn -0.0042 -0.9999 -0.0115
vn 0.1030 -0.9757 -0.1935
vn 0.4197 -0.8319 -0.3629
vn 0.4707 -0.8435 0.2589
vn 0.1578 -0.9646 0.2114
vn 0.0005 -1.0000 0.0003
vn 0.0001 -1.0000 0.0003
vn 0.0002 -1.0000 0.0007
vn 0.0010 -1.0000 0.0007
vn -0.0030 -1.0000 -0.0027
vn -0.0055 -0.9999 -0.0115
vn -0.1467 -0.9622 -0.2293
vn -0.6886 -0.2465 -0.6820
vn -0.5765 -0.3310 0.7471
vn -0.1073 -0.9553 0.2753
vn -0.0002 -1.0000 0.0002
vn -0.0003 -1.0000 0.0004
vn -1.0000 0.0001 0.0007
vn -0.9881 0.0663 -0.1386
vn -0.9880 -0.0660 -0.1399
vn -0.9998 0.0022 -0.0185
vn -0.9999 -0.0024 -0.0170
vn -0.9959 0.0825 -0.0370
vn -0.9955 -0.0805 -0.0499
vn -0.9999 -0.0022 -0.0147
vn -1.0000 -0.0002 -0.0011
vn -0.9941 0.0781 0.0753
vn -0.9964 -0.0722 0.0437
vn -0.9450 0.0437 -0.3243
vn -0.9521 -0.0488 -0.3019
vn -0.9733 0.0511 0.2237
vn -0.9843 -0.0397 0.1723
vn -0.9983 -0.0126 -0.0567
vn -0.9868 -0.0195 -0.1605
vn -0.9869 0.0408 0.1558
vn -0.9890 0.0142 -0.1475
vn -0.9772 0.0260 -0.2109
vn -0.9937 -0.0775 0.0804
vn -0.9985 0.0108 0.0546
vn -0.9984 0.0250 -0.0515
vn -0.9937 -0.0364 -0.1059
vn -0.8990 -0.0968 -0.4270
vn -0.9993 0.0018 0.0386
vn -0.9942 0.0938 0.0520
vn -0.9868 -0.0628 0.1493
vn -0.9874 -0.0418 0.1530
vn -0.9999 0.0018 0.0116
vn -0.9917 0.0676 -0.1098
vn -0.9901 -0.0682 -0.1230
vn -0.9722 -0.1025 0.2108
vn -0.9995 -0.0061 0.0297
vn -0.9322 0.0524 0.3581
vn -0.9078 -0.0427 0.4172
vn -0.9978 -0.0095 0.0649
vn -0.9946 0.0737 0.0735
vn -0.9856 -0.0354 -0.1653
vn -0.9680 -0.0413 0.2476
vn -1.0000 -0.0010 0.0069
vn -0.9772 0.0309 0.2100
vn -0.9025 0.0063 0.4307
vn -0.9997 -0.0034 0.0232
vn -1.0000 0.0004 -0.0030
vn 0.0171 0.0023 0.9999
vn 0.0002 -0.0000 1.0000
vn 0.0227 0.0030 0.9997
vn 0.0368 0.0065 0.9993
vn 0.0212 0.0052 0.9998
vn 0.0679 0.0090 0.9976
vn 0.0065 0.0118 0.9999
vn 0.6484 0.0920 0.7557
vn -0.0212 0.0083 0.9997
vn -0.5895 0.0957 0.8021
vn -0.0044 0.0011 1.0000
vn -0.0066 0.0016 1.0000
vn -0.1330 0.0143 0.9910
vn 0.0238 -0.0029 0.9997
vn 0.0216 -0.0019 0.9998
vn 0.0071 -0.0000 1.0000
vn 0.0039 -0.0004 1.0000
vn 0.2097 0.0098 0.9777
vn 0.3345 0.0072 0.9424
vn 0.4451 0.0090 0.8954
vn 0.4916 -0.0014 0.8708
vn 0.4442 0.0092 0.8959
vn 0.4923 -0.0016 0.8704
vn 0.3271 -0.0251 0.9447
vn 0.0431 -0.0037 0.9991
vn 0.0717 -0.0087 0.9974
vn 0.0141 -0.0000 0.9999
vn 0.0278 -0.0036 0.9996
vn 0.8465 0.0051 0.5324
vn 0.8132 0.0030 0.5820
vn 0.7713 0.0060 0.6365
vn 0.7263 -0.0081 0.6873
vn 0.7382 -0.0300 0.6740
vn 0.5390 -0.0748 0.8390
vn 0.4291 0.0479 0.9020
vn 0.4518 -0.0439 0.8911
vn -0.8200 -0.0135 0.5723
vn -0.8339 -0.0018 0.5520
vn -0.8319 0.0021 0.5549
vn -0.8318 0.0023 0.5551
vn -0.8273 -0.0011 0.5617
vn -0.8336 -0.0020 0.5523
vn -0.8270 -0.0011 0.5622
vn -0.8067 -0.0071 0.5909
vn -0.5669 -0.0650 0.8212
vn 0.0528 0.1094 0.9926
vn 0.2850 -0.0574 0.9568
vn 0.2843 -0.0572 0.9570
vn 0.3171 -0.0651 0.9462
vn -0.1233 -0.0151 0.9923
vn -0.0016 -0.0001 1.0000
vn -0.0032 -0.0002 1.0000
vn -0.0045 -0.0003 1.0000
vn -0.0015 -0.0001 1.0000
vn -0.0008 -0.0000 1.0000
vn -0.0016 -0.0000 1.0000
vn -0.0018 0.0001 1.0000
vn -0.0036 0.0003 1.0000
vn -0.0045 0.0002 1.0000
vn -0.0089 0.0004 1.0000
vn -0.0062 0.0002 1.0000
vn -0.0123 0.0004 0.9999
vn -0.3020 0.0723 0.9506
vn 0.0632 0.0520 0.9966
vn -0.0012 0.0002 1.0000
vn -0.1411 0.0190 0.9898
vn -0.4860 0.0920 0.8691
vn 0.0001 -0.0000 1.0000
vn -0.0011 0.0002 1.0000
vn -0.0034 0.0004 1.0000
vn -0.2562 0.0323 0.9661
vn -0.0010 -1.0000 -0.0008
vn -0.0039 -1.0000 -0.0034
vn -0.0014 -1.0000 -0.0012
vn -0.0728 -0.9958 -0.0562
vn -0.5391 -0.7791 -0.3201
vn -0.5831 -0.7537 0.3033
vn -0.1071 -0.9896 0.0959
vn -0.0004 -1.0000 0.0004
vn -0.0001 -1.0000 -0.0001
vn -0.0077 -1.0000 -0.0062
vn -0.0021 -1.0000 -0.0016
vn -0.0079 -0.9999 -0.0063
vn -0.0041 -1.0000 -0.0002
vn -0.0084 -0.9999 0.0056
vn -0.0024 -1.0000 0.0016
vn -0.0086 -0.9999 0.0057
vn -0.0003 -1.0000 0.0002
vn -0.0000 1.0000 -0.0000
vn -1.0000 0.0005 -0.0019
vn -0.9990 0.0062 -0.0451
vn -0.9990 -0.0064 -0.0438
vn -1.0000 0.0004 0.0001
vn -1.0000 0.0008 -0.0025
vn -0.9963 0.0238 -0.0825
vn -0.9965 -0.0246 -0.0800
vn -1.0000 0.0005 0.0001
vn -1.0000 0.0011 0.0002
vn -0.9986 0.0404 -0.0335
vn -0.9986 -0.0414 -0.0335
vn -1.0000 -0.0010 -0.0068
vn -0.9940 0.0160 -0.1086
vn -0.9742 0.0011 -0.2259
vn -0.9929 -0.0173 -0.1176
vn -1.0000 0.0006 0.0028
vn -0.9979 0.0517 -0.0377
vn -0.9978 -0.0522 -0.0403
vn -0.9684 -0.0382 -0.2466
vn -0.9905 0.0200 -0.1361
vn -0.9227 0.0501 -0.3821
vn -0.9842 -0.0528 -0.1690
vn -0.9947 -0.0189 0.1006
vn -0.9978 0.0617 -0.0230
vn -0.9978 -0.0616 -0.0232
vn -0.9671 -0.0370 0.2516
vn -0.9771 0.0685 -0.2014
vn -0.9845 -0.0132 0.1750
vn -0.9338 -0.0489 0.3544
vn -0.9999 -0.0021 0.0143
vn -0.9968 0.0707 -0.0379
vn -0.9959 -0.0665 -0.0613
vn -0.9844 0.0261 -0.1739
vn -0.9988 0.0481 -0.0131
vn -0.9845 -0.0726 0.1595
vn -1.0000 -0.0004 0.0024
vn -0.9671 0.0404 0.2511
vn -0.9969 0.0150 -0.0778
vn -0.9895 0.0696 -0.1268
vn -0.9978 -0.0449 0.0496
vn -0.9853 -0.0249 0.1688
vn -1.0000 0.0009 -0.0058
vn -0.9998 0.0049 -0.0215
vn -0.9426 0.0452 0.3309
vn -0.9268 0.0483 -0.3725
vn -0.9323 -0.0538 -0.3577
vn -1.0000 -0.0006 -0.0022
vn -0.9996 -0.0004 0.0269
vn -0.9424 -0.0522 0.3304
vn -1.0000 -0.0006 0.0022
vn -0.9333 -0.0498 0.3556
vn -1.0000 -0.0014 0.0089
vn 0.0004 -0.0001 1.0000
vn 0.2840 0.0366 0.9581
vn 0.4340 -0.0133 0.9008
vn 0.0174 -0.0024 0.9998
vn 0.0155 0.0020 0.9999
vn 0.0206 0.0027 0.9998
vn -0.2120 0.0463 0.9762
vn -0.0588 0.0197 0.9981
vn 0.0256 -0.0030 0.9997
vn 0.0676 -0.0092 0.9977
vn 0.0114 0.0009 0.9999
vn 0.0328 0.0038 0.9995
vn 0.0619 0.0080 0.9981
vn 0.4193 0.0401 0.9070
vn 0.4834 -0.0276 0.8749
vn 0.0791 -0.0102 0.9968
vn -0.3932 0.0331 0.9188
vn 0.2513 -0.0493 0.9667
vn 0.0228 0.0017 0.9997
vn 0.0094 -0.0000 1.0000
vn 0.0363 0.0035 0.9993
vn 0.4828 0.0691 0.8730
vn 0.6993 0.0634 0.7120
vn 0.5910 -0.0742 0.8033
vn 0.2520 -0.0685 0.9653
vn -0.0004 -0.0006 1.0000
vn 0.0041 -0.0006 1.0000
vn 0.0089 -0.0012 1.0000
vn -0.0004 -0.0012 1.0000
vn 0.7462 -0.0359 0.6648
vn 0.8321 0.0029 0.5546
vn 0.8342 -0.0012 0.5515
vn 0.8343 -0.0015 0.5513
vn 0.8320 0.0030 0.5548
vn 0.6939 0.0350 0.7192
vn -0.5028 -0.0666 0.8618
vn -0.7899 -0.0481 0.6114
vn -0.3789 -0.0483 0.9242
vn -0.0024 -0.0003 1.0000
vn -0.0057 -0.0007 1.0000
vn -0.3768 0.0552 0.9246
vn 0.3354 0.0347 0.9415
vn -0.1285 -0.0407 0.9909
vn -0.8187 -0.0141 0.5741
vn -0.6438 -0.1070 0.7577
vn -0.0174 -0.0020 0.9998
vn -0.0364 -0.0038 0.9993
vn -0.0654 -0.0066 0.9978
vn -0.0314 -0.0035 0.9995
vn -0.0018 -0.0002 1.0000
vn -0.6909 0.0409 0.7218
vn -0.8140 0.0356 0.5798
vn -0.7297 -0.0507 0.6819
vn -0.4647 -0.0420 0.8845
vn -0.1677 -0.0216 0.9856
vn 0.0016 -0.0002 1.0000
vn 0.0029 -0.0004 1.0000
vn 0.1799 -0.0232 0.9834
vn 0.1503 -0.0661 0.9864
vn -0.3326 -0.0431 0.9421
vn -0.9968 0.0077 -0.0792
vn -0.9961 -0.0029 -0.0881
vn 0.0018 -1.0000 -0.0033
vn -0.0091 -1.0000 -0.0008
vn 0.0019 -1.0000 -0.0035
vn 0.0010 -1.0000 -0.0034
vn -0.0000 -1.0000 0.0002
vn -0.0020 -1.0000 -0.0028
vn -0.9571 0.0430 -0.2866
vn -0.9981 0.0090 -0.0615
vn -0.9903 0.0831 -0.1115
vn -0.9683 0.0536 -0.2438
vn -0.9948 -0.0009 0.1018
vn -0.9995 0.0045 -0.0307
vn -0.9954 0.0851 -0.0431
vn -0.9960 -0.0891 -0.0060
vn -0.9798 0.0377 -0.1963
vn -0.9953 0.0093 0.0966
vn -0.9581 -0.0455 0.2828
vn -0.9758 0.0345 0.2158
vn -0.9729 -0.0324 0.2289
vn -0.9999 -0.0021 0.0141
vn -1.0000 -0.0000 0.0097
vn -1.0000 0.0014 0.0097
vn -1.0000 -0.0014 0.0097
vn -0.9994 -0.0050 -0.0349
vn -1.0000 -0.0001 -0.0005
vn -0.9999 0.0017 -0.0118
vn -0.9181 0.0549 -0.3925
vn -0.8440 -0.0225 -0.5359
vn -0.9751 -0.0323 -0.2195
vn -1.0000 -0.0001 -0.0003
vn -0.9997 0.0037 -0.0251
vn -0.6660 0.0899 -0.7405
vn -0.6123 -0.0273 -0.7901
vn -0.9283 0.1216 0.3514
vn -0.9360 -0.0415 0.3497
vn -0.6488 0.0445 0.7596
vn -0.6289 -0.0172 0.7773
vn 0.0625 -0.9980 -0.0083
vn 0.3811 -0.8517 -0.3597
vn 0.1319 -0.9884 0.0755
vn -0.0328 0.0029 -0.9995
vn -0.0324 0.0029 -0.9995
vn -0.0402 0.0024 -0.9992
vn -0.0340 0.0046 -0.9994
vn -0.0333 0.0045 -0.9994
vn -0.0718 -0.9119 -0.4040
vn 0.2596 0.9657 -0.0064
vn -0.0383 -0.9830 0.1798
vn 0.3106 0.0007 -0.9505
vn 0.1814 -0.0074 -0.9834
vn -0.8842 -0.0709 -0.4616
vn -0.9722 0.0276 -0.2327
vn -0.8596 0.0248 -0.5104
vn -0.9907 0.0190 -0.1350
vn -0.9074 -0.0449 0.4179
vn -0.9816 -0.0373 0.1874
vn -1.0000 -0.0001 -0.0007
vn -0.9756 0.0388 -0.2160
vn -0.9860 -0.1155 0.1203
vn -0.9710 0.0745 -0.2273
vn -0.9873 -0.0157 0.1582
vn -0.8767 -0.0505 0.4784
vn -0.9758 -0.0215 0.2175
vn -0.9993 -0.0075 0.0357
vn -0.9999 0.0011 -0.0104
vn -0.9936 0.0811 -0.0785
vn -0.8722 -0.0450 0.4870
vn -0.8089 0.0561 0.5853
vn -0.7496 -0.0494 0.6601
vn -0.9853 -0.0133 0.1704
vn -0.9998 0.0021 0.0185
vn -0.9998 -0.0032 0.0194
vn -1.0000 0.0030 0.0092
vn -0.8729 0.0474 0.4856
vn -0.0812 0.0015 -0.9967
vn -0.0436 0.0055 -0.9990
vn -0.1202 -0.0027 -0.9927
vn -0.0823 -0.0039 -0.9966
vn 0.0022 0.0003 -1.0000
vn 0.0003 0.0002 -1.0000
vn 0.0090 0.0012 -1.0000
vn 0.4532 0.0598 -0.8894
vn 0.7927 0.0104 -0.6095
vn 0.5949 -0.0643 -0.8012
vn -0.0387 -0.0007 -0.9993
vn -0.0263 -0.0006 -0.9997
vn -0.0381 0.0026 -0.9993
vn -0.0033 -0.0016 -1.0000
vn 0.0007 -0.0015 -1.0000
vn -0.0167 0.0015 -0.9999
vn 0.0194 -0.0008 -0.9998
vn 0.0119 -0.0006 -0.9999
vn 0.0067 0.0009 -1.0000
vn -0.0008 0.0001 -1.0000
vn -0.2370 0.0691 -0.9690
vn 0.1282 0.0978 -0.9869
vn 0.4583 -0.1402 -0.8777
vn 0.1265 -0.0170 -0.9918
vn -0.0002 -1.0000 -0.0001
vn -0.0003 -1.0000 -0.0003
vn -0.0005 -1.0000 -0.0005
vn 0.0027 -1.0000 -0.0003
vn 0.0021 -1.0000 -0.0018
vn -0.0001 -1.0000 -0.0000
vn -0.0324 -0.9906 -0.1330
vn 0.4141 0.9101 -0.0176
vn -0.1192 -0.9819 0.1473
vn 0.9102 0.0397 -0.4123
vn 0.7968 -0.0697 -0.6002
vn -0.0321 -0.9993 -0.0210
vn -0.5665 -0.6958 -0.4415
vn -0.1508 -0.9845 0.0895
vn -0.4616 0.1412 -0.8758
vn 0.3333 -0.0169 -0.9427
vn 0.0045 -1.0000 0.0040
vn 0.0355 -0.9991 0.0245
vn 0.0373 -0.9992 -0.0146
vn -0.4494 0.0731 -0.8903
vn -0.7208 0.0602 -0.6906
vn 0.0061 -1.0000 -0.0053
vn 0.0830 -0.9949 -0.0579
vn 0.1120 -0.9937 0.0011
vn 0.4339 0.0185 -0.9008
vn 0.1853 0.0055 -0.9827
vn 0.0127 -0.9996 -0.0238
vn 0.3470 -0.8124 -0.4687
vn 0.1535 -0.9881 0.0090
vn 0.5988 0.0564 -0.7989
vn 0.7834 0.0022 -0.6215
vn -0.0185 -0.9997 -0.0166
vn -0.3466 -0.9115 -0.2215
vn -0.2447 -0.9695 0.0130
vn -0.7691 0.0353 -0.6381
vn -0.8576 0.0213 -0.5139
vn -0.0013 -1.0000 -0.0011
vn -0.0007 -1.0000 -0.0005
vn -0.0034 -1.0000 -0.0007
vn -0.0017 -1.0000 -0.0003
vn -0.0042 -1.0000 0.0007
vn -0.0021 -1.0000 0.0004
vn -0.0341 0.0025 -0.9994
vn -0.0171 0.0012 -0.9999
vn -0.0086 0.0004 -1.0000
vn -0.0173 0.0008 -0.9999
vn -0.0509 0.0041 -0.9987
vn -0.0256 0.0021 -0.9997
vn 0.0001 -1.0000 -0.0000
vn 0.0192 0.0009 -0.9998
vn 0.0173 0.0027 -0.9998
vn 0.0037 0.0011 -1.0000
vn 0.2239 -0.0254 -0.9743
vn 0.0074 -0.0009 -1.0000
vn 0.0083 -0.0011 -1.0000
vn 0.0151 0.0011 -0.9999
vn 0.0337 0.0007 -0.9994
vn -0.1551 0.0210 -0.9877
vn -0.3746 0.1309 -0.9179
vn 0.1622 -0.0852 -0.9831
vn 0.4497 -0.0822 -0.8894
vn 0.8370 -0.0426 -0.5456
vn 0.5718 -0.0727 -0.8172
vn 0.0207 0.0010 -0.9998
vn 0.0078 -0.0015 -1.0000
vn 0.0506 0.0011 -0.9987
vn 0.0545 -0.0038 -0.9985
vn -0.3738 0.0685 -0.9250
vn -0.1856 0.0914 -0.9784
vn 0.7640 -0.0591 -0.6425
vn -0.7063 -0.0070 -0.7079
vn -0.3416 -0.1144 -0.9328
vn -0.0063 -0.0004 -1.0000
vn -0.0064 -0.0004 -1.0000
vn 0.4685 0.0697 -0.8807
vn 0.6178 -0.0358 -0.7855
vn 0.1464 -0.0181 -0.9891
vn -0.5584 0.0495 -0.8281
vn -0.5752 0.0654 -0.8154
vn -0.5705 0.0713 -0.8182
vn -0.5583 0.0493 -0.8282
vn -0.5510 0.0682 -0.8317
vn -0.2657 0.0109 -0.9640
vn -0.1998 -0.0519 -0.9785
vn 0.0195 -0.0032 -0.9998
vn -0.2403 0.0940 -0.9661
vn 0.3779 0.0417 -0.9249
vn 0.8011 -0.0568 -0.5958
vn 0.3908 -0.0534 -0.9189
vn -0.5340 0.0608 -0.8433
vn -0.5336 0.0607 -0.8435
vn 0.8227 -0.0141 -0.5684
vn 0.5907 -0.0885 -0.8020
vn 0.0534 -0.0069 -0.9985
vn -0.2441 0.0326 -0.9692
vn -0.6136 0.0725 -0.7862
vn -0.2494 0.0336 -0.9678
vn 0.3269 -0.1606 -0.9313
vn -0.0227 0.0020 -0.9997
vn -0.0220 0.0008 -0.9998
vn -0.0214 -0.0003 -0.9998
vn -0.7060 0.0601 -0.7057
vn 0.1484 -0.1412 -0.9788
vn 0.2735 -0.0482 -0.9607
vn -0.0051 0.0007 -1.0000
vn 0.0037 -0.0005 -1.0000
vn 0.0074 -0.0010 -1.0000
vn -0.2139 0.0271 -0.9765
vn -0.6985 0.0584 -0.7132
vn -0.6251 -0.0820 -0.7762
vn -0.0110 0.0001 -0.9999
vn -0.0160 -0.0021 -0.9999
vn -0.4169 0.1184 -0.9012
vn -0.0515 0.0050 -0.9987
vn 0.3245 -0.1186 -0.9384
vn 0.0054 -0.0008 -1.0000
vn 0.0198 -0.0027 -0.9998
vn -0.0169 0.0017 -0.9999
vn -0.0085 0.0009 -1.0000
vn -0.0289 -0.0002 -0.9996
vn -0.0145 -0.0001 -0.9999
vn -0.0070 -0.0009 -1.0000
vn -0.2538 0.0456 -0.9662
vn -0.2297 0.1325 -0.9642
vn -0.2293 0.1329 -0.9642
vn -0.2112 0.1505 -0.9658
vn 0.1169 -0.1571 -0.9806
vn 0.1080 -0.0191 -0.9940
vn 0.0061 0.0006 -1.0000
vn 0.0014 -0.0000 -1.0000
vn 0.0145 0.0005 -0.9999
vn 0.0155 -0.0004 -0.9999
vn 0.0086 -0.0005 -1.0000
vn -0.9954 0.0173 -0.0940
vn -0.9804 -0.0585 0.1880
vn -0.9546 0.0449 -0.2944
vn -0.9576 -0.0391 -0.2856
vn -0.9999 -0.0063 0.0121
vn -0.9958 -0.0758 0.0521
vn -0.9941 -0.0158 0.1073
vn -1.0000 0.0009 -0.0064
vn -0.9959 0.0879 -0.0229
vn -0.9962 -0.0871 -0.0000
vn -0.9999 -0.0023 0.0153
vn -0.9479 -0.0481 0.3150
vn -0.9997 0.0054 -0.0241
vn -0.9852 0.0569 0.1615
vn -0.9810 -0.0620 0.1841
vn -1.0000 -0.0010 0.0070
vn -0.9920 0.0271 -0.1236
vn -0.9993 -0.0033 -0.0376
vn -0.9962 -0.0233 0.0844
vn -0.9877 0.0660 -0.1421
vn -0.9926 -0.0606 -0.1053
vn -0.9993 -0.0056 0.0367
vn -1.0000 -0.0000 0.0003
vn -1.0000 0.0004 -0.0029
vn -0.9509 0.0442 -0.3064
vn -0.9140 -0.0253 -0.4049
vn -0.9916 -0.0184 -0.1279
vn -0.9965 0.0836 0.0066
vn -0.9964 -0.0845 0.0095
vn -1.0000 -0.0001 0.0004
vn -1.0000 -0.0001 0.0008
vn -0.9598 0.0416 -0.2775
vn -0.9887 0.0292 -0.1467
vn -0.9648 -0.0546 0.2573
vn -0.9941 -0.0156 0.1071
vn -0.9962 0.0682 0.0541
vn -0.9947 -0.0715 0.0735
vn -0.9966 0.0819 -0.0050
vn -0.9786 -0.0578 0.1976
vn -0.9828 -0.0266 0.1830
vn -0.9999 0.0074 -0.0092
vn -0.9908 0.0319 0.1315
vn -0.9891 -0.0392 0.1417
vn -1.0000 0.0013 -0.0089
vn -0.9956 0.0114 -0.0929
vn -0.9960 -0.0226 -0.0860
vn -0.9487 0.0484 -0.3124
vn -0.9384 -0.0191 -0.3451
vn -0.9975 -0.0575 -0.0417
vn -0.9989 0.0024 0.0467
vn -0.9630 -0.0421 0.2662
vn -0.9995 0.0045 0.0303
vn -0.9957 0.0049 0.0925
vn -0.9980 -0.0094 0.0625
vn -0.9999 0.0017 -0.0119
vn -0.9442 0.0437 -0.3264
vn -0.9951 -0.0805 -0.0579
vn -0.9999 -0.0015 0.0106
vn -1.0000 -0.0000 0.0004
vn -1.0000 -0.0001 0.0012
vn -1.0000 -0.0001 0.0003
vn -1.0000 -0.0002 0.0013
vn -0.9991 -0.0025 0.0425
vn -0.9356 0.0723 0.3455
vn -0.8769 -0.0488 0.4782
vn -1.0000 -0.0001 -0.0006
vn -0.9999 -0.0044 -0.0161
vn -0.9855 0.0257 0.1675
vn -0.0193 -0.0019 -0.9998
vn -0.0108 -0.0011 -0.9999
vn 0.0102 0.0009 -0.9999
vn 0.0068 0.0006 -1.0000
vn 0.0203 0.0018 -0.9998
vn 0.5334 0.0612 -0.8436
vn 0.5888 -0.0478 -0.8068
vn 0.0050 -0.0008 -1.0000
vn 0.0101 -0.0017 -0.9999
vn 0.1242 0.0188 -0.9921
vn 0.3802 0.1179 -0.9174
vn 0.2221 -0.1240 -0.9671
vn -0.9637 0.0407 -0.2640
vn -0.9830 -0.0781 0.1664
vn -0.9912 -0.0349 0.1280
vn -0.8405 -0.0109 0.5417
vn -0.9511 -0.0462 0.3055
vn -0.9785 -0.0126 0.2059
vn -1.0000 -0.0006 0.0078
vn 0.1038 -0.0148 -0.9945
vn -0.0170 -0.0051 -0.9998
vn -0.0205 -0.0051 -0.9998
vn -0.0411 -0.0102 -0.9991
vn -0.0507 -0.0153 -0.9986
vn 0.0268 -0.0035 -0.9996
vn 0.0230 -0.0030 -0.9997
vn 0.0143 -0.0018 -0.9999
vn 0.0015 0.0002 -1.0000
vn 0.0030 0.0004 -1.0000
vn 0.1251 0.0502 -0.9909
vn -0.0644 0.0938 -0.9935
vn -0.2028 -0.1317 -0.9703
vn 0.6734 -0.0797 -0.7350
vn 0.0285 -0.0037 -0.9996
vn 0.0571 -0.0074 -0.9983
vn 0.0002 -0.0000 -1.0000
vn 0.0146 0.0023 -0.9999
vn 0.0289 0.0045 -0.9996
vn 0.3059 0.1036 -0.9464
vn 0.1063 -0.0060 -0.9943
vn -0.1822 -0.0914 -0.9790
vn 0.5915 -0.0687 -0.8034
vn 0.7059 -0.0774 -0.7041
vn 0.1279 -0.0164 -0.9917
vn 0.0262 0.0041 -0.9996
vn 0.0006 -0.0001 -1.0000
vn 0.0519 0.0083 -0.9986
vn 0.1157 0.1423 -0.9830
vn 0.1335 0.1323 -0.9822
vn 0.1162 0.1420 -0.9830
vn -0.1505 -0.0986 -0.9837
vn -0.1434 -0.0341 -0.9891
vn -0.5641 0.0675 -0.8230
vn 0.5173 -0.0538 -0.8541
vn 0.7869 -0.0569 -0.6145
vn 0.3986 -0.0504 -0.9157
vn 0.1208 0.0294 -0.9922
vn 0.1341 0.1320 -0.9821
vn -0.0181 -0.1483 -0.9888
vn 0.2181 0.0408 -0.9751
vn -0.5078 0.0624 -0.8592
vn -0.6277 0.0771 -0.7746
vn -0.2049 -0.0528 -0.9774
vn 0.0973 -0.1204 -0.9879
vn 0.0204 0.0459 -0.9987
vn -0.2141 0.0799 -0.9736
vn -0.1847 -0.1156 -0.9760
vn 0.3476 0.1101 -0.9311
vn -0.0233 0.0030 -0.9997
vn -0.0082 0.0011 -1.0000
vn -0.4880 0.0585 -0.8709
vn -0.7256 0.0010 -0.6881
vn -0.4707 -0.0597 -0.8803
vn -0.1897 0.0241 -0.9815
vn -0.4807 0.0213 -0.8766
vn -0.0329 0.0105 -0.9994
vn 0.1243 0.0922 -0.9879
vn -0.0003 -0.0000 -1.0000
vn -0.0021 0.0001 -1.0000
vn -0.0010 0.0001 -1.0000
vn -0.0024 -0.0001 -1.0000
vn -0.0012 -0.0000 -1.0000
vn -0.0033 0.0002 -1.0000
vn -0.0017 0.0001 -1.0000
vn 0.0077 0.0029 -1.0000
vn 0.0052 0.0019 -1.0000
vn 0.0203 0.0052 -0.9998
vn 0.2350 0.1183 -0.9648
vn -0.1459 -0.0535 -0.9878
vn 0.0023 -0.0003 -1.0000
vn 0.1407 0.0269 -0.9897
vn 0.0490 0.1229 -0.9912
vn -0.1851 -0.1360 -0.9733
vn 0.0053 -0.0014 -1.0000
vn -0.0036 -0.0011 -1.0000
vn 0.0077 -0.0009 -1.0000
vn 0.0010 -0.0002 -1.0000
vn 0.0263 -0.0003 -0.9997
vn 0.0240 0.0028 -0.9997
vn 0.0230 -0.0046 -0.9997
vn 0.0202 -0.0052 -0.9998
vn 0.6355 0.0756 -0.7684
vn 0.6273 -0.0812 -0.7746
vn 0.0043 -0.0110 -0.9999
vn 0.0042 -0.0110 -0.9999
vn -0.0025 0.1181 -0.9930
vn -0.2904 -0.1692 -0.9418
vn -0.0203 -0.0073 -0.9998
vn -0.0202 -0.0073 -0.9998
vn -0.0178 -0.0470 -0.9987
vn -0.3719 -0.0907 -0.9238
vn -0.0053 -0.0013 -1.0000
vn -0.3479 -0.1311 -0.9283
vn -0.1597 -0.0239 -0.9869
vn -0.0032 -0.0004 -1.0000
vn -0.3865 -0.0790 -0.9189
vn -0.0024 -0.0003 -1.0000
vn -0.0048 -0.0006 -1.0000
vn -0.0095 -0.0013 -1.0000
vn -0.1147 -0.0176 -0.9932
vn 0.0011 -0.0010 -1.0000
vn 0.0003 -0.0000 1.0000
vn 0.0137 0.0018 0.9999
vn 0.0186 0.0025 0.9998
vn 0.0101 0.0050 0.9999
vn 0.0203 0.0100 0.9997
vn -0.0136 0.0045 0.9999
vn -0.0273 0.0090 0.9996
vn -0.0101 0.0014 0.9999
vn -0.0135 0.0018 0.9999
vn 0.1355 0.0174 0.9906
vn 0.1351 -0.0174 0.9907
vn 0.0462 0.0411 0.9981
vn 0.0482 -0.0409 0.9980
vn -0.1819 0.0235 0.9830
vn 0.0343 0.0050 0.9994
vn 0.0024 0.0002 1.0000
vn 0.0061 0.0002 1.0000
vn 0.0062 -0.0002 1.0000
vn 0.0022 -0.0003 1.0000
vn -0.1909 0.0314 0.9811
vn 0.0049 0.0005 1.0000
vn 0.0123 0.0005 0.9999
vn 0.0124 -0.0005 0.9999
vn 0.0044 -0.0006 1.0000
vn 0.0038 -0.0005 1.0000
vn 0.2313 0.0365 0.9722
vn 0.6241 0.0697 0.7783
vn 0.8461 0.0023 0.5330
vn 0.8379 -0.0050 0.5458
vn 0.8464 0.0026 0.5325
vn 0.8375 -0.0053 0.5464
vn 0.7168 -0.0370 0.6963
vn 0.3182 -0.0384 0.9472
vn 0.0076 -0.0010 1.0000
vn 0.0114 -0.0015 0.9999
vn 0.0035 -0.0005 1.0000
vn -0.2585 0.0336 0.9654
vn -0.4106 0.1000 0.9063
vn -0.7182 -0.0218 0.6954
vn -0.7494 0.0011 0.6621
vn -0.1880 0.0390 0.9814
vn 0.6284 -0.0466 0.7765
vn 0.4499 -0.0580 0.8912
vn 0.0036 -0.0005 1.0000
vn 0.0115 -0.0015 0.9999
vn -0.0006 -0.0000 1.0000
vn -0.0012 0.0001 1.0000
vn -0.2846 0.0267 0.9583
vn -0.2861 -0.0266 0.9578
vn -0.1188 0.0046 0.9929
vn -0.6281 0.0678 0.7752
vn -0.5652 0.0386 0.8241
vn 0.2653 -0.0909 0.9599
vn 0.2643 -0.0368 0.9637
vn 0.0030 -0.0004 1.0000
vn 0.0059 -0.0008 1.0000
vn 0.0008 -1.0000 -0.0007
vn 0.0086 -1.0000 -0.0008
vn 1.0000 -0.0000 -0.0000
vn -0.0031 -1.0000 -0.0029
vn 0.9997 0.0051 -0.0253
vn 0.9971 0.0046 -0.0759
vn -0.0020 0.0003 1.0000
vn -0.0041 0.0005 1.0000
vn -0.0197 0.0025 0.9998
vn -0.0081 0.0010 1.0000
vn -0.4585 0.0692 0.8860
vn -0.2581 0.0304 0.9656
vn 0.2163 -0.0981 0.9714
vn 0.0090 -0.0019 1.0000
vn 0.0180 -0.0038 0.9998
vn -0.0122 0.0017 0.9999
vn -0.0246 0.0034 0.9997
vn -0.0510 0.0065 0.9987
vn -0.5002 0.0621 0.8637
vn -0.4603 -0.0670 0.8852
vn 0.0254 -0.0052 0.9997
vn 0.0500 -0.0103 0.9987
vn 0.0011 0.0001 1.0000
vn 0.0021 0.0003 1.0000
vn 0.2627 0.0441 0.9639
vn 0.3588 -0.0291 0.9330
vn 0.0376 -0.0073 0.9993
vn 0.0763 -0.0147 0.9970
vn 1.0000 -0.0000 -0.0002
vn 1.0000 0.0001 0.0003
vn 1.0000 0.0001 0.0007
vn 1.0000 0.0002 0.0009
vn 1.0000 0.0002 0.0014
vn 0.9816 0.0366 0.1876
vn 0.9661 -0.0244 0.2569
vn 0.9987 -0.0120 0.0496
vn 0.9900 0.0047 -0.1412
vn 0.9897 -0.0046 -0.1432
vn 0.9983 -0.0080 -0.0572
vn 1.0000 -0.0001 -0.0005
vn 1.0000 -0.0000 0.0002
vn 0.9975 0.0099 0.0703
vn 0.9947 -0.0060 0.1025
vn 0.9996 -0.0040 0.0279
vn 0.0020 -1.0000 -0.0004
vn 0.0017 -1.0000 0.0007
vn 0.0004 -1.0000 0.0004
vn 0.0002 -1.0000 -0.0008
vn -0.0029 -1.0000 0.0018
vn -0.0002 -1.0000 0.0009
vn -0.0049 -1.0000 0.0012
vn 0.9356 0.0825 -0.3432
vn 0.7150 0.0432 -0.6978
vn -0.0030 -1.0000 0.0017
vn 0.9874 0.1559 0.0259
vn 0.9414 0.0305 0.3360
vn -0.0014 -1.0000 0.0017
vn 0.9320 0.0745 0.3548
vn 0.8476 -0.0084 0.5306
vn 1.0000 0.0010 0.0040
vn 1.0000 0.0004 0.0049
vn 1.0000 -0.0003 0.0059
vn 0.6349 -0.0080 -0.7726
vn 0.7413 -0.0283 -0.6706
vn 0.9256 -0.0650 -0.3730
vn 0.9999 -0.0026 -0.0164
vn 1.0000 -0.0000 0.0001
vn 0.9997 0.0034 -0.0229
vn 0.7392 -0.0254 0.6730
vn 0.6762 -0.0119 0.7367
vn 0.8979 -0.0641 0.4356
vn 0.9999 -0.0025 0.0168
vn 0.9994 0.0117 -0.0339
vn 0.9582 -0.0366 0.2836
vn 0.9993 -0.0004 0.0373
vn 0.9998 -0.0025 0.0176
vn 0.9984 0.0083 0.0568
vn 1.0000 -0.0003 0.0021
vn 0.9991 0.0062 -0.0419
vn 0.9940 0.0035 -0.1091
vn 0.9978 -0.0096 -0.0655
vn 1.0000 -0.0000 -0.0001
vn 1.0000 -0.0001 -0.0006
vn 0.9945 0.0274 -0.1011
vn 0.8291 0.0583 -0.5561
vn 0.8854 -0.0829 -0.4573
vn 0.9998 -0.0008 -0.0209
vn 1.0000 -0.0009 -0.0097
vn 1.0000 -0.0003 -0.0019
vn 1.0000 -0.0001 -0.0009
vn 0.9939 0.0231 0.1074
vn 0.9887 0.1208 0.0891
vn 0.8928 -0.0683 -0.4452
vn 0.6467 0.0005 -0.7627
vn 0.8115 -0.0620 -0.5811
vn 0.9934 -0.0142 -0.1142
vn 0.9999 -0.0016 -0.0109
vn -0.0010 0.0001 1.0000
vn 0.0006 -0.0001 1.0000
vn -0.1672 0.0139 0.9858
vn -0.1948 0.0138 0.9808
vn -0.1984 0.0254 0.9798
vn -0.1512 0.0081 0.9885
vn -0.1910 0.0020 0.9816
vn 0.2365 0.0029 0.9716
vn 0.3174 -0.0172 0.9482
vn 0.2000 0.0013 0.9798
vn 0.1091 -0.0142 0.9939
vn 0.0007 -0.0001 1.0000
vn 0.0021 -0.0003 1.0000
vn -0.1109 0.0143 0.9937
vn -0.1739 0.0263 0.9844
vn -0.2075 0.0345 0.9776
vn -0.1745 0.0265 0.9843
vn -0.1936 -0.0363 0.9804
vn -0.2035 0.0016 0.9791
vn -0.1094 -0.0141 0.9939
vn 0.2112 -0.0278 0.9771
vn 0.0065 -0.0008 1.0000
vn 0.0131 -0.0017 0.9999
vn -0.1402 0.0181 0.9900
vn -0.0939 -0.0122 0.9955
vn 0.0156 -0.0020 0.9999
vn 0.0234 -0.0030 0.9997
vn 0.0468 -0.0060 0.9989
vn -0.1661 -0.0282 0.9857
vn 0.0095 -0.0012 1.0000
vn 0.0262 -0.0034 0.9997
vn 0.0005 -0.0001 1.0000
vn 0.1769 0.0348 0.9836
vn 0.1770 -0.0348 0.9836
vn 0.6479 0.0376 0.7608
vn 0.5253 -0.0729 0.8478
vn 0.0090 -0.0012 1.0000
vn 0.0023 -0.0003 1.0000
vn 0.0083 -0.0011 1.0000
vn -0.2219 0.0286 0.9746
vn -0.2219 -0.0286 0.9747
vn 0.0126 -0.0016 0.9999
vn 0.0251 -0.0032 0.9997
vn -0.6617 0.0326 0.7491
vn -0.2614 -0.0334 0.9647
vn 0.3434 -0.0387 0.9384
vn 0.0097 -0.0012 1.0000
vn 0.0249 -0.0032 0.9997
vn 0.0347 0.0075 0.9994
vn 0.0252 0.0032 0.9997
vn 0.0673 0.0151 0.9976
vn 0.0503 0.0065 0.9987
vn 0.0673 -0.0152 0.9976
vn -0.0017 -0.0000 1.0000
vn -0.2177 0.0601 0.9742
vn 0.0722 -0.0167 0.9973
vn 0.2639 -0.0364 0.9639
vn 0.2878 -0.0423 0.9568
vn 0.2643 -0.0365 0.9638
vn 0.0041 -0.0005 1.0000
vn 0.0615 0.0199 0.9979
vn 0.0614 0.0199 0.9979
vn 0.0843 -0.0238 0.9962
vn -0.1262 0.0163 0.9919
vn -0.1859 0.0555 0.9810
vn 0.2401 -0.0306 0.9703
vn 0.3870 -0.0278 0.9217
vn 0.0385 0.0160 0.9991
vn -0.0530 -0.0278 0.9982
vn 0.1899 0.0245 0.9815
vn 0.1899 -0.0245 0.9815
vn 0.0006 1.0000 -0.0005
vn 0.0011 1.0000 -0.0000
vn 0.0006 1.0000 0.0005
vn 0.0245 0.9995 -0.0215
vn 0.0011 1.0000 -0.0010
vn 0.0023 1.0000 -0.0000
vn 0.0011 1.0000 0.0010
vn -0.0245 0.9995 -0.0215
vn -0.2649 0.0387 0.9635
vn -0.2419 0.0388 0.9695
vn -0.2450 0.0317 0.9690
vn -0.2750 0.0422 0.9605
vn -0.2388 0.0458 0.9700
vn 0.3044 -0.0119 0.9525
vn 0.4787 -0.0179 0.8778
vn 0.2019 -0.0468 0.9783
vn -0.0984 0.0369 0.9945
vn -0.0006 0.0001 1.0000
vn -0.3101 0.0385 0.9499
vn -0.6192 0.0116 0.7851
vn -0.5926 -0.0170 0.8053
vn -0.0758 -0.0103 0.9971
vn 0.1181 -0.0139 0.9929
vn -0.0032 0.0002 1.0000
vn -0.0064 0.0004 1.0000
vn -0.3682 0.0246 0.9294
vn -0.3502 -0.0237 0.9364
vn 1.0000 0.0043 -0.0030
vn 0.9999 0.0023 0.0161
vn -0.0987 -0.0369 0.9944
vn 0.0066 -0.0009 1.0000
vn 0.0132 -0.0017 0.9999
vn 0.1096 0.9890 -0.0997
vn -0.0727 -0.0098 0.9973
vn 0.0086 -0.0011 1.0000
vn 0.0263 -0.0034 0.9996
vn -0.0002 1.0000 0.0002
vn -0.1130 0.9886 -0.0991
vn 0.2107 0.0182 0.9774
vn 0.1803 -0.0211 0.9834
vn 0.9356 0.0457 -0.3501
vn 0.9379 -0.0502 -0.3433
vn -0.0003 1.0000 0.0002
vn 0.9956 0.0921 -0.0176
vn 0.9837 -0.0754 -0.1632
vn 0.9917 -0.0327 -0.1245
vn -0.0007 1.0000 0.0005
vn 0.9997 -0.0033 -0.0235
vn 1.0000 -0.0000 -0.0003
vn 0.9956 0.0136 -0.0927
vn 0.9956 -0.0136 -0.0927
vn 0.9687 0.0204 -0.2474
vn 0.9639 -0.0241 -0.2653
vn 0.9985 -0.0079 -0.0538
vn 1.0000 -0.0001 -0.0004
vn 0.9956 0.0136 0.0927
vn 0.9956 -0.0136 0.0927
vn 0.9623 0.0237 0.2709
vn 0.9881 -0.0068 0.1536
vn 0.9974 -0.0255 -0.0681
vn 1.0000 -0.0002 -0.0012
vn 1.0000 -0.0001 -0.0000
vn 0.9986 0.0076 -0.0519
vn 0.9986 -0.0076 -0.0519
vn 0.9924 0.0179 0.1218
vn 0.9922 -0.0178 0.1233
vn 1.0000 -0.0001 0.0004
vn 1.0000 -0.0000 0.0003
vn 1.0000 -0.0002 0.0012
vn 0.9986 0.0076 0.0517
vn 0.9956 0.0137 -0.0931
vn 0.9845 -0.0165 -0.1743
vn 0.9894 0.0211 0.1438
vn 0.9846 -0.0164 0.1740
vn 0.9915 0.0190 -0.1290
vn 0.9915 -0.0189 -0.1288
vn 0.9916 0.0188 0.1277
vn 0.9988 0.0071 -0.0486
vn 0.9840 -0.0259 -0.1760
vn 0.1576 0.9861 0.0535
vn 0.0776 0.9968 0.0176
vn 0.3080 0.9239 -0.2270
vn 0.3984 0.9067 0.1385
vn 0.2996 0.9533 -0.0380
vn 0.4221 0.9025 -0.0856
vn 0.3760 0.9171 0.1322
vn 0.1209 0.9870 0.1062
vn -0.1901 0.9787 0.0772
vn 0.3134 0.9263 -0.2094
vn -0.0436 0.9990 -0.0022
vn -0.4034 0.9043 0.1398
vn -0.2980 0.9536 -0.0425
vn -0.4263 0.9008 -0.0825
vn -0.3237 0.9428 0.0793
vn 0.1658 0.9861 -0.0114
vn 0.9412 0.0520 0.3338
vn 0.9990 0.0288 0.0355
vn 0.9292 -0.1021 -0.3553
vn 0.0662 0.9959 -0.0619
vn 0.9999 0.0015 0.0103
vn 0.9366 0.0750 0.3424
vn 0.9497 -0.0563 0.3081
vn -0.0379 0.9285 -0.3694
vn 0.9969 0.0123 0.0782
vn 0.9859 0.0609 0.1557
vn 0.2420 0.9046 0.3510
vn 0.9995 -0.0046 -0.0315
vn 1.0000 0.0005 -0.0008
vn 0.9982 0.0568 0.0187
vn 0.6714 0.7399 0.0416
vn 0.9995 -0.0046 0.0315
vn 1.0000 0.0002 0.0004
vn 1.0000 0.0003 0.0006
vn 1.0000 0.0004 0.0013
vn 0.9987 0.0499 0.0059
vn 0.5641 0.8257 0.0003
vn 0.5640 0.8258 0.0003
vn 0.5673 0.8235 0.0017
vn 1.0000 0.0001 -0.0001
vn 1.0000 0.0002 -0.0002
vn 0.9987 0.0508 -0.0066
vn 0.5607 0.8280 -0.0012
vn 1.0000 0.0003 -0.0001
vn 0.9977 0.0614 -0.0304
vn 0.6069 0.7883 -0.1013
vn 1.0000 0.0002 -0.0000
vn 1.0000 0.0003 -0.0000
vn 0.9976 0.0600 0.0350
vn 0.0904 0.9937 -0.0659
vn -0.0006 -1.0000 0.0005
vn -0.0008 -1.0000 0.0007
vn -0.0002 -1.0000 -0.0002
vn 0.0001 -1.0000 -0.0001
vn 0.0002 -1.0000 -0.0000
vn 0.0001 -1.0000 0.0001
vn 0.0005 -1.0000 -0.0003
vn 0.0007 -1.0000 -0.0004
vn 0.0385 0.0017 -0.9993
vn 0.0346 0.0055 -0.9994
vn 0.0055 0.0017 -1.0000
vn 0.0005 -1.0000 -0.0007
vn 0.0015 -1.0000 -0.0012
vn 0.0019 -1.0000 -0.0008
vn 0.4407 0.0832 -0.8938
vn 0.5158 -0.0295 -0.8562
vn -0.0017 -1.0000 0.0016
vn 0.0015 -1.0000 -0.0024
vn 0.0025 -1.0000 -0.0009
vn 0.0794 0.1898 -0.9786
vn 0.2467 -0.0472 -0.9679
vn -0.0024 -1.0000 0.0021
vn -0.0282 -0.9994 0.0197
vn -0.0317 -0.9994 -0.0131
vn 0.1564 0.2067 -0.9658
vn -0.0000 -0.0576 -0.9983
vn 0.0184 -0.9998 -0.0122
vn 0.3062 -0.9102 -0.2791
vn 0.1886 -0.9814 0.0363
vn 0.2081 0.1584 -0.9652
vn -0.2292 -0.1206 -0.9659
vn 0.0173 -0.9986 -0.0492
vn -0.1645 0.7146 -0.6799
vn 0.3856 -0.9102 0.1509
vn -0.3443 0.0399 -0.9380
vn -0.3828 -0.1206 -0.9159
vn -0.0355 -0.9988 -0.0325
vn -0.7710 0.0544 -0.6345
vn -0.3387 -0.9047 0.2583
vn -0.6224 -0.0168 -0.7825
vn 0.1879 0.0210 -0.9820
vn -0.0007 -1.0000 -0.0006
vn -0.0143 -0.9998 -0.0116
vn -0.0200 -0.9997 0.0100
vn -0.0306 0.0049 -0.9995
vn -0.0190 0.0034 -0.9998
vn -0.2491 0.0893 -0.9643
vn -0.0313 0.0054 -0.9995
vn -0.2107 0.1510 -0.9658
vn 0.0583 -0.0952 -0.9937
vn 0.2188 -0.0597 -0.9739
vn 0.0123 0.0012 -0.9999
vn 0.0028 0.0001 -1.0000
vn 0.0291 0.0010 -0.9996
vn 0.0310 -0.0007 -0.9995
vn 0.0173 -0.0011 -0.9999
vn 0.1838 -0.0270 -0.9826
vn -0.2006 0.1116 -0.9733
vn 0.1352 0.0236 -0.9905
vn 0.3244 -0.1193 -0.9384
vn 0.1319 0.0111 -0.9912
vn 0.7490 0.0811 -0.6576
vn 0.8892 -0.0090 -0.4574
vn 0.7874 -0.0475 -0.6146
vn 0.1904 -0.0760 -0.9788
vn -0.3270 0.0446 -0.9440
vn -0.7740 0.0403 -0.6319
vn -0.6318 -0.0841 -0.7706
vn -0.1075 0.0144 -0.9941
vn -0.0684 0.0091 -0.9976
vn -0.0582 0.0045 -0.9983
vn -0.6387 0.1168 -0.7605
vn -0.8254 -0.0069 -0.5645
vn -0.7051 -0.0747 -0.7051
vn -0.0918 -0.0950 -0.9912
vn -0.0290 0.0023 -0.9996
vn -0.0179 0.0017 -0.9998
vn -0.0032 0.0008 -1.0000
vn -0.0107 0.0010 -0.9999
vn -0.0424 -0.0006 -0.9991
vn -0.0425 -0.0006 -0.9991
vn -0.0059 -0.0025 -1.0000
vn 0.0067 -0.0009 -1.0000
vn -0.3027 0.0320 -0.9525
vn -0.4919 -0.0016 -0.8707
vn -0.3197 -0.0205 -0.9473
vn -0.2550 -0.0516 -0.9656
vn 0.0043 0.0006 -1.0000
vn 0.1802 0.0220 -0.9834
vn 0.2213 -0.0162 -0.9751
vn 0.0163 -0.0021 -0.9999
vn 0.0490 -0.0063 -0.9988
vn -0.0233 0.0050 -0.9997
vn 0.0925 0.0121 -0.9956
vn 0.6196 0.0646 -0.7823
vn -0.0363 -0.0073 -0.9993
vn 0.3031 0.0342 -0.9523
vn 0.6732 0.0667 -0.7365
vn 0.5795 -0.0844 -0.8106
vn 0.0825 -0.0232 -0.9963
vn -0.0232 0.0045 -0.9997
vn -0.0696 0.0150 -0.9975
vn -0.0462 0.0089 -0.9989
vn -0.5392 0.0887 -0.8375
vn 0.7945 0.0249 -0.6068
vn 0.7829 0.0124 -0.6221
vn 0.7951 0.0255 -0.6059
vn 0.7825 0.0120 -0.6226
vn -0.0190 -0.0239 -0.9995
vn -0.6018 -0.0943 -0.7931
vn -0.1294 -0.0171 -0.9914
vn -0.0058 0.0007 -1.0000
vn -0.0005 -0.0001 -1.0000
vn -0.0077 0.0010 -1.0000
vn -0.1954 0.0193 -0.9805
vn -0.6370 0.0455 -0.7696
vn -0.8651 0.0074 -0.5016
vn -0.7746 -0.0745 -0.6281
vn -0.2026 -0.0261 -0.9789
vn -0.0004 -0.0001 -1.0000
vn -0.0009 -0.0001 -1.0000
vn -0.0015 -0.0002 -1.0000
vn -0.0006 -1.0000 0.0002
vn -0.0009 -1.0000 0.0001
vn -0.0004 -1.0000 -0.0003
vn -0.0001 -1.0000 0.0002
vn -0.0003 -1.0000 -0.0001
vn -0.0068 -1.0000 0.0019
vn 0.0060 -1.0000 0.0002
vn -0.0045 -1.0000 0.0026
vn 0.9995 0.0065 -0.0297
vn 0.9977 0.0022 -0.0681
vn -0.0061 -1.0000 -0.0000
vn 0.9033 0.0991 -0.4174
vn 0.6539 0.0321 -0.7559
vn -0.0056 -1.0000 -0.0004
vn 0.9667 0.1387 0.2149
vn 0.8291 0.0321 0.5581
vn -0.0010 -1.0000 -0.0029
vn 0.9718 0.0464 0.2310
vn 0.9342 -0.0040 0.3568
vn 1.0000 0.0001 0.0005
vn 1.0000 -0.0000 0.0005
vn 1.0000 0.0001 0.0011
vn 1.0000 -0.0000 0.0004
vn 1.0000 -0.0001 0.0008
vn 0.9997 0.0037 0.0253
vn 0.9301 0.0758 0.3594
vn 0.8819 0.0540 0.4684
vn 0.8982 0.0064 0.4395
vn 0.9292 -0.1156 0.3511
vn 0.9996 -0.0028 -0.0294
vn 0.9545 0.0126 -0.2980
vn 0.9457 -0.0113 -0.3248
vn 0.9943 0.0154 0.1053
vn 0.8949 0.0378 0.4447
vn 0.8036 -0.0037 0.5951
vn 0.9348 -0.0422 0.3528
vn 0.9909 0.0128 0.1338
vn 0.9538 0.0130 0.3001
vn 0.9457 -0.0103 0.3250
vn 0.9970 -0.0007 -0.0775
vn 0.9989 -0.0038 -0.0472
vn 0.9999 -0.0016 -0.0108
vn 0.9999 0.0017 0.0115
vn 0.9999 -0.0000 0.0118
vn 0.9999 -0.0016 0.0121
vn 1.0000 0.0009 0.0074
vn 1.0000 -0.0000 0.0071
vn 0.5970 -0.0150 -0.8021
vn 0.6863 -0.0211 -0.7270
vn 0.8822 -0.0644 -0.4665
vn 0.9995 -0.0046 -0.0314
vn 0.6752 -0.0038 0.7376
vn 0.8610 0.0509 0.5060
vn 0.9899 -0.1227 -0.0712
vn 0.9906 -0.0285 -0.1339
vn 0.9961 0.0127 -0.0870
vn 0.9678 -0.0138 0.2512
vn 0.8475 0.0665 0.5266
vn 0.7858 -0.0458 0.6167
vn 0.9873 -0.0314 0.1559
vn 0.9799 0.0291 -0.1974
vn 0.9920 -0.0148 -0.1250
vn 0.9995 0.0045 0.0305
vn 0.9983 -0.0004 0.0590
vn 0.9996 -0.0041 0.0279
vn 1.0000 0.0005 -0.0037
vn 0.9871 0.0338 0.1566
vn 0.9846 -0.0325 0.1717
vn 0.9854 0.0258 -0.1684
vn 0.9911 -0.0204 -0.1313
vn 0.9993 -0.0056 0.0378
vn -0.0025 0.0006 -1.0000
vn -0.0037 0.0009 -1.0000
vn -0.2381 0.0299 -0.9708
vn -0.4506 0.0047 -0.8927
vn -0.3139 -0.0256 -0.9491
vn -0.0307 -0.0038 -0.9995
vn -0.0154 -0.0019 -0.9999
vn -0.0202 -0.0025 -0.9998
vn -0.0602 -0.0075 -0.9982
vn 0.0020 0.0002 -1.0000
vn 0.0059 0.0007 -1.0000
vn 0.9852 0.0257 0.1693
vn 0.9852 -0.0256 0.1693
vn 1.0000 0.0004 0.0028
vn 1.0000 -0.0000 0.0028
vn 1.0000 -0.0004 0.0028
vn 1.0000 0.0009 -0.0061
vn 0.9965 0.0085 -0.0837
vn 0.1228 0.0101 -0.9924
vn 0.0014 1.0000 -0.0012
vn 0.0008 1.0000 -0.0007
vn 0.0029 1.0000 -0.0025
vn -0.0000 1.0000 -0.0013
vn -0.0000 1.0000 -0.0027
vn -0.0008 1.0000 -0.0007
vn -0.0010 1.0000 -0.0009
vn 0.0245 0.9995 0.0215
vn 0.0004 1.0000 -0.0003
vn -0.0245 0.9995 0.0215
vn 0.0009 1.0000 -0.0008
vn 0.0039 -0.0005 -1.0000
vn 0.0007 -0.0001 -1.0000
vn -0.0500 0.0410 -0.9979
vn -0.4388 0.0520 -0.8971
vn -0.3879 -0.0898 -0.9173
vn 0.3327 -0.0445 -0.9420
vn 0.0193 0.0010 -0.9998
vn 0.0105 0.0010 -0.9999
vn 0.0230 -0.0007 -0.9997
vn 0.0089 -0.0011 -1.0000
vn -0.1249 0.0229 -0.9919
vn -0.1314 0.0177 -0.9912
vn -0.1183 0.0282 -0.9926
vn 0.5523 0.0292 -0.8331
vn -0.2705 -0.0557 -0.9611
vn 0.0373 0.0021 -0.9993
vn 0.0183 0.0023 -0.9998
vn 0.0459 -0.0013 -0.9989
vn 0.0160 -0.0014 -0.9999
vn 0.0062 0.0002 -1.0000
vn 0.1928 0.0256 -0.9809
vn 0.6739 0.0858 -0.7338
vn 0.3425 -0.0166 -0.9394
vn 0.2632 0.0283 -0.9643
vn 0.7532 0.0495 -0.6559
vn 0.8183 -0.0150 -0.5746
vn 0.5102 -0.0726 -0.8570
vn 0.0067 0.0012 -1.0000
vn 0.4135 0.0995 -0.9050
vn 0.0104 0.0451 -0.9989
vn -0.5331 -0.0824 -0.8420
vn 0.7396 0.0268 -0.6725
vn 0.0439 0.0141 -0.9989
vn -0.6962 -0.0543 -0.7158
vn -0.4697 -0.0802 -0.8792
vn 0.0012 0.0021 -1.0000
vn 0.0001 0.1517 -0.9884
vn -0.2468 -0.0906 -0.9648
vn -0.2585 -0.0554 -0.9644
vn -0.8349 0.0114 -0.5503
vn -0.7991 -0.0467 -0.5994
vn -0.4563 -0.0379 -0.8890
vn -0.0923 -0.0119 -0.9957
vn -0.0132 0.0018 -0.9999
vn -0.0126 0.0016 -0.9999
vn -0.0045 0.0006 -1.0000
vn -0.5004 0.0669 -0.8632
vn -0.5430 -0.0563 -0.8378
vn -0.0877 -0.0120 -0.9961
vn -0.0460 -0.0062 -0.9989
vn -0.0399 -0.0050 -0.9992
vn -0.2276 -0.0142 -0.9737
vn -0.0294 -0.0038 -0.9996
vn -0.0147 -0.0019 -0.9999
vn -0.0197 -0.0025 -0.9998
vn -0.0588 -0.0076 -0.9982
vn -0.0061 0.0008 -1.0000
vn -0.0260 0.0002 -0.9997
vn -0.0130 0.0001 -0.9999
vn -0.0079 -0.0008 -1.0000
vn -0.0020 -0.0002 -1.0000
vn 0.0103 -0.0023 -0.9999
vn 0.0030 -0.0031 -1.0000
vn 0.0070 -0.0010 -1.0000
vn 0.5463 -0.0668 -0.8349
vn 0.0008 -0.0020 -1.0000
vn 0.0019 -0.0040 -1.0000
vn 0.0028 1.0000 -0.0000
vn 0.0014 1.0000 0.0013
vn -0.2628 -0.0995 -0.9597
vn -0.0030 -0.0015 -1.0000
vn -0.0078 -0.0026 -1.0000
vn 0.0018 -0.0004 -1.0000
vn 0.0055 1.0000 -0.0049
vn 0.0018 1.0000 0.0017
vn 0.0055 1.0000 0.0050
vn -0.2688 -0.0342 -0.9626
vn 0.0061 -0.0010 -1.0000
vn 0.0085 -0.0011 -1.0000
vn 0.0036 -0.0009 -1.0000
vn -0.0001 1.0000 0.0001
vn 0.1743 0.9720 -0.1574
vn 0.1704 0.9713 0.1662
vn 0.3053 0.0412 -0.9514
vn 0.4267 -0.0216 -0.9041
vn 0.1613 -0.0357 -0.9863
vn -0.0010 1.0000 0.0005
vn -0.1797 0.9718 -0.1526
vn -0.1789 0.9701 0.1640
vn -0.0303 0.0814 -0.9962
vn -0.0656 0.0732 -0.9952
vn -0.0645 0.0735 -0.9952
vn 0.0834 -0.0271 -0.9961
vn 0.1276 -0.0936 -0.9874
vn -0.0052 1.0000 0.0011
vn -0.0049 1.0000 0.0026
vn -0.0045 1.0000 0.0055
vn -0.0044 1.0000 0.0056
vn -0.0913 0.0534 -0.9944
vn -0.0916 0.0537 -0.9943
vn 0.0175 0.0211 -0.9996
vn 0.1444 -0.1373 -0.9800
vn -0.0085 1.0000 0.0014
vn 0.0017 1.0000 -0.0014
vn 0.1106 0.9900 -0.0871
vn -0.0938 0.0298 -0.9951
vn -0.0936 0.0300 -0.9952
vn 0.1768 0.0926 -0.9799
vn 0.3834 -0.1592 -0.9098
vn 0.0685 0.9969 0.0382
vn 0.9911 -0.0193 -0.1313
vn 0.9844 0.0256 0.1742
vn 0.9997 -0.0038 0.0262
vn 0.9883 -0.0221 -0.1506
vn 0.9918 -0.0206 0.1262
vn 0.9885 0.0219 0.1493
vn 1.0000 0.0011 -0.0073
vn 0.9873 -0.0231 -0.1571
vn 1.0000 -0.0010 0.0068
vn 0.9595 0.0409 -0.2788
vn 0.8507 0.0045 -0.5256
vn 0.8834 -0.0169 -0.4683
vn 0.9796 -0.0292 -0.1987
vn 0.9873 0.0231 0.1571
vn 0.9873 -0.0231 0.1571
vn 0.9742 0.0508 0.2198
vn 0.9252 0.0198 0.3789
vn 0.9997 0.0104 0.0238
vn 0.9840 -0.0790 -0.1598
vn 0.9999 -0.0021 -0.0141
vn 0.9983 0.0085 -0.0580
vn 0.9961 -0.0127 -0.0871
vn 0.9979 0.0095 0.0645
vn 0.9762 0.0132 0.2165
vn 0.8964 0.0384 0.4415
vn 0.9867 -0.0354 0.1589
vn 0.9882 -0.0262 -0.1509
vn 0.9983 0.0085 0.0580
vn 0.9972 -0.0144 0.0735
vn 0.9984 0.0081 0.0553
vn 0.9749 0.0167 0.2218
vn 0.9854 -0.0250 0.1683
vn 0.9999 -0.0018 0.0125
vn 1.0000 -0.0000 0.0009
vn 0.0194 0.9997 -0.0170
vn 0.1313 0.9880 -0.0816
vn 0.1122 0.9888 0.0985
vn 0.3945 0.9189 0.0059
vn 0.4020 0.9155 -0.0134
vn 0.4773 0.8764 -0.0644
vn 0.4562 0.8856 0.0864
vn 0.2991 0.9520 0.0648
vn 0.6762 0.5815 -0.4523
vn 0.7033 0.4943 0.5109
vn 0.0262 0.9932 0.1132
vn 1.0000 0.0001 0.0001
vn 1.0000 0.0003 0.0002
vn 0.9983 0.0549 -0.0176
vn -0.3284 0.9442 -0.0256
vn 1.0000 0.0001 0.0002
vn 1.0000 0.0002 0.0003
vn 0.9982 0.0516 0.0298
vn -0.3520 0.9357 0.0247
vn 0.9985 0.0300 0.0459
vn -0.5969 0.8016 -0.0326
vn 0.9983 -0.0085 -0.0580
vn 0.9998 0.0127 0.0161
vn -0.5676 0.8207 0.0663
vn 0.9988 -0.0072 0.0492
vn 0.9999 -0.0011 -0.0103
vn 0.9988 0.0200 -0.0445
vn -0.2540 0.9665 0.0366
vn 0.9783 0.0326 -0.2045
vn 0.8061 0.0372 -0.5906
vn 0.8140 -0.0425 -0.5793
vn -0.0428 0.9737 -0.2237
vn 0.9764 0.0314 0.2138
vn 0.7773 0.0452 0.6275
vn 0.7121 -0.0379 0.7011
vn -0.0942 0.9311 0.3523
vn 0.9984 0.0083 -0.0564
vn 0.9988 -0.0075 -0.0494
vn 1.0000 0.0046 0.0036
vn -0.0727 0.9973 0.0113
vn 0.0257 0.0009 -0.9997
vn 0.0312 -0.0008 -0.9995
vn 0.0118 -0.0015 -0.9999
vn 0.1787 0.0206 -0.9837
vn 0.2285 0.0392 -0.9728
vn 0.1795 0.0209 -0.9835
vn 0.2087 -0.0173 -0.9778
vn 0.1791 -0.0270 -0.9835
vn 0.1801 -0.0267 -0.9833
vn 0.0628 -0.0064 -0.9980
vn 0.0770 0.0026 -0.9970
vn 0.0282 -0.0057 -0.9996
vn -0.0044 0.0006 -1.0000
vn 0.9949 0.0122 -0.0999
vn 0.9289 0.0199 -0.3698
vn 0.8963 -0.0087 -0.4433
vn 0.9808 -0.0274 -0.1933
vn 0.9743 0.0298 -0.2231
vn 0.2292 0.0395 -0.9726
vn 0.9788 0.0222 0.2038
vn 0.1500 -0.0366 -0.9880
vn 0.9370 -0.0046 0.3493
vn 0.1322 0.0065 -0.9912
vn 0.9949 -0.0442 0.0902
vn 0.0634 -0.0162 -0.9979
vn 0.0649 -0.0166 -0.9978
vn -0.0002 -0.0000 -1.0000
vn 0.0251 0.9993 -0.0274
vn 0.1616 -0.3464 -0.9241
vn -0.1039 0.0178 -0.9944
vn -0.0546 0.1631 -0.9851
vn 0.1455 -0.1513 -0.9777
vn 0.3039 0.9409 0.1498
vn 0.0994 0.9948 -0.0210
vn -0.7968 -0.0381 -0.6031
vn -0.0173 0.0022 -0.9998
vn -0.0168 0.0015 -0.9999
vn -0.6452 0.0834 -0.7594
vn -0.8292 -0.0384 -0.5576
vn -0.1967 0.9454 0.2600
vn 0.9984 0.0083 0.0564
vn 0.9984 -0.0086 0.0564
vn 1.0000 0.0082 -0.0011
vn 1.0000 0.0079 -0.0013
vn -0.0240 0.9997 -0.0040
vn 1.0000 0.0085 -0.0008
vn 0.0201 0.9998 0.0085
vn -0.0165 0.0011 -0.9999
vn -0.0420 0.0033 -0.9991
vn -0.0426 0.0034 -0.9991
vn 0.9996 0.0049 0.0264
vn -0.0520 0.0044 -0.9986
vn 0.0255 0.9934 0.1119
vt 0.008935 0.328567
vt 0.001040 0.328629
vt 0.000241 0.336991
vt 0.008844 0.336991
vt 0.025445 0.328448
vt 0.025515 0.336543
vt 0.008888 0.311594
vt 0.002478 0.316230
vt 0.025712 0.312765
vt 0.345874 0.327905
vt 0.345733 0.336624
vt 0.337131 0.336648
vt 0.337155 0.328046
vt 0.362246 0.325940
vt 0.362404 0.330928
vt 0.665017 0.337929
vt 0.664955 0.345825
vt 0.673380 0.345733
vt 0.673379 0.337131
vt 0.652619 0.339368
vt 0.647982 0.345779
vt 0.003726 0.305500
vt 0.003016 0.311594
vt 0.345953 0.311564
vt 0.337147 0.311558
vt 0.362215 0.311564
vt 0.664851 0.362261
vt 0.673380 0.362221
vt 0.648774 0.362295
vt 0.042163 0.328428
vt 0.042164 0.336990
vt 0.059001 0.328428
vt 0.059001 0.336991
vt 0.075838 0.328428
vt 0.075838 0.336991
vt 0.092676 0.328428
vt 0.092676 0.336991
vt 0.109513 0.328428
vt 0.109513 0.336991
vt 0.126351 0.328428
vt 0.126351 0.336991
vt 0.143189 0.328428
vt 0.143188 0.336991
vt 0.160179 0.328661
vt 0.160087 0.336859
vt 0.042163 0.312367
vt 0.059001 0.312367
vt 0.075838 0.312367
vt 0.092676 0.312367
vt 0.109514 0.312367
vt 0.126511 0.312636
vt 0.143530 0.312534
vt 0.160026 0.312367
vt 0.379053 0.327826
vt 0.379053 0.336628
vt 0.395890 0.327826
vt 0.395890 0.336643
vt 0.412728 0.327826
vt 0.412728 0.336643
vt 0.429565 0.327826
vt 0.429565 0.336643
vt 0.446403 0.327826
vt 0.446403 0.336643
vt 0.463240 0.327826
vt 0.463240 0.336643
vt 0.480078 0.327826
vt 0.480078 0.336643
vt 0.496965 0.324340
vt 0.496977 0.334830
vt 0.379053 0.311564
vt 0.395890 0.311564
vt 0.412728 0.311564
vt 0.429565 0.311564
vt 0.446403 0.311564
vt 0.463240 0.311564
vt 0.480078 0.311564
vt 0.496915 0.311564
vt 0.025853 0.299363
vt 0.014134 0.301708
vt 0.629979 0.342667
vt 0.637890 0.351831
vt 0.641888 0.340622
vt 0.638097 0.354292
vt 0.647982 0.339906
vt 0.026195 0.290864
vt 0.005712 0.293590
vt 0.026389 0.278718
vt 0.008112 0.277619
vt 0.026379 0.261766
vt 0.008886 0.261021
vt 0.026291 0.244925
vt 0.010821 0.244315
vt 0.026189 0.228085
vt 0.012758 0.227614
vt 0.026071 0.211239
vt 0.014695 0.210919
vt 0.025955 0.194405
vt 0.016629 0.194246
vt 0.025841 0.177616
vt 0.018556 0.177636
vt 0.635726 0.361953
vt 0.627309 0.361936
vt 0.614007 0.346230
vt 0.615122 0.363499
vt 0.597409 0.345784
vt 0.598157 0.363271
vt 0.580703 0.347713
vt 0.581314 0.363184
vt 0.564003 0.349651
vt 0.564473 0.363082
vt 0.547308 0.351589
vt 0.547628 0.362965
vt 0.530635 0.353524
vt 0.530794 0.362850
vt 0.514025 0.355451
vt 0.514005 0.362737
vt 0.042163 0.298926
vt 0.058920 0.299221
vt 0.075838 0.298926
vt 0.092618 0.299131
vt 0.110163 0.299235
vt 0.126351 0.298927
vt 0.143188 0.298926
vt 0.160026 0.298926
vt 0.042163 0.290450
vt 0.059068 0.290741
vt 0.075838 0.290450
vt 0.092642 0.290651
vt 0.109518 0.290452
vt 0.126351 0.290450
vt 0.143188 0.290450
vt 0.160026 0.290450
vt 0.042163 0.278642
vt 0.059149 0.279027
vt 0.075838 0.278642
vt 0.092676 0.278642
vt 0.109513 0.278642
vt 0.126351 0.278642
vt 0.143188 0.278642
vt 0.160026 0.278642
vt 0.042163 0.261805
vt 0.059001 0.261984
vt 0.075838 0.261805
vt 0.092676 0.261805
vt 0.109513 0.261805
vt 0.126351 0.261805
vt 0.143188 0.261805
vt 0.160026 0.261805
vt 0.042163 0.244967
vt 0.059001 0.245111
vt 0.075838 0.244967
vt 0.092676 0.244967
vt 0.109513 0.244967
vt 0.126351 0.244967
vt 0.143188 0.244967
vt 0.160026 0.244967
vt 0.042163 0.228130
vt 0.059001 0.228130
vt 0.075838 0.228130
vt 0.092676 0.228130
vt 0.109513 0.228130
vt 0.126351 0.228130
vt 0.143188 0.228130
vt 0.160026 0.228130
vt 0.042166 0.211282
vt 0.059001 0.211280
vt 0.075907 0.211548
vt 0.092676 0.211280
vt 0.109513 0.211289
vt 0.126351 0.211280
vt 0.143188 0.211280
vt 0.160026 0.211280
vt 0.042181 0.194432
vt 0.059001 0.194419
vt 0.075872 0.194514
vt 0.092672 0.194420
vt 0.479306 0.674020
vt 0.462528 0.707094
vt 0.462531 0.709429
vt 0.479368 0.708915
vt 0.496207 0.705803
vt 0.496206 0.709429
vt 0.143188 0.194419
vt 0.126351 0.194447
vt 0.160028 0.194586
vt 0.042222 0.177645
vt 0.059096 0.177881
vt 0.075838 0.177618
vt 0.092623 0.177548
vt 0.345169 0.740447
vt 0.367206 0.741586
vt 0.370214 0.758499
vt 0.337131 0.758509
vt 0.368650 0.741669
vt 0.368909 0.758509
vt 0.143188 0.177618
vt 0.126345 0.177612
vt 0.159887 0.177577
vt 0.345975 0.294728
vt 0.337172 0.294728
vt 0.362215 0.294726
vt 0.664854 0.379006
vt 0.673383 0.379051
vt 0.648988 0.378560
vt 0.346030 0.277893
vt 0.337268 0.277896
vt 0.362215 0.277889
vt 0.664898 0.395806
vt 0.673389 0.395883
vt 0.648878 0.395712
vt 0.346051 0.261052
vt 0.337313 0.261053
vt 0.362215 0.261051
vt 0.664889 0.412716
vt 0.673392 0.412726
vt 0.648778 0.412723
vt 0.345956 0.244214
vt 0.337142 0.244214
vt 0.362215 0.244214
vt 0.664822 0.429566
vt 0.673383 0.429565
vt 0.648759 0.429566
vt 0.345953 0.227376
vt 0.337136 0.227376
vt 0.362215 0.227376
vt 0.664820 0.446403
vt 0.673383 0.446403
vt 0.648759 0.446404
vt 0.345953 0.210539
vt 0.337136 0.210539
vt 0.362215 0.210539
vt 0.664821 0.463241
vt 0.673384 0.463241
vt 0.648759 0.463241
vt 0.345953 0.193701
vt 0.337136 0.193701
vt 0.362215 0.193701
vt 0.664821 0.480078
vt 0.673385 0.480078
vt 0.648760 0.480079
vt 0.345953 0.176863
vt 0.337136 0.176863
vt 0.362215 0.176863
vt 0.664822 0.496916
vt 0.673385 0.496916
vt 0.648761 0.496916
vt 0.379053 0.294726
vt 0.395890 0.294726
vt 0.412728 0.294726
vt 0.429565 0.294726
vt 0.446403 0.294726
vt 0.463240 0.294726
vt 0.480078 0.294726
vt 0.496915 0.294726
vt 0.379053 0.277889
vt 0.395890 0.277889
vt 0.412728 0.277889
vt 0.429565 0.277889
vt 0.446403 0.277889
vt 0.463240 0.277889
vt 0.480078 0.277889
vt 0.496915 0.277889
vt 0.378992 0.260983
vt 0.395890 0.261051
vt 0.412728 0.261051
vt 0.429565 0.261051
vt 0.446381 0.261026
vt 0.463217 0.261025
vt 0.480078 0.261051
vt 0.496915 0.261051
vt 0.379053 0.244214
vt 0.395890 0.244214
vt 0.412728 0.244214
vt 0.429565 0.244214
vt 0.446403 0.244214
vt 0.463240 0.244214
vt 0.480078 0.244214
vt 0.496915 0.244214
vt 0.379053 0.227376
vt 0.395890 0.227376
vt 0.412728 0.227376
vt 0.429565 0.227376
vt 0.446403 0.227376
vt 0.463240 0.227376
vt 0.480078 0.227376
vt 0.496915 0.227376
vt 0.379053 0.210539
vt 0.395890 0.210539
vt 0.412728 0.210539
vt 0.429565 0.210539
vt 0.446403 0.210539
vt 0.463240 0.210539
vt 0.480078 0.210539
vt 0.496915 0.210539
vt 0.379053 0.193701
vt 0.395890 0.193701
vt 0.412728 0.193701
vt 0.429565 0.193701
vt 0.446403 0.193701
vt 0.463240 0.193701
vt 0.480078 0.193701
vt 0.496915 0.193701
vt 0.379053 0.176863
vt 0.395890 0.176863
vt 0.412728 0.176863
vt 0.429565 0.176863
vt 0.446403 0.176863
vt 0.463240 0.176863
vt 0.480078 0.176863
vt 0.496915 0.176863
vt 0.635396 0.378589
vt 0.626844 0.378847
vt 0.615033 0.379046
vt 0.598296 0.379070
vt 0.581361 0.379058
vt 0.564519 0.379057
vt 0.547671 0.379060
vt 0.530822 0.379076
vt 0.514034 0.379117
vt 0.635329 0.395863
vt 0.626840 0.395891
vt 0.615033 0.395893
vt 0.598272 0.396013
vt 0.581367 0.395910
vt 0.564520 0.395894
vt 0.547670 0.395895
vt 0.530809 0.395896
vt 0.514009 0.395896
vt 0.635317 0.412729
vt 0.626841 0.412730
vt 0.615033 0.412730
vt 0.598260 0.412819
vt 0.581386 0.412767
vt 0.564520 0.412732
vt 0.547670 0.412732
vt 0.530810 0.412733
vt 0.514009 0.412734
vt 0.635318 0.429567
vt 0.626841 0.429567
vt 0.615034 0.429568
vt 0.598233 0.429599
vt 0.581437 0.429620
vt 0.564521 0.429569
vt 0.547671 0.429570
vt 0.530811 0.429571
vt 0.514010 0.429571
vt 0.635318 0.446404
vt 0.626842 0.446405
vt 0.615034 0.446405
vt 0.598209 0.446409
vt 0.581553 0.446510
vt 0.564525 0.446411
vt 0.547672 0.446407
vt 0.530811 0.446408
vt 0.514010 0.446409
vt 0.635319 0.463242
vt 0.626842 0.463242
vt 0.615035 0.463243
vt 0.598198 0.463245
vt 0.581496 0.463641
vt 0.564556 0.463333
vt 0.547672 0.463245
vt 0.530812 0.463246
vt 0.514011 0.463246
vt 0.635319 0.480079
vt 0.626843 0.480080
vt 0.615035 0.480080
vt 0.598198 0.480081
vt 0.581405 0.480180
vt 0.564600 0.480213
vt 0.547673 0.480083
vt 0.530812 0.480083
vt 0.514012 0.480084
vt 0.635320 0.496917
vt 0.626844 0.496917
vt 0.615036 0.496918
vt 0.598199 0.496918
vt 0.581361 0.496919
vt 0.564524 0.496920
vt 0.547674 0.496920
vt 0.530813 0.496921
vt 0.514012 0.496921
vt 0.176864 0.328428
vt 0.176864 0.336991
vt 0.193701 0.328428
vt 0.193701 0.336991
vt 0.210396 0.328085
vt 0.210535 0.335440
vt 0.227376 0.328428
vt 0.227376 0.336991
vt 0.244214 0.328428
vt 0.244214 0.336991
vt 0.261051 0.328428
vt 0.261051 0.336991
vt 0.277822 0.328012
vt 0.277915 0.335585
vt 0.294726 0.328428
vt 0.294726 0.336991
vt 0.176864 0.312367
vt 0.193701 0.312367
vt 0.210517 0.312358
vt 0.227376 0.312367
vt 0.244214 0.312367
vt 0.261051 0.312367
vt 0.277819 0.312348
vt 0.294726 0.312367
vt 0.513753 0.327826
vt 0.513753 0.336642
vt 0.530591 0.327826
vt 0.530591 0.336643
vt 0.547580 0.315726
vt 0.547424 0.324315
vt 0.564266 0.327826
vt 0.564266 0.336643
vt 0.581103 0.327826
vt 0.581103 0.336643
vt 0.597941 0.327826
vt 0.597941 0.336643
vt 0.615013 0.316076
vt 0.614804 0.326259
vt 0.631616 0.327826
vt 0.631616 0.336643
vt 0.513753 0.311564
vt 0.530591 0.311564
vt 0.547428 0.311564
vt 0.564266 0.311564
vt 0.581103 0.311564
vt 0.597941 0.311564
vt 0.614778 0.311564
vt 0.631616 0.311564
vt 0.311518 0.328462
vt 0.311558 0.336991
vt 0.327955 0.328567
vt 0.328046 0.336991
vt 0.335850 0.328629
vt 0.336648 0.336991
vt 0.311469 0.312384
vt 0.328001 0.311594
vt 0.334412 0.316230
vt 0.648453 0.327826
vt 0.648447 0.336632
vt 0.664795 0.327905
vt 0.664935 0.336624
vt 0.673513 0.328046
vt 0.673538 0.336648
vt 0.324949 0.665895
vt 0.332844 0.665961
vt 0.333639 0.674324
vt 0.325036 0.674320
vt 0.333874 0.311594
vt 0.333167 0.305500
vt 0.325004 0.648922
vt 0.331412 0.653562
vt 0.648453 0.311564
vt 0.664715 0.311564
vt 0.673522 0.311558
vt 0.308513 0.665783
vt 0.308548 0.674312
vt 0.308472 0.649704
vt 0.176864 0.298926
vt 0.193701 0.298926
vt 0.210539 0.298926
vt 0.227376 0.298926
vt 0.244214 0.298926
vt 0.261051 0.298926
vt 0.277889 0.298926
vt 0.294726 0.298926
vt 0.176864 0.290450
vt 0.193701 0.290450
vt 0.210539 0.290450
vt 0.227376 0.290450
vt 0.244214 0.290450
vt 0.261051 0.290450
vt 0.277889 0.290450
vt 0.294726 0.290450
vt 0.176864 0.278642
vt 0.193701 0.278642
vt 0.210539 0.278642
vt 0.227376 0.278642
vt 0.244214 0.278642
vt 0.261051 0.278642
vt 0.277889 0.278642
vt 0.294726 0.278642
vt 0.176864 0.261805
vt 0.193701 0.261805
vt 0.210539 0.261805
vt 0.227376 0.261805
vt 0.244214 0.261805
vt 0.261051 0.261805
vt 0.277889 0.261965
vt 0.294726 0.261805
vt 0.176864 0.244967
vt 0.193721 0.245139
vt 0.210539 0.244967
vt 0.227376 0.244967
vt 0.244214 0.244967
vt 0.261051 0.244967
vt 0.277752 0.244936
vt 0.294726 0.244967
vt 0.176864 0.228130
vt 0.193652 0.228196
vt 0.210539 0.228130
vt 0.227376 0.228130
vt 0.244214 0.228130
vt 0.261051 0.228130
vt 0.277889 0.228130
vt 0.294726 0.228130
vt 0.176864 0.211280
vt 0.193701 0.211280
vt 0.210539 0.211393
vt 0.227376 0.211280
vt 0.244214 0.211280
vt 0.261051 0.211280
vt 0.277889 0.211280
vt 0.294724 0.211282
vt 0.176864 0.194419
vt 0.193701 0.194419
vt 0.210539 0.194576
vt 0.227376 0.194419
vt 0.244214 0.194419
vt 0.261051 0.194419
vt 0.277889 0.194419
vt 0.294709 0.194432
vt 0.176864 0.177618
vt 0.193701 0.177618
vt 0.210539 0.177618
vt 0.227376 0.177618
vt 0.244214 0.177618
vt 0.261051 0.177618
vt 0.277889 0.177618
vt 0.294667 0.177645
vt 0.311143 0.299314
vt 0.323181 0.301466
vt 0.310710 0.290864
vt 0.331783 0.293573
vt 0.320189 0.638792
vt 0.328794 0.630903
vt 0.330172 0.642830
vt 0.310522 0.278717
vt 0.329926 0.277566
vt 0.310511 0.261766
vt 0.328007 0.261020
vt 0.310598 0.244925
vt 0.326069 0.244315
vt 0.310701 0.228085
vt 0.324132 0.227614
vt 0.310819 0.211239
vt 0.322195 0.210919
vt 0.310935 0.194405
vt 0.320261 0.194246
vt 0.311048 0.177616
vt 0.318334 0.177636
vt 0.308152 0.636634
vt 0.307723 0.628184
vt 0.307540 0.616037
vt 0.326945 0.614895
vt 0.307537 0.599086
vt 0.325033 0.598349
vt 0.307632 0.582245
vt 0.323104 0.581642
vt 0.307743 0.565405
vt 0.321174 0.564941
vt 0.307869 0.548559
vt 0.319245 0.548245
vt 0.307993 0.531725
vt 0.317319 0.531571
vt 0.308114 0.514936
vt 0.315400 0.514960
vt 0.513753 0.294726
vt 0.530591 0.294726
vt 0.547428 0.294726
vt 0.564266 0.294726
vt 0.581103 0.294726
vt 0.597941 0.294726
vt 0.614778 0.294726
vt 0.631616 0.294726
vt 0.513753 0.277889
vt 0.530591 0.277889
vt 0.547428 0.277889
vt 0.564266 0.277889
vt 0.581103 0.277889
vt 0.597941 0.277889
vt 0.614778 0.277889
vt 0.631616 0.277889
vt 0.513753 0.261051
vt 0.530591 0.261051
vt 0.547428 0.261051
vt 0.564266 0.261051
vt 0.581103 0.261051
vt 0.597941 0.261051
vt 0.614778 0.261051
vt 0.631616 0.261051
vt 0.513753 0.244214
vt 0.530591 0.244214
vt 0.547428 0.244214
vt 0.564266 0.244214
vt 0.581082 0.244145
vt 0.597941 0.244214
vt 0.614778 0.244214
vt 0.631616 0.244214
vt 0.513753 0.227376
vt 0.530591 0.227376
vt 0.547426 0.227374
vt 0.564263 0.227368
vt 0.581103 0.227376
vt 0.597941 0.227376
vt 0.614778 0.227376
vt 0.631616 0.227376
vt 0.513753 0.210539
vt 0.530591 0.210539
vt 0.547428 0.210539
vt 0.564266 0.210539
vt 0.581103 0.210539
vt 0.597941 0.210539
vt 0.614778 0.210539
vt 0.631616 0.210539
vt 0.513753 0.193701
vt 0.530591 0.193701
vt 0.547428 0.193701
vt 0.564266 0.193701
vt 0.581103 0.193701
vt 0.597941 0.193701
vt 0.614778 0.193701
vt 0.631616 0.193701
vt 0.513753 0.176863
vt 0.530591 0.176863
vt 0.547428 0.176863
vt 0.564266 0.176863
vt 0.581103 0.176863
vt 0.597941 0.176863
vt 0.614778 0.176863
vt 0.631616 0.176863
vt 0.648453 0.294726
vt 0.664715 0.294726
vt 0.673533 0.294726
vt 0.291721 0.665740
vt 0.291717 0.674304
vt 0.291728 0.649679
vt 0.648453 0.277889
vt 0.664715 0.277889
vt 0.673533 0.277889
vt 0.274883 0.665732
vt 0.274879 0.674296
vt 0.274891 0.649671
vt 0.648453 0.261051
vt 0.664715 0.261051
vt 0.673533 0.261051
vt 0.258046 0.665724
vt 0.258042 0.674288
vt 0.258053 0.649663
vt 0.648453 0.244214
vt 0.664715 0.244214
vt 0.673533 0.244214
vt 0.241208 0.665716
vt 0.241204 0.674280
vt 0.241216 0.649812
vt 0.648453 0.227376
vt 0.664715 0.227376
vt 0.673533 0.227376
vt 0.224371 0.665708
vt 0.224367 0.674272
vt 0.224378 0.649647
vt 0.648453 0.210539
vt 0.664715 0.210539
vt 0.673533 0.210539
vt 0.207533 0.665700
vt 0.207529 0.674264
vt 0.207541 0.649639
vt 0.648453 0.193701
vt 0.664715 0.193701
vt 0.673533 0.193701
vt 0.190696 0.665692
vt 0.190692 0.674256
vt 0.190703 0.649631
vt 0.648453 0.176863
vt 0.664715 0.176863
vt 0.673533 0.176863
vt 0.173858 0.665684
vt 0.173854 0.674248
vt 0.173866 0.649623
vt 0.291735 0.636239
vt 0.291739 0.627762
vt 0.291744 0.615955
vt 0.291752 0.599117
vt 0.291760 0.582280
vt 0.291768 0.565442
vt 0.291774 0.548594
vt 0.291767 0.531745
vt 0.291734 0.514957
vt 0.274897 0.636231
vt 0.274901 0.627754
vt 0.274907 0.615947
vt 0.274915 0.599109
vt 0.274923 0.582272
vt 0.274931 0.565434
vt 0.274939 0.548584
vt 0.274947 0.531724
vt 0.274955 0.514923
vt 0.258060 0.636223
vt 0.258064 0.627746
vt 0.258069 0.615939
vt 0.258077 0.599101
vt 0.258085 0.582264
vt 0.258093 0.565426
vt 0.258101 0.548576
vt 0.258109 0.531716
vt 0.258117 0.514915
vt 0.241513 0.636361
vt 0.241229 0.627739
vt 0.241232 0.615931
vt 0.241240 0.599295
vt 0.241588 0.582428
vt 0.241256 0.565418
vt 0.241264 0.548568
vt 0.241272 0.531708
vt 0.241280 0.514907
vt 0.224385 0.636207
vt 0.224389 0.627730
vt 0.224394 0.615923
vt 0.224402 0.599085
vt 0.224410 0.582248
vt 0.223489 0.565598
vt 0.224426 0.548560
vt 0.224434 0.531700
vt 0.224442 0.514899
vt 0.207547 0.636199
vt 0.207551 0.627722
vt 0.207557 0.615915
vt 0.207565 0.599077
vt 0.207573 0.582240
vt 0.207581 0.565402
vt 0.207589 0.548552
vt 0.207597 0.531692
vt 0.207605 0.514891
vt 0.190710 0.636191
vt 0.190714 0.627714
vt 0.190719 0.615907
vt 0.190727 0.599069
vt 0.190735 0.582232
vt 0.190743 0.565394
vt 0.190751 0.548544
vt 0.190759 0.531684
vt 0.190767 0.514883
vt 0.173872 0.636183
vt 0.173876 0.627706
vt 0.173882 0.615899
vt 0.173890 0.599061
vt 0.173898 0.582224
vt 0.173906 0.565386
vt 0.173914 0.548536
vt 0.173922 0.531676
vt 0.173930 0.514875
vt 0.027621 0.161710
vt 0.019758 0.167268
vt 0.503657 0.356654
vt 0.498099 0.364516
vt 0.021213 0.154732
vt 0.020403 0.161710
vt 0.480170 0.359380
vt 0.488578 0.370688
vt 0.491120 0.358109
vt 0.033792 0.152188
vt 0.022483 0.143781
vt 0.042252 0.160864
vt 0.059071 0.161181
vt 0.075838 0.160869
vt 0.092646 0.160822
vt 0.342406 0.723797
vt 0.365693 0.724839
vt 0.366893 0.724894
vt 0.143188 0.160869
vt 0.126346 0.160862
vt 0.160004 0.160992
vt 0.042613 0.150953
vt 0.059001 0.150748
vt 0.075838 0.150564
vt 0.092663 0.150542
vt 0.341909 0.713631
vt 0.365119 0.714550
vt 0.365684 0.714569
vt 0.143188 0.150564
vt 0.126351 0.150554
vt 0.159977 0.150635
vt 0.043112 0.142453
vt 0.059001 0.142249
vt 0.075838 0.142082
vt 0.092681 0.142062
vt 0.342439 0.704855
vt 0.364663 0.706063
vt 0.364418 0.706047
vt 0.143188 0.142082
vt 0.126372 0.142048
vt 0.160126 0.141895
vt 0.043236 0.127095
vt 0.024522 0.126205
vt 0.059001 0.127105
vt 0.075838 0.127105
vt 0.092676 0.127101
vt 0.341613 0.690170
vt 0.363565 0.691087
vt 0.360966 0.691000
vt 0.143188 0.127105
vt 0.126314 0.127048
vt 0.160026 0.127105
vt 0.043185 0.110227
vt 0.026456 0.109533
vt 0.059001 0.110267
vt 0.075838 0.110267
vt 0.092676 0.110267
vt 0.341354 0.674020
vt 0.361935 0.674230
vt 0.126596 0.110269
vt 0.109686 0.110328
vt 0.109365 0.126473
vt 0.143188 0.110267
vt 0.160026 0.110399
vt 0.043092 0.093387
vt 0.028394 0.092829
vt 0.059001 0.093430
vt 0.075838 0.093430
vt 0.092676 0.093430
vt 0.110037 0.093190
vt 0.127285 0.092825
vt 0.462046 0.709775
vt 0.438385 0.706418
vt 0.450750 0.725416
vt 0.462046 0.726726
vt 0.160026 0.093581
vt 0.143189 0.093429
vt 0.042982 0.076545
vt 0.030331 0.076130
vt 0.059001 0.076592
vt 0.075838 0.076699
vt 0.092676 0.076592
vt 0.109553 0.076481
vt 0.126519 0.075686
vt 0.461979 0.692814
vt 0.438707 0.689201
vt 0.160026 0.076592
vt 0.143188 0.076589
vt 0.042861 0.059698
vt 0.032267 0.059440
vt 0.059006 0.059736
vt 0.075934 0.060025
vt 0.092676 0.059731
vt 0.109508 0.059718
vt 0.126160 0.059304
vt 0.461789 0.675811
vt 0.449996 0.674020
vt 0.160026 0.059731
vt 0.143183 0.059722
vt 0.042751 0.042882
vt 0.034199 0.042787
vt 0.059032 0.042901
vt 0.075898 0.043123
vt 0.092676 0.042880
vt 0.109513 0.042880
vt 0.126350 0.042879
vt 0.143188 0.042880
vt 0.160026 0.042880
vt 0.042633 0.026091
vt 0.036126 0.026179
vt 0.059084 0.026146
vt 0.075838 0.026189
vt 0.092676 0.026116
vt 0.109513 0.026116
vt 0.126351 0.026116
vt 0.143188 0.026116
vt 0.160026 0.026116
vt 0.043436 0.014899
vt 0.037052 0.018191
vt 0.059415 0.011192
vt 0.075838 0.010789
vt 0.092676 0.010765
vt 0.109513 0.010765
vt 0.126351 0.010765
vt 0.143188 0.010765
vt 0.160026 0.010765
vt 0.497254 0.379147
vt 0.487342 0.379510
vt 0.478842 0.380009
vt 0.462594 0.361419
vt 0.463485 0.380134
vt 0.445921 0.363354
vt 0.446617 0.380082
vt 0.429218 0.365292
vt 0.429777 0.379988
vt 0.412519 0.367230
vt 0.412943 0.379844
vt 0.395829 0.369167
vt 0.396088 0.379761
vt 0.379176 0.371099
vt 0.379271 0.379651
vt 0.497259 0.395897
vt 0.486954 0.395897
vt 0.478473 0.395897
vt 0.463495 0.395898
vt 0.446658 0.395898
vt 0.430035 0.395500
vt 0.413126 0.395419
vt 0.396164 0.396192
vt 0.379292 0.395939
vt 0.497260 0.412734
vt 0.486954 0.412735
vt 0.478473 0.412735
vt 0.463495 0.412736
vt 0.446672 0.412727
vt 0.430009 0.412572
vt 0.412991 0.412745
vt 0.396274 0.413759
vt 0.379306 0.412889
vt 0.497260 0.429572
vt 0.486955 0.429572
vt 0.478474 0.429572
vt 0.463496 0.429573
vt 0.446672 0.429572
vt 0.429868 0.429568
vt 0.412983 0.429575
vt 0.396134 0.429585
vt 0.379303 0.429586
vt 0.497261 0.446409
vt 0.486955 0.446410
vt 0.478474 0.446410
vt 0.463497 0.446411
vt 0.446659 0.446411
vt 0.429822 0.446412
vt 0.412984 0.446412
vt 0.396123 0.446413
vt 0.379272 0.446414
vt 0.497262 0.463247
vt 0.486956 0.463247
vt 0.478475 0.463248
vt 0.463497 0.463248
vt 0.446660 0.463249
vt 0.429822 0.463249
vt 0.412985 0.463250
vt 0.396124 0.463251
vt 0.379273 0.463251
vt 0.497262 0.480084
vt 0.486957 0.480085
vt 0.478476 0.480085
vt 0.463498 0.480086
vt 0.446660 0.480086
vt 0.429823 0.480087
vt 0.412985 0.480087
vt 0.396124 0.480088
vt 0.379273 0.480089
vt 0.497263 0.496922
vt 0.486957 0.496922
vt 0.478476 0.496923
vt 0.463498 0.496923
vt 0.446661 0.496924
vt 0.429823 0.496924
vt 0.412986 0.496925
vt 0.396125 0.496926
vt 0.379274 0.496926
vt 0.362569 0.373026
vt 0.362481 0.379534
vt 0.354580 0.373953
vt 0.351289 0.380337
vt 0.362536 0.395985
vt 0.347581 0.396316
vt 0.362507 0.412739
vt 0.347156 0.412740
vt 0.362508 0.429577
vt 0.347156 0.429577
vt 0.362508 0.446414
vt 0.347157 0.446415
vt 0.362509 0.463252
vt 0.347157 0.463252
vt 0.362533 0.480090
vt 0.347161 0.480090
vt 0.362614 0.496961
vt 0.347195 0.496944
vt 0.038915 0.002134
vt 0.037434 0.014899
vt 0.059709 0.005141
vt 0.075839 0.005090
vt 0.092676 0.004944
vt 0.109513 0.004944
vt 0.126351 0.004944
vt 0.143188 0.004944
vt 0.160026 0.004944
vt 0.928765 0.239308
vt 0.926483 0.252704
vt 0.933427 0.259649
vt 0.933739 0.238854
vt 0.927118 0.222726
vt 0.933228 0.222725
vt 0.928948 0.205888
vt 0.933753 0.205888
vt 0.928948 0.189050
vt 0.933753 0.189050
vt 0.928948 0.172212
vt 0.933753 0.172212
vt 0.928948 0.155375
vt 0.933753 0.155375
vt 0.928948 0.138537
vt 0.933753 0.138537
vt 0.338524 0.375817
vt 0.341522 0.396611
vt 0.913087 0.255068
vt 0.912633 0.259996
vt 0.912993 0.239215
vt 0.912732 0.222721
vt 0.912939 0.205882
vt 0.912954 0.189050
vt 0.912954 0.172212
vt 0.912954 0.155375
vt 0.912954 0.138537
vt 0.341334 0.412740
vt 0.896504 0.255169
vt 0.896504 0.259974
vt 0.896504 0.239175
vt 0.896504 0.222725
vt 0.896501 0.205886
vt 0.896496 0.189049
vt 0.896504 0.172212
vt 0.896504 0.155375
vt 0.896504 0.138537
vt 0.341335 0.429577
vt 0.879667 0.255169
vt 0.879667 0.259974
vt 0.879667 0.239175
vt 0.879667 0.222725
vt 0.879667 0.205887
vt 0.879634 0.189044
vt 0.879618 0.172194
vt 0.879658 0.155372
vt 0.879667 0.138537
vt 0.341336 0.446415
vt 0.862829 0.255169
vt 0.862829 0.259974
vt 0.862829 0.239175
vt 0.862832 0.222725
vt 0.862843 0.205880
vt 0.862829 0.189050
vt 0.862826 0.172212
vt 0.862730 0.155346
vt 0.862824 0.138536
vt 0.341336 0.463252
vt 0.845991 0.255169
vt 0.845991 0.259974
vt 0.845992 0.239175
vt 0.846075 0.222722
vt 0.846005 0.205877
vt 0.845991 0.189050
vt 0.845991 0.172212
vt 0.845991 0.155375
vt 0.845991 0.138537
vt 0.341337 0.480090
vt 0.829154 0.255169
vt 0.829154 0.259973
vt 0.829171 0.239174
vt 0.829188 0.222714
vt 0.829154 0.205887
vt 0.829154 0.189050
vt 0.829154 0.172212
vt 0.829154 0.155375
vt 0.829154 0.138537
vt 0.341352 0.496930
vt 0.812316 0.255124
vt 0.812314 0.259888
vt 0.812332 0.239154
vt 0.812318 0.222725
vt 0.812316 0.205887
vt 0.812316 0.189050
vt 0.812316 0.172212
vt 0.812316 0.155375
vt 0.812316 0.138537
vt 0.176864 0.160869
vt 0.193701 0.160869
vt 0.210539 0.160869
vt 0.227195 0.161145
vt 0.244214 0.160869
vt 0.261051 0.160869
vt 0.277889 0.160869
vt 0.294638 0.160864
vt 0.176864 0.150564
vt 0.193701 0.150564
vt 0.210539 0.150564
vt 0.227376 0.150564
vt 0.244088 0.150947
vt 0.261051 0.150564
vt 0.277889 0.150564
vt 0.294276 0.150953
vt 0.176864 0.142082
vt 0.193701 0.142082
vt 0.210539 0.142082
vt 0.227376 0.142082
vt 0.244234 0.142365
vt 0.261051 0.142082
vt 0.277889 0.142082
vt 0.293777 0.142453
vt 0.176864 0.127105
vt 0.193701 0.127105
vt 0.210539 0.127105
vt 0.227376 0.127105
vt 0.244214 0.127105
vt 0.261051 0.127105
vt 0.277889 0.127105
vt 0.293653 0.127095
vt 0.176864 0.110267
vt 0.193701 0.110267
vt 0.210539 0.110267
vt 0.227376 0.110267
vt 0.244214 0.110267
vt 0.261116 0.110500
vt 0.277889 0.110267
vt 0.293705 0.110227
vt 0.176864 0.093430
vt 0.193701 0.093430
vt 0.210539 0.093430
vt 0.227376 0.093430
vt 0.244214 0.093430
vt 0.261072 0.093574
vt 0.277889 0.093430
vt 0.293798 0.093387
vt 0.176864 0.076592
vt 0.193701 0.076592
vt 0.210539 0.076592
vt 0.227376 0.076592
vt 0.244214 0.076592
vt 0.261074 0.076661
vt 0.277889 0.076592
vt 0.293907 0.076545
vt 0.176864 0.059874
vt 0.193701 0.059731
vt 0.210539 0.059731
vt 0.227376 0.059731
vt 0.244214 0.059731
vt 0.261144 0.059999
vt 0.277884 0.059736
vt 0.294029 0.059698
vt 0.176864 0.042880
vt 0.193701 0.042880
vt 0.210539 0.042880
vt 0.227376 0.042880
vt 0.244214 0.042880
vt 0.261052 0.043022
vt 0.277857 0.042901
vt 0.294139 0.042882
vt 0.309269 0.161711
vt 0.317131 0.167268
vt 0.303098 0.152188
vt 0.316486 0.161710
vt 0.315677 0.154732
vt 0.306343 0.499030
vt 0.314202 0.504591
vt 0.314406 0.143781
vt 0.300176 0.489505
vt 0.311489 0.481103
vt 0.312754 0.492054
vt 0.312368 0.126205
vt 0.310433 0.109533
vt 0.308496 0.092829
vt 0.306559 0.076130
vt 0.304622 0.059440
vt 0.302691 0.042787
vt 0.176864 0.026116
vt 0.193702 0.026254
vt 0.210539 0.026116
vt 0.227376 0.026116
vt 0.244214 0.026116
vt 0.261051 0.026116
vt 0.277805 0.026146
vt 0.294257 0.026091
vt 0.176864 0.010765
vt 0.193701 0.010765
vt 0.210539 0.010765
vt 0.227376 0.010765
vt 0.244214 0.010765
vt 0.261051 0.010765
vt 0.277354 0.011624
vt 0.293453 0.014899
vt 0.300764 0.026179
vt 0.299837 0.018191
vt 0.291712 0.498176
vt 0.291355 0.488265
vt 0.290860 0.479765
vt 0.290743 0.464407
vt 0.309458 0.463526
vt 0.290803 0.447539
vt 0.307532 0.446852
vt 0.290904 0.430699
vt 0.305602 0.430148
vt 0.291022 0.413857
vt 0.303673 0.413448
vt 0.291151 0.397010
vt 0.301745 0.396757
vt 0.291269 0.380194
vt 0.299821 0.380104
vt 0.274963 0.498174
vt 0.274968 0.487868
vt 0.274972 0.479387
vt 0.274979 0.464409
vt 0.274987 0.447572
vt 0.274995 0.430734
vt 0.275003 0.413896
vt 0.275006 0.397040
vt 0.274987 0.380206
vt 0.258125 0.498166
vt 0.258130 0.487860
vt 0.258134 0.479379
vt 0.258141 0.464401
vt 0.258149 0.447564
vt 0.258157 0.430726
vt 0.258165 0.413889
vt 0.258173 0.397027
vt 0.258181 0.380177
vt 0.241288 0.498158
vt 0.241293 0.487852
vt 0.241297 0.479371
vt 0.241304 0.464393
vt 0.241312 0.447556
vt 0.241320 0.430718
vt 0.241328 0.413881
vt 0.241336 0.397020
vt 0.241344 0.380169
vt 0.224450 0.498150
vt 0.224455 0.487844
vt 0.224459 0.479363
vt 0.224466 0.464385
vt 0.224474 0.447548
vt 0.224482 0.430710
vt 0.224490 0.413873
vt 0.224498 0.397012
vt 0.224506 0.380161
vt 0.207613 0.498142
vt 0.207618 0.487836
vt 0.207622 0.479355
vt 0.207629 0.464377
vt 0.207637 0.447540
vt 0.207645 0.430702
vt 0.207653 0.413865
vt 0.207660 0.397212
vt 0.207669 0.380153
vt 0.190775 0.498134
vt 0.190780 0.487828
vt 0.190784 0.479347
vt 0.190791 0.464369
vt 0.190799 0.447920
vt 0.190807 0.430694
vt 0.190815 0.413857
vt 0.190823 0.396996
vt 0.190831 0.380145
vt 0.173938 0.498126
vt 0.173942 0.488224
vt 0.173946 0.479723
vt 0.173954 0.464361
vt 0.173962 0.447524
vt 0.173970 0.430686
vt 0.173978 0.413849
vt 0.173986 0.396988
vt 0.173994 0.380137
vt 0.176864 0.004944
vt 0.193701 0.004944
vt 0.210539 0.004944
vt 0.227376 0.004944
vt 0.244214 0.004944
vt 0.261051 0.004944
vt 0.277197 0.005988
vt 0.297975 0.002134
vt 0.928948 0.121700
vt 0.933753 0.121700
vt 0.928948 0.104862
vt 0.933753 0.104862
vt 0.928948 0.088025
vt 0.933753 0.088025
vt 0.928948 0.071187
vt 0.933753 0.071187
vt 0.928948 0.054350
vt 0.933753 0.054350
vt 0.928948 0.037512
vt 0.933753 0.037512
vt 0.277640 0.000299
vt 0.261051 0.000241
vt 0.291030 0.000241
vt 0.912954 0.121700
vt 0.912954 0.104862
vt 0.912954 0.088025
vt 0.912954 0.071187
vt 0.912953 0.054350
vt 0.912944 0.037506
vt 0.928167 0.020924
vt 0.912990 0.021035
vt 0.926483 0.007533
vt 0.913102 0.005318
vt 0.933428 0.000589
vt 0.912638 0.000286
vt 0.896504 0.121700
vt 0.896504 0.104862
vt 0.896504 0.088025
vt 0.896504 0.071187
vt 0.896504 0.054350
vt 0.896495 0.037508
vt 0.896488 0.021075
vt 0.896520 0.005243
vt 0.896509 0.000308
vt 0.879667 0.121700
vt 0.879667 0.104862
vt 0.879667 0.088025
vt 0.879667 0.071187
vt 0.879667 0.054350
vt 0.879667 0.037512
vt 0.879667 0.021062
vt 0.879667 0.005794
vt 0.879667 0.001238
vt 0.862829 0.121700
vt 0.862829 0.104862
vt 0.862829 0.088025
vt 0.862829 0.071187
vt 0.862829 0.054350
vt 0.862829 0.037512
vt 0.862829 0.021062
vt 0.862829 0.005068
vt 0.224526 0.337522
vt 0.241364 0.337877
vt 0.241361 0.342612
vt 0.224524 0.342224
vt 0.845919 0.121660
vt 0.845989 0.104861
vt 0.845991 0.088025
vt 0.845991 0.071187
vt 0.845991 0.054350
vt 0.845991 0.037512
vt 0.845991 0.021062
vt 0.845992 0.005068
vt 0.862829 0.000263
vt 0.845992 0.000263
vt 0.829153 0.121699
vt 0.829142 0.104858
vt 0.829125 0.088006
vt 0.829153 0.071187
vt 0.829154 0.054350
vt 0.829154 0.037512
vt 0.829154 0.021062
vt 0.829154 0.005068
vt 0.829154 0.000263
vt 0.812316 0.121700
vt 0.812316 0.104862
vt 0.812307 0.088019
vt 0.812216 0.071132
vt 0.812139 0.054196
vt 0.812257 0.037459
vt 0.812316 0.021062
vt 0.812316 0.005068
vt 0.812316 0.000263
vt 0.291395 0.363404
vt 0.297902 0.363495
vt 0.299455 0.014899
vt 0.290597 0.352211
vt 0.296979 0.355505
vt 0.274943 0.363450
vt 0.274620 0.348501
vt 0.274333 0.342497
vt 0.295124 0.339448
vt 0.258189 0.363413
vt 0.258197 0.348069
vt 0.258204 0.342303
vt 0.241352 0.363405
vt 0.241359 0.348062
vt 0.224514 0.363791
vt 0.224521 0.348045
vt 0.207677 0.363389
vt 0.207684 0.348037
vt 0.207687 0.342216
vt 0.190839 0.363381
vt 0.190846 0.348029
vt 0.190849 0.342208
vt 0.174002 0.363373
vt 0.174009 0.348022
vt 0.174012 0.342200
vt 0.345953 0.160026
vt 0.337136 0.160026
vt 0.362215 0.160026
vt 0.664822 0.513753
vt 0.673386 0.513753
vt 0.648762 0.513753
vt 0.345954 0.143189
vt 0.337137 0.143189
vt 0.362215 0.143188
vt 0.664838 0.530540
vt 0.673387 0.530590
vt 0.648953 0.530120
vt 0.345953 0.126351
vt 0.337136 0.126351
vt 0.362215 0.126351
vt 0.664833 0.547411
vt 0.673387 0.547428
vt 0.649217 0.546910
vt 0.345953 0.109513
vt 0.337136 0.109513
vt 0.362215 0.109513
vt 0.664824 0.564266
vt 0.673388 0.564266
vt 0.648765 0.564265
vt 0.345953 0.092676
vt 0.337136 0.092676
vt 0.362215 0.092676
vt 0.664825 0.581103
vt 0.673388 0.581103
vt 0.648764 0.581104
vt 0.345953 0.075838
vt 0.337136 0.075838
vt 0.362215 0.075838
vt 0.664825 0.597941
vt 0.673389 0.597941
vt 0.648764 0.597942
vt 0.345953 0.059001
vt 0.337136 0.059001
vt 0.362215 0.059001
vt 0.664826 0.614779
vt 0.673389 0.614778
vt 0.648765 0.614779
vt 0.345953 0.042163
vt 0.337136 0.042163
vt 0.362215 0.042163
vt 0.664827 0.631616
vt 0.673390 0.631616
vt 0.648766 0.631617
vt 0.379053 0.160026
vt 0.395890 0.160026
vt 0.412728 0.160026
vt 0.429565 0.160026
vt 0.446403 0.160026
vt 0.463240 0.160026
vt 0.480078 0.160026
vt 0.496915 0.160026
vt 0.379053 0.143188
vt 0.395890 0.143188
vt 0.412728 0.143188
vt 0.429565 0.143188
vt 0.446403 0.143188
vt 0.463240 0.143188
vt 0.480078 0.143188
vt 0.496915 0.143188
vt 0.379053 0.126351
vt 0.395890 0.126351
vt 0.412728 0.126351
vt 0.429565 0.126351
vt 0.446403 0.126351
vt 0.463240 0.126351
vt 0.480078 0.126351
vt 0.496915 0.126351
vt 0.379073 0.109581
vt 0.395890 0.109513
vt 0.412728 0.109513
vt 0.429575 0.109524
vt 0.446496 0.109618
vt 0.463240 0.109513
vt 0.480078 0.109513
vt 0.496915 0.109513
vt 0.379053 0.092676
vt 0.395890 0.092676
vt 0.412728 0.092676
vt 0.429565 0.092676
vt 0.446403 0.092676
vt 0.463240 0.092676
vt 0.480078 0.092676
vt 0.496915 0.092676
vt 0.379053 0.075838
vt 0.395890 0.075838
vt 0.412728 0.075838
vt 0.429565 0.075838
vt 0.446403 0.075838
vt 0.463240 0.075838
vt 0.480078 0.075838
vt 0.497025 0.075474
vt 0.379053 0.059001
vt 0.395890 0.059001
vt 0.412728 0.059001
vt 0.429565 0.059001
vt 0.446403 0.059001
vt 0.463240 0.059001
vt 0.480078 0.059001
vt 0.496915 0.059001
vt 0.379053 0.042163
vt 0.395890 0.042163
vt 0.412728 0.042163
vt 0.429565 0.042163
vt 0.446403 0.042163
vt 0.463240 0.042163
vt 0.480078 0.042163
vt 0.496915 0.042163
vt 0.635321 0.513754
vt 0.626844 0.513755
vt 0.615037 0.513755
vt 0.598222 0.513698
vt 0.581421 0.513614
vt 0.564524 0.513757
vt 0.547674 0.513758
vt 0.530814 0.513758
vt 0.514013 0.513759
vt 0.635368 0.530534
vt 0.626852 0.530585
vt 0.615037 0.530593
vt 0.598217 0.530557
vt 0.581611 0.530120
vt 0.564528 0.530589
vt 0.547675 0.530595
vt 0.530814 0.530596
vt 0.514013 0.530596
vt 0.635865 0.546895
vt 0.627035 0.547263
vt 0.615044 0.547426
vt 0.598201 0.547430
vt 0.581505 0.547282
vt 0.564542 0.547418
vt 0.547675 0.547433
vt 0.530815 0.547433
vt 0.514014 0.547434
vt 0.635360 0.564254
vt 0.626907 0.564256
vt 0.615044 0.564267
vt 0.598201 0.564268
vt 0.581425 0.564252
vt 0.564571 0.564262
vt 0.547676 0.564270
vt 0.530815 0.564271
vt 0.514015 0.564271
vt 0.635323 0.581105
vt 0.626847 0.581105
vt 0.615039 0.581105
vt 0.598202 0.581106
vt 0.581370 0.581106
vt 0.564537 0.581107
vt 0.547677 0.581108
vt 0.530816 0.581108
vt 0.514015 0.581109
vt 0.635324 0.597942
vt 0.626847 0.597942
vt 0.615040 0.597943
vt 0.598202 0.597943
vt 0.581365 0.597944
vt 0.564527 0.597945
vt 0.547677 0.597945
vt 0.530817 0.597946
vt 0.514016 0.597946
vt 0.635324 0.614780
vt 0.626848 0.614780
vt 0.615040 0.614780
vt 0.598203 0.614781
vt 0.581365 0.614781
vt 0.564528 0.614782
vt 0.547678 0.614783
vt 0.530817 0.614783
vt 0.514016 0.614784
vt 0.635325 0.631617
vt 0.626849 0.631617
vt 0.615041 0.631618
vt 0.598203 0.631618
vt 0.581366 0.631619
vt 0.564528 0.631620
vt 0.547681 0.631618
vt 0.530831 0.631603
vt 0.514043 0.631563
vt 0.345953 0.025326
vt 0.337147 0.025332
vt 0.362203 0.025598
vt 0.664861 0.648408
vt 0.673391 0.648447
vt 0.648783 0.648360
vt 0.345874 0.008984
vt 0.337155 0.008844
vt 0.361207 0.020219
vt 0.664967 0.664844
vt 0.673391 0.664935
vt 0.647993 0.664891
vt 0.345733 0.000266
vt 0.337131 0.000241
vt 0.361913 0.003285
vt 0.665029 0.672740
vt 0.673392 0.673538
vt 0.674677 0.665372
vt 0.682572 0.665315
vt 0.682477 0.673739
vt 0.673874 0.673734
vt 0.698338 0.665655
vt 0.698656 0.673900
vt 0.652631 0.671302
vt 0.676122 0.652974
vt 0.682535 0.648341
vt 0.677373 0.642244
vt 0.676663 0.648338
vt 0.699064 0.649147
vt 0.379048 0.025675
vt 0.395890 0.025326
vt 0.412728 0.025326
vt 0.429565 0.025326
vt 0.446401 0.025406
vt 0.463241 0.025331
vt 0.480078 0.025326
vt 0.496915 0.025326
vt 0.378437 0.018914
vt 0.395890 0.009064
vt 0.412728 0.009064
vt 0.429565 0.009064
vt 0.446408 0.011347
vt 0.463272 0.009484
vt 0.480078 0.009064
vt 0.496915 0.009064
vt 0.378641 0.009294
vt 0.395890 0.000246
vt 0.412728 0.000246
vt 0.429565 0.000246
vt 0.446403 0.000378
vt 0.463241 0.000251
vt 0.480078 0.000246
vt 0.496915 0.000246
vt 0.361590 0.009688
vt 0.378409 0.020313
vt 0.715157 0.666027
vt 0.732638 0.665204
vt 0.732634 0.673767
vt 0.715384 0.673646
vt 0.749476 0.665213
vt 0.749471 0.673777
vt 0.766325 0.665225
vt 0.766309 0.673786
vt 0.783193 0.665977
vt 0.783146 0.673809
vt 0.446446 0.009283
vt 0.463663 0.013570
vt 0.800411 0.665860
vt 0.816826 0.665251
vt 0.816821 0.673815
vt 0.799984 0.673805
vt 0.833663 0.665261
vt 0.833659 0.673824
vt 0.715190 0.650604
vt 0.694225 0.277727
vt 0.716068 0.276659
vt 0.716301 0.260478
vt 0.697083 0.261869
vt 0.732641 0.649158
vt 0.749448 0.649155
vt 0.765786 0.649734
vt 0.606776 0.677963
vt 0.589076 0.674020
vt 0.589699 0.690944
vt 0.606776 0.698534
vt 0.783375 0.650338
vt 0.799999 0.649182
vt 0.816835 0.649190
vt 0.833673 0.649199
vt 0.635713 0.648034
vt 0.627263 0.647602
vt 0.615116 0.647414
vt 0.598165 0.647403
vt 0.581325 0.647491
vt 0.564484 0.647594
vt 0.547638 0.647713
vt 0.530804 0.647829
vt 0.514015 0.647943
vt 0.637866 0.660072
vt 0.629973 0.668674
vt 0.641900 0.670057
vt 0.613966 0.666818
vt 0.680629 0.614312
vt 0.700033 0.615474
vt 0.699838 0.627621
vt 0.678764 0.630319
vt 0.597420 0.664899
vt 0.682558 0.597768
vt 0.700054 0.598523
vt 0.580715 0.662962
vt 0.684505 0.581064
vt 0.699976 0.581683
vt 0.564014 0.661025
vt 0.686452 0.564364
vt 0.699883 0.564842
vt 0.547319 0.659089
vt 0.688398 0.547670
vt 0.699774 0.547996
vt 0.530646 0.657155
vt 0.690342 0.530998
vt 0.699668 0.531162
vt 0.514036 0.655229
vt 0.692278 0.514389
vt 0.699564 0.514373
vt 0.687361 0.638216
vt 0.699400 0.636071
vt 0.716301 0.310523
vt 0.701195 0.312121
vt 0.674020 0.300929
vt 0.716301 0.298295
vt 0.715375 0.615636
vt 0.733892 0.615376
vt 0.734149 0.627673
vt 0.715179 0.629884
vt 0.751022 0.615330
vt 0.750104 0.626901
vt 0.766345 0.615437
vt 0.766316 0.627245
vt 0.783179 0.615446
vt 0.783172 0.627254
vt 0.800016 0.615456
vt 0.800010 0.627264
vt 0.816668 0.615354
vt 0.816845 0.627267
vt 0.833580 0.615097
vt 0.833359 0.627455
vt 0.715838 0.598571
vt 0.733149 0.598513
vt 0.750123 0.598535
vt 0.766351 0.598599
vt 0.783188 0.598609
vt 0.800026 0.598618
vt 0.816739 0.598444
vt 0.833647 0.598452
vt 0.715848 0.581733
vt 0.731389 0.581470
vt 0.749887 0.581737
vt 0.766360 0.581762
vt 0.783198 0.581771
vt 0.800035 0.581781
vt 0.816956 0.581768
vt 0.834005 0.581722
vt 0.715855 0.564895
vt 0.516155 0.690975
vt 0.496689 0.693734
vt 0.501316 0.676018
vt 0.516183 0.674020
vt 0.731236 0.564406
vt 0.749520 0.565016
vt 0.766370 0.564924
vt 0.783207 0.564934
vt 0.800045 0.564943
vt 0.816882 0.564953
vt 0.833728 0.565085
vt 0.715869 0.548048
vt 0.516183 0.707931
vt 0.501742 0.709839
vt 0.732092 0.547827
vt 0.749554 0.548092
vt 0.766379 0.548074
vt 0.783217 0.548084
vt 0.800054 0.548093
vt 0.816892 0.548103
vt 0.833729 0.548187
vt 0.715894 0.531199
vt 0.732714 0.531195
vt 0.749612 0.531250
vt 0.766389 0.531214
vt 0.783226 0.531223
vt 0.800064 0.531233
vt 0.816901 0.531242
vt 0.833739 0.531252
vt 0.715944 0.514411
vt 0.732723 0.514394
vt 0.749649 0.514400
vt 0.766398 0.514413
vt 0.783236 0.514423
vt 0.800073 0.514432
vt 0.816911 0.514567
vt 0.833748 0.514451
vt 0.716301 0.289788
vt 0.690180 0.290644
vt 0.716156 0.276640
vt 0.713204 0.290220
vt 0.705801 0.299480
vt 0.607662 0.678416
vt 0.624080 0.698638
vt 0.624080 0.674096
vt 0.607258 0.674020
vt 0.748511 0.635410
vt 0.732882 0.636017
vt 0.765938 0.635923
vt 0.783168 0.635730
vt 0.800005 0.635740
vt 0.816843 0.635749
vt 0.833599 0.635887
vt 0.513753 0.160026
vt 0.530591 0.160026
vt 0.547428 0.160026
vt 0.564266 0.160026
vt 0.581103 0.160026
vt 0.597941 0.160026
vt 0.614778 0.160026
vt 0.631616 0.160026
vt 0.513753 0.143188
vt 0.530591 0.143188
vt 0.547428 0.143188
vt 0.564266 0.143188
vt 0.581103 0.143188
vt 0.597941 0.143188
vt 0.614778 0.143188
vt 0.631616 0.143188
vt 0.513753 0.126351
vt 0.530591 0.126351
vt 0.547428 0.126351
vt 0.564266 0.126351
vt 0.581103 0.126351
vt 0.597941 0.126351
vt 0.614778 0.126351
vt 0.631616 0.126351
vt 0.513753 0.109513
vt 0.530591 0.109513
vt 0.547428 0.109513
vt 0.564266 0.109513
vt 0.581103 0.109513
vt 0.597941 0.109513
vt 0.614778 0.109513
vt 0.631616 0.109513
vt 0.513753 0.092676
vt 0.530591 0.092676
vt 0.547428 0.092676
vt 0.564266 0.092676
vt 0.581103 0.092676
vt 0.597941 0.092676
vt 0.614778 0.092676
vt 0.631616 0.092676
vt 0.513753 0.075838
vt 0.530591 0.075838
vt 0.547428 0.075838
vt 0.564266 0.075838
vt 0.581103 0.075838
vt 0.597941 0.075838
vt 0.614778 0.075838
vt 0.631616 0.075838
vt 0.513753 0.059001
vt 0.530591 0.059001
vt 0.547428 0.059001
vt 0.564266 0.059001
vt 0.581103 0.059001
vt 0.597941 0.059001
vt 0.614778 0.059001
vt 0.631616 0.059001
vt 0.513753 0.042163
vt 0.530591 0.042163
vt 0.547428 0.042163
vt 0.564266 0.042163
vt 0.581222 0.042296
vt 0.598065 0.042304
vt 0.614846 0.042240
vt 0.631648 0.042199
vt 0.648453 0.160026
vt 0.664715 0.160026
vt 0.673533 0.160026
vt 0.157021 0.665676
vt 0.157017 0.674240
vt 0.157028 0.649615
vt 0.648453 0.143188
vt 0.664715 0.143188
vt 0.673533 0.143188
vt 0.140183 0.665668
vt 0.140179 0.674232
vt 0.140191 0.649607
vt 0.648453 0.126351
vt 0.664715 0.126351
vt 0.673533 0.126351
vt 0.123346 0.665661
vt 0.123342 0.674224
vt 0.123353 0.649599
vt 0.648453 0.109513
vt 0.664715 0.109513
vt 0.673533 0.109513
vt 0.106508 0.665653
vt 0.106504 0.674216
vt 0.106516 0.649591
vt 0.648453 0.092676
vt 0.664715 0.092676
vt 0.673533 0.092676
vt 0.089671 0.665645
vt 0.089667 0.674208
vt 0.089678 0.649583
vt 0.648453 0.075838
vt 0.664715 0.075838
vt 0.673532 0.075838
vt 0.072838 0.665703
vt 0.072829 0.674200
vt 0.072841 0.649575
vt 0.648453 0.059001
vt 0.664715 0.059001
vt 0.673292 0.059034
vt 0.055997 0.665624
vt 0.056024 0.674075
vt 0.055939 0.649643
vt 0.648454 0.042169
vt 0.665566 0.046366
vt 0.673534 0.048018
vt 0.043821 0.664900
vt 0.045010 0.672611
vt 0.039188 0.649559
vt 0.157035 0.636175
vt 0.157039 0.627698
vt 0.157044 0.615891
vt 0.157052 0.599053
vt 0.157060 0.582216
vt 0.157068 0.565378
vt 0.157076 0.548528
vt 0.157084 0.531668
vt 0.157092 0.515273
vt 0.140197 0.636167
vt 0.140201 0.627690
vt 0.140207 0.615883
vt 0.140215 0.599045
vt 0.140223 0.582208
vt 0.140231 0.565370
vt 0.140239 0.548520
vt 0.140247 0.531660
vt 0.140255 0.514859
vt 0.123360 0.636159
vt 0.123364 0.627682
vt 0.123369 0.615875
vt 0.123377 0.599037
vt 0.123385 0.582200
vt 0.123393 0.565362
vt 0.123401 0.548512
vt 0.123409 0.531652
vt 0.123417 0.514851
vt 0.106522 0.636151
vt 0.106526 0.627674
vt 0.106532 0.615867
vt 0.106540 0.599029
vt 0.106548 0.582192
vt 0.106556 0.565354
vt 0.106564 0.548504
vt 0.106572 0.531644
vt 0.106580 0.514843
vt 0.089685 0.636143
vt 0.089689 0.627666
vt 0.089694 0.615859
vt 0.089702 0.599021
vt 0.089710 0.582184
vt 0.089718 0.565346
vt 0.089726 0.548496
vt 0.089734 0.531636
vt 0.089742 0.514835
vt 0.072847 0.636135
vt 0.072851 0.627658
vt 0.072857 0.615851
vt 0.072865 0.599013
vt 0.072873 0.582176
vt 0.072881 0.565338
vt 0.072889 0.548488
vt 0.072897 0.531628
vt 0.072905 0.514827
vt 0.056010 0.636144
vt 0.056014 0.627650
vt 0.056019 0.615843
vt 0.056027 0.599177
vt 0.056035 0.582168
vt 0.056043 0.565330
vt 0.056051 0.548480
vt 0.056059 0.531620
vt 0.056067 0.514819
vt 0.039172 0.636119
vt 0.039176 0.627643
vt 0.039182 0.615835
vt 0.039190 0.598997
vt 0.039199 0.582160
vt 0.039206 0.565322
vt 0.039216 0.548475
vt 0.039185 0.531668
vt 0.038175 0.515594
vt 0.513753 0.025326
vt 0.530591 0.025326
vt 0.547428 0.025326
vt 0.564266 0.025326
vt 0.581103 0.025326
vt 0.597941 0.025326
vt 0.614778 0.025355
vt 0.631627 0.025407
vt 0.513753 0.009064
vt 0.530591 0.009064
vt 0.547428 0.009064
vt 0.564266 0.009064
vt 0.581103 0.009064
vt 0.597941 0.009064
vt 0.614778 0.009083
vt 0.631670 0.009464
vt 0.513753 0.000246
vt 0.530591 0.000246
vt 0.547428 0.000246
vt 0.564266 0.000246
vt 0.581103 0.000246
vt 0.597941 0.000246
vt 0.614778 0.000249
vt 0.631618 0.000266
vt 0.850501 0.665270
vt 0.850496 0.673833
vt 0.867339 0.665280
vt 0.867334 0.673843
vt 0.884176 0.665289
vt 0.884171 0.673852
vt 0.901014 0.665298
vt 0.901009 0.673862
vt 0.917851 0.665308
vt 0.917846 0.673871
vt 0.934689 0.665317
vt 0.934684 0.673881
vt 0.951535 0.665339
vt 0.951521 0.673890
vt 0.968770 0.665320
vt 0.968361 0.673900
vt 0.850510 0.649209
vt 0.867348 0.649218
vt 0.884185 0.649228
vt 0.901023 0.649237
vt 0.917860 0.649247
vt 0.934698 0.649257
vt 0.597941 0.002964
vt 0.615300 0.038560
vt 0.614787 0.002173
vt 0.597941 0.001063
vt 0.634257 0.026895
vt 0.632022 0.004540
vt 0.648607 0.027519
vt 0.662745 0.069987
vt 0.669435 0.065218
vt 0.114816 0.665358
vt 0.062209 0.673101
vt 0.035035 0.649631
vt 0.648957 0.014907
vt 0.663183 0.032997
vt 0.670233 0.028897
vt 0.664247 0.081311
vt 0.665127 0.117821
vt 0.013832 0.649035
vt 0.078305 0.667217
vt 0.648567 0.001602
vt 0.664876 0.004642
vt 0.673172 0.003250
vt 0.649973 0.018229
vt 0.665304 0.025817
vt 0.671563 0.016780
vt 0.013775 0.666279
vt 0.025887 0.674324
vt 0.000241 0.674232
vt 0.650626 0.030608
vt 0.674810 0.336558
vt 0.674020 0.321884
vt 0.691788 0.321309
vt 0.691788 0.336648
vt 0.678587 0.315904
vt 0.691035 0.315072
vt 0.009753 0.653808
vt 0.006777 0.649044
vt 0.000970 0.642684
vt 0.850529 0.615484
vt 0.850518 0.627319
vt 0.867367 0.615494
vt 0.867360 0.627301
vt 0.884204 0.615639
vt 0.884197 0.627311
vt 0.901042 0.615513
vt 0.901035 0.627320
vt 0.917879 0.615522
vt 0.917872 0.627330
vt 0.934717 0.615532
vt 0.934710 0.627339
vt 0.951547 0.615532
vt 0.951546 0.627348
vt 0.437753 0.694380
vt 0.410297 0.698957
vt 0.416190 0.686166
vt 0.437903 0.682467
vt 0.850538 0.598698
vt 0.867376 0.598656
vt 0.884236 0.598667
vt 0.901051 0.598675
vt 0.917889 0.598685
vt 0.934726 0.598694
vt 0.951564 0.598702
vt 0.437866 0.711308
vt 0.409262 0.715462
vt 0.850548 0.581809
vt 0.867386 0.581819
vt 0.884223 0.581828
vt 0.901061 0.581838
vt 0.917898 0.581847
vt 0.934736 0.581857
vt 0.951573 0.581866
vt 0.437903 0.728253
vt 0.431795 0.729133
vt 0.850557 0.564972
vt 0.867395 0.564981
vt 0.884233 0.564991
vt 0.901070 0.565000
vt 0.917908 0.565010
vt 0.934745 0.565141
vt 0.951583 0.565029
vt 0.968420 0.565038
vt 0.968972 0.581704
vt 0.850571 0.548194
vt 0.867424 0.548276
vt 0.884242 0.548141
vt 0.901079 0.548150
vt 0.917917 0.548160
vt 0.934836 0.548180
vt 0.951814 0.548212
vt 0.968427 0.548190
vt 0.850177 0.531223
vt 0.867392 0.531269
vt 0.884251 0.531280
vt 0.901089 0.531290
vt 0.917926 0.531299
vt 0.934923 0.531353
vt 0.951708 0.531345
vt 0.968421 0.531341
vt 0.850150 0.514732
vt 0.867415 0.514592
vt 0.884261 0.514479
vt 0.901098 0.514489
vt 0.917936 0.514627
vt 0.935310 0.514168
vt 0.951628 0.514507
vt 0.968390 0.514553
vt 0.850516 0.635786
vt 0.867355 0.635778
vt 0.884193 0.635787
vt 0.901030 0.635797
vt 0.917868 0.635806
vt 0.934705 0.635816
vt 0.597941 0.004485
vt 0.614782 0.005341
vt 0.951547 0.635835
vt 0.631284 0.016937
vt 0.425632 0.676075
vt 0.437068 0.674020
vt 0.022917 0.636486
vt 0.023192 0.628049
vt 0.023386 0.615902
vt 0.023406 0.598951
vt 0.025480 0.582117
vt 0.023234 0.565269
vt 0.023121 0.548424
vt 0.023013 0.531590
vt 0.022907 0.514801
vt 0.002118 0.630748
vt 0.011168 0.638610
vt 0.372448 0.687668
vt 0.389185 0.690913
vt 0.387985 0.701927
vt 0.370696 0.699574
vt 0.408780 0.692209
vt 0.408780 0.708323
vt 0.003982 0.614742
vt 0.419974 0.713852
vt 0.434172 0.694891
vt 0.392858 0.674020
vt 0.408780 0.675552
vt 0.005910 0.598197
vt 0.985940 0.581223
vt 0.985690 0.598251
vt 0.969551 0.597874
vt 0.026792 0.581492
vt 0.007918 0.581490
vt 0.023926 0.598518
vt 0.984400 0.564999
vt 0.997826 0.564539
vt 0.999759 0.581239
vt 0.009800 0.564793
vt 0.984522 0.548156
vt 0.995898 0.547843
vt 0.011745 0.548099
vt 0.984648 0.531322
vt 0.993974 0.531169
vt 0.013687 0.531427
vt 0.984771 0.514534
vt 0.992056 0.514558
vt 0.015622 0.514818
vt 0.371106 0.708620
vt 0.388655 0.709762
vt 0.388710 0.724716
vt 0.372446 0.722872
vt 0.530905 0.699772
vt 0.532054 0.674543
vt 0.521127 0.674937
vt 0.516665 0.695290
vt 0.539984 0.674020
vt 0.539984 0.693817
vt 0.663818 0.685803
vt 0.652892 0.689071
vt 0.656791 0.677704
vt 0.663818 0.674020
vt 0.497263 0.513759
vt 0.486958 0.513760
vt 0.478477 0.513760
vt 0.463499 0.513761
vt 0.446661 0.513761
vt 0.429824 0.513762
vt 0.412986 0.513762
vt 0.396125 0.513763
vt 0.379275 0.513764
vt 0.497264 0.530597
vt 0.486959 0.530597
vt 0.478477 0.530598
vt 0.463500 0.530598
vt 0.446662 0.530599
vt 0.429825 0.530599
vt 0.412987 0.530600
vt 0.396126 0.530601
vt 0.379275 0.530601
vt 0.497265 0.547434
vt 0.486959 0.547435
vt 0.478478 0.547435
vt 0.463500 0.547436
vt 0.446663 0.547436
vt 0.429825 0.547437
vt 0.412988 0.547438
vt 0.396127 0.547438
vt 0.379276 0.547439
vt 0.497265 0.564272
vt 0.486960 0.564272
vt 0.478479 0.564273
vt 0.463501 0.564273
vt 0.446663 0.564274
vt 0.429826 0.564274
vt 0.412989 0.564275
vt 0.396140 0.564285
vt 0.379277 0.564279
vt 0.497266 0.581110
vt 0.486960 0.581110
vt 0.478479 0.581110
vt 0.463501 0.581111
vt 0.446664 0.581111
vt 0.429826 0.581112
vt 0.413101 0.581123
vt 0.396450 0.581375
vt 0.379313 0.581465
vt 0.497267 0.597947
vt 0.486961 0.597947
vt 0.478480 0.597948
vt 0.463502 0.597948
vt 0.446665 0.597949
vt 0.429827 0.597949
vt 0.412992 0.597950
vt 0.396149 0.598071
vt 0.379315 0.598153
vt 0.497267 0.614785
vt 0.486962 0.614785
vt 0.478481 0.614785
vt 0.463503 0.614786
vt 0.446665 0.614786
vt 0.429828 0.614787
vt 0.412990 0.614788
vt 0.396134 0.614783
vt 0.379299 0.614757
vt 0.497263 0.631534
vt 0.487351 0.631173
vt 0.478851 0.630674
vt 0.463494 0.630550
vt 0.446626 0.630602
vt 0.429785 0.630696
vt 0.412944 0.630806
vt 0.396096 0.630928
vt 0.379280 0.631039
vt 0.362551 0.513803
vt 0.347450 0.514011
vt 0.362514 0.530604
vt 0.347731 0.531153
vt 0.362512 0.547439
vt 0.347296 0.547517
vt 0.362512 0.564277
vt 0.347161 0.564277
vt 0.362513 0.581117
vt 0.347162 0.581115
vt 0.362514 0.597952
vt 0.347162 0.597952
vt 0.362544 0.614706
vt 0.347589 0.614376
vt 0.362490 0.631158
vt 0.351298 0.630355
vt 0.341612 0.513859
vt 0.795453 0.254177
vt 0.795385 0.258449
vt 0.795478 0.239124
vt 0.795479 0.222725
vt 0.795479 0.205887
vt 0.795479 0.189050
vt 0.795479 0.172212
vt 0.795479 0.155375
vt 0.795479 0.138537
vt 0.342169 0.531366
vt 0.337486 0.513791
vt 0.337131 0.530988
vt 0.778640 0.239169
vt 0.778256 0.253351
vt 0.778641 0.222725
vt 0.778641 0.205887
vt 0.778641 0.189050
vt 0.778641 0.172212
vt 0.778641 0.155375
vt 0.778641 0.138537
vt 0.341702 0.547636
vt 0.337185 0.547724
vt 0.761800 0.239161
vt 0.761520 0.254125
vt 0.761804 0.222725
vt 0.761804 0.205887
vt 0.761804 0.189050
vt 0.761804 0.172212
vt 0.761804 0.155375
vt 0.761804 0.138537
vt 0.341340 0.564278
vt 0.744966 0.255169
vt 0.744966 0.259974
vt 0.761608 0.259181
vt 0.744966 0.239175
vt 0.744966 0.222725
vt 0.744966 0.205887
vt 0.744956 0.189048
vt 0.744956 0.172207
vt 0.744977 0.155373
vt 0.745131 0.138485
vt 0.341340 0.581115
vt 0.728129 0.255169
vt 0.728129 0.259974
vt 0.728129 0.239175
vt 0.728128 0.222725
vt 0.728126 0.205886
vt 0.728125 0.189049
vt 0.728100 0.172203
vt 0.728348 0.155288
vt 0.728165 0.138527
vt 0.341341 0.597953
vt 0.711291 0.255169
vt 0.711291 0.259974
vt 0.711291 0.239175
vt 0.711282 0.222724
vt 0.711246 0.205870
vt 0.711113 0.189012
vt 0.710939 0.172171
vt 0.711283 0.155371
vt 0.711195 0.138504
vt 0.341530 0.614082
vt 0.694709 0.255068
vt 0.695162 0.259996
vt 0.694802 0.239215
vt 0.694841 0.222725
vt 0.694841 0.205887
vt 0.694841 0.189050
vt 0.694841 0.172212
vt 0.694841 0.155375
vt 0.694839 0.138537
vt 0.338533 0.634876
vt 0.681312 0.252704
vt 0.674368 0.259649
vt 0.678949 0.239308
vt 0.674020 0.238854
vt 0.678847 0.222725
vt 0.674042 0.222725
vt 0.678847 0.205887
vt 0.674042 0.205887
vt 0.685564 0.189256
vt 0.680229 0.189109
vt 0.678847 0.172212
vt 0.674042 0.172212
vt 0.678847 0.155375
vt 0.674042 0.155375
vt 0.678847 0.138537
vt 0.674089 0.138537
vt 0.498110 0.646165
vt 0.488587 0.639994
vt 0.480180 0.651303
vt 0.491131 0.652573
vt 0.462605 0.649265
vt 0.445932 0.647331
vt 0.429228 0.645394
vt 0.412529 0.643458
vt 0.395838 0.641522
vt 0.379186 0.639591
vt 0.503668 0.654027
vt 0.693487 0.504022
vt 0.701352 0.498469
vt 0.694948 0.491486
vt 0.694135 0.498464
vt 0.696225 0.480536
vt 0.707529 0.488950
vt 0.698273 0.462962
vt 0.716987 0.463864
vt 0.716855 0.479219
vt 0.732696 0.464081
vt 0.732739 0.478886
vt 0.749588 0.463898
vt 0.749581 0.478885
vt 0.766427 0.463899
vt 0.766418 0.478877
vt 0.783264 0.463909
vt 0.783256 0.478887
vt 0.800102 0.463918
vt 0.800093 0.478896
vt 0.816939 0.463928
vt 0.816931 0.478906
vt 0.833779 0.463934
vt 0.833768 0.478917
vt 0.700217 0.446290
vt 0.717000 0.446933
vt 0.732861 0.446940
vt 0.749599 0.447052
vt 0.766436 0.447062
vt 0.783274 0.447071
vt 0.800111 0.447081
vt 0.816949 0.447090
vt 0.833780 0.447104
vt 0.702164 0.429587
vt 0.716918 0.430181
vt 0.732942 0.430258
vt 0.749608 0.430215
vt 0.766446 0.430224
vt 0.783283 0.430234
vt 0.800121 0.430243
vt 0.816958 0.430253
vt 0.833795 0.430262
vt 0.704111 0.412890
vt 0.716762 0.413315
vt 0.732832 0.413546
vt 0.749618 0.413377
vt 0.766455 0.413387
vt 0.783293 0.413396
vt 0.800130 0.413406
vt 0.816968 0.413415
vt 0.833805 0.413425
vt 0.706056 0.396200
vt 0.716649 0.396465
vt 0.733039 0.396414
vt 0.749774 0.396542
vt 0.766464 0.396641
vt 0.783302 0.396535
vt 0.800140 0.396545
vt 0.816977 0.396554
vt 0.833815 0.396564
vt 0.707997 0.379549
vt 0.716549 0.379648
vt 0.732830 0.379677
vt 0.749601 0.379668
vt 0.766543 0.379689
vt 0.783312 0.379684
vt 0.800149 0.379694
vt 0.816987 0.379703
vt 0.833826 0.379713
vt 0.715983 0.497630
vt 0.732733 0.497645
vt 0.749570 0.497654
vt 0.766408 0.497664
vt 0.783245 0.497673
vt 0.800083 0.497683
vt 0.817003 0.497698
vt 0.833758 0.497702
vt 0.716351 0.487719
vt 0.732738 0.487339
vt 0.749576 0.487349
vt 0.766414 0.487358
vt 0.783251 0.487368
vt 0.800089 0.487377
vt 0.816983 0.487339
vt 0.833764 0.487397
vt 0.362578 0.637665
vt 0.354589 0.636738
vt 0.709933 0.362942
vt 0.716440 0.362858
vt 0.732892 0.362921
vt 0.749646 0.362901
vt 0.766484 0.362911
vt 0.783391 0.363000
vt 0.800159 0.362930
vt 0.816996 0.362939
vt 0.833833 0.363057
vt 0.710864 0.354954
vt 0.717250 0.351666
vt 0.712736 0.338899
vt 0.711248 0.351663
vt 0.733231 0.347967
vt 0.733529 0.341908
vt 0.749655 0.347550
vt 0.749658 0.341729
vt 0.766492 0.347560
vt 0.766495 0.341738
vt 0.783458 0.347517
vt 0.783274 0.341850
vt 0.800167 0.347579
vt 0.800171 0.341757
vt 0.817005 0.347588
vt 0.817008 0.341767
vt 0.833884 0.347604
vt 0.833846 0.341776
vt 0.157100 0.498118
vt 0.157105 0.487812
vt 0.157109 0.479331
vt 0.157116 0.464353
vt 0.157124 0.447516
vt 0.157132 0.430678
vt 0.157140 0.413841
vt 0.157148 0.396980
vt 0.157156 0.380129
vt 0.140263 0.498110
vt 0.140268 0.487804
vt 0.140272 0.479323
vt 0.140279 0.464345
vt 0.140287 0.447508
vt 0.140295 0.430670
vt 0.140303 0.413833
vt 0.140311 0.396972
vt 0.140319 0.380121
vt 0.123425 0.498102
vt 0.123430 0.487796
vt 0.123434 0.479315
vt 0.123441 0.464337
vt 0.123449 0.447500
vt 0.123457 0.430662
vt 0.123465 0.413825
vt 0.123473 0.396964
vt 0.123874 0.380413
vt 0.106588 0.498094
vt 0.106592 0.487788
vt 0.106597 0.479307
vt 0.106604 0.464329
vt 0.106612 0.447492
vt 0.106620 0.430654
vt 0.106765 0.414169
vt 0.106990 0.397012
vt 0.106644 0.380105
vt 0.089750 0.498086
vt 0.089755 0.487780
vt 0.089759 0.479299
vt 0.089766 0.464321
vt 0.089774 0.447484
vt 0.089782 0.430717
vt 0.089790 0.413809
vt 0.089798 0.396948
vt 0.089806 0.380097
vt 0.072913 0.498078
vt 0.072917 0.487772
vt 0.072922 0.479291
vt 0.072929 0.464313
vt 0.072937 0.447476
vt 0.072945 0.430638
vt 0.072953 0.413801
vt 0.072961 0.396940
vt 0.072969 0.380089
vt 0.056075 0.498070
vt 0.056080 0.487764
vt 0.056084 0.479283
vt 0.056091 0.464305
vt 0.056099 0.447468
vt 0.056107 0.430630
vt 0.056115 0.413793
vt 0.056128 0.396936
vt 0.056162 0.380102
vt 0.037736 0.498925
vt 0.038849 0.489577
vt 0.040331 0.480322
vt 0.040327 0.464288
vt 0.040283 0.447420
vt 0.040198 0.430580
vt 0.040096 0.413738
vt 0.039983 0.396891
vt 0.039881 0.380075
vt 0.795479 0.121700
vt 0.795479 0.104862
vt 0.795479 0.088025
vt 0.795479 0.071187
vt 0.795478 0.054349
vt 0.795477 0.037511
vt 0.795479 0.021062
vt 0.795479 0.005068
vt 0.795479 0.000263
vt 0.778641 0.121700
vt 0.778641 0.104862
vt 0.778641 0.088025
vt 0.778641 0.071187
vt 0.778641 0.054350
vt 0.778641 0.037512
vt 0.778641 0.021062
vt 0.779203 0.009256
vt 0.140900 0.338944
vt 0.157176 0.337490
vt 0.157174 0.342192
vt 0.140711 0.343170
vt 0.761849 0.121691
vt 0.761811 0.104862
vt 0.761804 0.088025
vt 0.761804 0.071187
vt 0.761805 0.054350
vt 0.761804 0.037512
vt 0.761804 0.021062
vt 0.761804 0.005068
vt 0.123501 0.337474
vt 0.123499 0.342176
vt 0.744992 0.121679
vt 0.744967 0.104862
vt 0.744967 0.088025
vt 0.744967 0.071188
vt 0.744967 0.054350
vt 0.744966 0.037512
vt 0.744966 0.021062
vt 0.744966 0.005068
vt 0.761804 0.000263
vt 0.744966 0.000263
vt 0.728129 0.121700
vt 0.728137 0.104869
vt 0.728259 0.088141
vt 0.728244 0.071292
vt 0.728172 0.054387
vt 0.728132 0.037514
vt 0.728129 0.021062
vt 0.728129 0.005068
vt 0.728129 0.000263
vt 0.711282 0.121697
vt 0.711291 0.104862
vt 0.711292 0.088025
vt 0.711291 0.071187
vt 0.711291 0.054350
vt 0.711291 0.037512
vt 0.711291 0.021062
vt 0.711291 0.005068
vt 0.711291 0.000263
vt 0.694728 0.121669
vt 0.695136 0.104860
vt 0.694912 0.088024
vt 0.694891 0.071186
vt 0.696252 0.054294
vt 0.694841 0.037512
vt 0.694802 0.021023
vt 0.694709 0.005170
vt 0.695162 0.000241
vt 0.678851 0.121700
vt 0.674042 0.121700
vt 0.681868 0.104834
vt 0.674946 0.104853
vt 0.687118 0.087881
vt 0.678102 0.087955
vt 0.685678 0.070976
vt 0.678839 0.071036
vt 0.901409 0.338361
vt 0.918341 0.337949
vt 0.918442 0.342438
vt 0.901346 0.342655
vt 0.687249 0.054045
vt 0.934873 0.337131
vt 0.934871 0.341833
vt 0.678847 0.037512
vt 0.678949 0.020930
vt 0.674020 0.021383
vt 0.674042 0.037512
vt 0.681312 0.007533
vt 0.674368 0.000589
vt 0.157164 0.363365
vt 0.157171 0.348014
vt 0.140327 0.363357
vt 0.140614 0.348522
vt 0.123889 0.363389
vt 0.123496 0.347998
vt 0.106652 0.363341
vt 0.106659 0.347990
vt 0.106662 0.342168
vt 0.089814 0.363333
vt 0.089821 0.347982
vt 0.089824 0.342160
vt 0.072977 0.363325
vt 0.072984 0.347974
vt 0.072987 0.342152
vt 0.056222 0.363346
vt 0.056560 0.348392
vt 0.056857 0.342333
vt 0.039771 0.363284
vt 0.040580 0.352093
vt 0.036064 0.339325
vt 0.850696 0.463802
vt 0.850557 0.479108
vt 0.867452 0.463956
vt 0.867443 0.478934
vt 0.884289 0.464097
vt 0.884281 0.478944
vt 0.901127 0.463975
vt 0.901118 0.478953
vt 0.917409 0.463987
vt 0.917923 0.478921
vt 0.934738 0.463992
vt 0.934676 0.478530
vt 0.951639 0.464004
vt 0.951631 0.478981
vt 0.967404 0.464003
vt 0.967519 0.479360
vt 0.850196 0.447337
vt 0.867336 0.447150
vt 0.884299 0.447128
vt 0.901140 0.447133
vt 0.641451 0.691004
vt 0.624562 0.693554
vt 0.625067 0.676147
vt 0.641451 0.674020
vt 0.918256 0.446791
vt 0.935743 0.447061
vt 0.951649 0.447166
vt 0.967465 0.447135
vt 0.850096 0.430157
vt 0.867529 0.430318
vt 0.884308 0.430291
vt 0.901146 0.430300
vt 0.917984 0.430309
vt 0.934919 0.430347
vt 0.951501 0.430892
vt 0.967580 0.430298
vt 0.850382 0.413136
vt 0.867521 0.413447
vt 0.884318 0.413453
vt 0.901155 0.413463
vt 0.917993 0.413472
vt 0.934830 0.413481
vt 0.557332 0.674020
vt 0.557332 0.703714
vt 0.540466 0.685935
vt 0.540489 0.674884
vt 0.588593 0.707939
vt 0.588593 0.682848
vt 0.578772 0.674020
vt 0.575864 0.694456
vt 0.850793 0.396307
vt 0.867490 0.396583
vt 0.884327 0.396592
vt 0.901165 0.396601
vt 0.918002 0.396611
vt 0.933790 0.397966
vt 0.951482 0.396943
vt 0.951602 0.414870
vt 0.967814 0.396645
vt 0.968737 0.413768
vt 0.850824 0.379695
vt 0.867499 0.379732
vt 0.884337 0.379741
vt 0.901174 0.379751
vt 0.916901 0.380754
vt 0.934875 0.379781
vt 0.951654 0.379805
vt 0.967937 0.379790
vt 0.850567 0.497457
vt 0.867433 0.497721
vt 0.884270 0.497730
vt 0.900937 0.497785
vt 0.917945 0.497749
vt 0.935294 0.497284
vt 0.951620 0.497768
vt 0.968370 0.497772
vt 0.850598 0.487598
vt 0.867439 0.487415
vt 0.884276 0.487425
vt 0.901188 0.487380
vt 0.917939 0.487425
vt 0.652409 0.676089
vt 0.652409 0.696273
vt 0.641933 0.690964
vt 0.642162 0.674020
vt 0.935273 0.486596
vt 0.652409 0.675643
vt 0.951626 0.487463
vt 0.968014 0.487861
vt 0.024694 0.498896
vt 0.019565 0.480964
vt 0.030807 0.489419
vt 0.018290 0.491914
vt 0.986119 0.463124
vt 0.988148 0.480700
vt 0.021613 0.463390
vt 0.984194 0.446450
vt 0.023555 0.446718
vt 0.982266 0.429745
vt 0.025500 0.430015
vt 0.980338 0.413045
vt 0.027446 0.413317
vt 0.978411 0.396354
vt 0.029393 0.396628
vt 0.976489 0.379700
vt 0.031329 0.379976
vt 0.983000 0.498627
vt 0.990859 0.504189
vt 0.016830 0.504450
vt 0.017477 0.498893
vt 0.976834 0.489102
vt 0.989412 0.491652
vt 0.850671 0.362958
vt 0.867509 0.362968
vt 0.884346 0.362977
vt 0.901184 0.362986
vt 0.558554 0.698762
vt 0.557814 0.683075
vt 0.575382 0.674020
vt 0.575382 0.700090
vt 0.917886 0.362855
vt 0.934856 0.363007
vt 0.951613 0.363044
vt 0.968064 0.363000
vt 0.850680 0.347607
vt 0.850683 0.341786
vt 0.867519 0.347669
vt 0.867530 0.342088
vt 0.884374 0.347859
vt 0.884427 0.342668
vt 0.901248 0.347899
vt 0.918484 0.347863
vt 0.934867 0.347654
vt 0.951291 0.348090
vt 0.951000 0.342031
vt 0.967267 0.351807
vt 0.971796 0.339044
vt 0.974572 0.363091
vt 0.033264 0.363369
vt 0.973649 0.355102
vt 0.973269 0.351811
vt 0.034194 0.355381
vt 0.486497 0.487512
vt 0.486722 0.500735
vt 0.499720 0.500735
vt 0.499720 0.487738
vt 0.486379 0.463273
vt 0.499720 0.463273
vt 0.462257 0.487394
vt 0.462257 0.500735
vt 0.462257 0.463273
vt 0.486379 0.438298
vt 0.499720 0.438298
vt 0.486379 0.413323
vt 0.499720 0.413323
vt 0.486379 0.388348
vt 0.499720 0.388348
vt 0.486379 0.363373
vt 0.499720 0.363373
vt 0.486396 0.338396
vt 0.499433 0.338393
vt 0.487634 0.313343
vt 0.497619 0.313364
vt 0.486379 0.288449
vt 0.499720 0.288449
vt 0.486379 0.263474
vt 0.499720 0.263474
vt 0.462257 0.438298
vt 0.462150 0.413328
vt 0.462257 0.388348
vt 0.462257 0.363373
vt 0.462260 0.338398
vt 0.463144 0.313390
vt 0.462257 0.288449
vt 0.462257 0.263474
vt 0.486182 0.338396
vt 0.499253 0.338393
vt 0.483285 0.313397
vt 0.493936 0.313364
vt 0.462257 0.438298
vt 0.462257 0.413323
vt 0.462257 0.338398
vt 0.462257 0.313424
vt 0.437282 0.487394
vt 0.437282 0.500735
vt 0.437282 0.463273
vt 0.412311 0.487394
vt 0.412308 0.500735
vt 0.412340 0.463269
vt 0.388843 0.487233
vt 0.387554 0.500711
vt 0.390829 0.462883
vt 0.368752 0.485995
vt 0.363723 0.500036
vt 0.369443 0.604585
vt 0.369443 0.580309
vt 0.348190 0.576007
vt 0.348995 0.600722
vt 0.455516 0.340435
vt 0.466222 0.338565
vt 0.489747 0.364738
vt 0.474644 0.369767
vt 0.340312 0.462249
vt 0.339420 0.483360
vt 0.373058 0.461965
vt 0.334417 0.504264
vt 0.347746 0.501490
vt 0.347746 0.530112
vt 0.334621 0.542057
vt 0.310589 0.501179
vt 0.311045 0.515933
vt 0.287433 0.487393
vt 0.287433 0.500735
vt 0.312252 0.500108
vt 0.312262 0.486583
vt 0.287433 0.463273
vt 0.312439 0.463133
vt 0.262458 0.487394
vt 0.262458 0.500735
vt 0.262458 0.463273
vt 0.486379 0.413323
vt 0.499200 0.388569
vt 0.485179 0.388886
vt 0.473007 0.365523
vt 0.442801 0.337895
vt 0.494726 0.313268
vt 0.477447 0.313047
vt 0.499716 0.288448
vt 0.486353 0.288447
vt 0.461794 0.388561
vt 0.458081 0.363932
vt 0.445149 0.337892
vt 0.457696 0.313213
vt 0.462251 0.288448
vt 0.437282 0.438298
vt 0.435979 0.413384
vt 0.437274 0.388349
vt 0.437505 0.363356
vt 0.437289 0.338398
vt 0.438232 0.313467
vt 0.437308 0.288450
vt 0.437282 0.263474
vt 0.412308 0.438298
vt 0.410243 0.413423
vt 0.411968 0.388363
vt 0.415972 0.363011
vt 0.412335 0.338396
vt 0.412308 0.313424
vt 0.412316 0.288448
vt 0.412308 0.263474
vt 0.387701 0.438253
vt 0.386911 0.413287
vt 0.385249 0.388043
vt 0.389388 0.362847
vt 0.387333 0.338398
vt 0.387456 0.313418
vt 0.389147 0.288366
vt 0.387333 0.263474
vt 0.363236 0.438198
vt 0.362353 0.413322
vt 0.358149 0.388347
vt 0.361804 0.363285
vt 0.362358 0.338398
vt 0.362360 0.313424
vt 0.365206 0.288652
vt 0.362360 0.263474
vt 0.337497 0.438281
vt 0.337383 0.413323
vt 0.337383 0.388348
vt 0.337383 0.363373
vt 0.337383 0.338398
vt 0.337383 0.313424
vt 0.337280 0.288591
vt 0.337333 0.263487
vt 0.312408 0.438298
vt 0.312408 0.413323
vt 0.312408 0.388348
vt 0.312408 0.363373
vt 0.312408 0.338398
vt 0.312408 0.313424
vt 0.312408 0.288449
vt 0.312408 0.263474
vt 0.287433 0.438298
vt 0.287433 0.413323
vt 0.287433 0.388348
vt 0.287433 0.363373
vt 0.287433 0.338398
vt 0.287433 0.313424
vt 0.287433 0.288449
vt 0.287433 0.263474
vt 0.262458 0.438298
vt 0.262458 0.413323
vt 0.262458 0.388348
vt 0.262458 0.363373
vt 0.262458 0.338398
vt 0.262458 0.313424
vt 0.262458 0.288449
vt 0.262458 0.263474
vt 0.412308 0.487394
vt 0.412308 0.463273
vt 0.387334 0.487394
vt 0.387333 0.500735
vt 0.387512 0.463229
vt 0.387333 0.487394
vt 0.387333 0.463273
vt 0.362414 0.487391
vt 0.362358 0.500735
vt 0.364165 0.462887
vt 0.362358 0.487392
vt 0.362358 0.500730
vt 0.362358 0.463273
vt 0.337384 0.487394
vt 0.337383 0.500735
vt 0.337411 0.463270
vt 0.337383 0.487394
vt 0.337383 0.500734
vt 0.337383 0.463273
vt 0.312408 0.487394
vt 0.312408 0.500735
vt 0.312408 0.463273
vt 0.287433 0.487394
vt 0.287433 0.500735
vt 0.262458 0.487394
vt 0.437282 0.438298
vt 0.437282 0.413323
vt 0.437282 0.388348
vt 0.437282 0.363373
vt 0.437282 0.338398
vt 0.437282 0.313424
vt 0.437282 0.288449
vt 0.412308 0.438298
vt 0.412308 0.413323
vt 0.412308 0.388348
vt 0.412308 0.363373
vt 0.412308 0.338398
vt 0.412308 0.313424
vt 0.412308 0.288449
vt 0.387829 0.437967
vt 0.387786 0.412847
vt 0.388160 0.387755
vt 0.387870 0.362718
vt 0.387378 0.338225
vt 0.387336 0.313418
vt 0.387473 0.288451
vt 0.387353 0.263474
vt 0.535976 0.527300
vt 0.506371 0.526743
vt 0.502234 0.501594
vt 0.537040 0.500893
vt 0.537040 0.552362
vt 0.509750 0.551774
vt 0.536961 0.577160
vt 0.513826 0.576754
vt 0.363343 0.361548
vt 0.364527 0.386656
vt 0.362683 0.336816
vt 0.362520 0.313340
vt 0.366956 0.288610
vt 0.363141 0.263511
vt 0.500164 0.526603
vt 0.504580 0.501482
vt 0.500823 0.551567
vt 0.501543 0.576530
vt 0.502305 0.601495
vt 0.535517 0.602323
vt 0.503223 0.626462
vt 0.531257 0.627194
vt 0.337468 0.313434
vt 0.337386 0.338387
vt 0.342710 0.289156
vt 0.340711 0.264066
vt 0.337391 0.438293
vt 0.337386 0.413320
vt 0.337384 0.388347
vt 0.337383 0.363371
vt 0.312410 0.313424
vt 0.313919 0.288752
vt 0.316303 0.265427
vt 0.287443 0.288457
vt 0.287799 0.264187
vt 0.262458 0.263474
vt 0.437282 0.388348
vt 0.437262 0.363373
vt 0.436879 0.338384
vt 0.437224 0.313421
vt 0.387333 0.438298
vt 0.387333 0.413323
vt 0.387333 0.388348
vt 0.387333 0.363373
vt 0.387333 0.313424
vt 0.387333 0.288449
vt 0.362358 0.438298
vt 0.362358 0.413323
vt 0.362358 0.388348
vt 0.362358 0.363373
vt 0.362358 0.313424
vt 0.362358 0.288449
vt 0.362358 0.263474
vt 0.337383 0.438298
vt 0.337383 0.388348
vt 0.337383 0.288449
vt 0.337383 0.263474
vt 0.262458 0.263474
vt 0.486379 0.238499
vt 0.499720 0.238499
vt 0.486379 0.213524
vt 0.499720 0.213524
vt 0.486379 0.188549
vt 0.499720 0.188549
vt 0.486379 0.163574
vt 0.499720 0.163574
vt 0.486379 0.138600
vt 0.499720 0.138600
vt 0.486379 0.113625
vt 0.499720 0.113625
vt 0.486379 0.088650
vt 0.499720 0.088650
vt 0.486379 0.063675
vt 0.499720 0.063675
vt 0.462257 0.238499
vt 0.462257 0.213524
vt 0.462257 0.188549
vt 0.462257 0.163574
vt 0.462257 0.138600
vt 0.462257 0.113625
vt 0.462257 0.088650
vt 0.462257 0.063675
vt 0.462257 0.138600
vt 0.462257 0.113625
vt 0.462257 0.088650
vt 0.462257 0.063675
vt 0.486379 0.038700
vt 0.499720 0.038700
vt 0.486497 0.014461
vt 0.499720 0.014235
vt 0.486722 0.001238
vt 0.499720 0.001238
vt 0.462257 0.038700
vt 0.462257 0.014579
vt 0.462257 0.001238
vt 0.513502 0.486537
vt 0.513278 0.499759
vt 0.500281 0.499761
vt 0.500280 0.486763
vt 0.537742 0.486417
vt 0.537743 0.499757
vt 0.462257 0.038700
vt 0.462257 0.014579
vt 0.462257 0.001238
vt 0.513618 0.462297
vt 0.500278 0.462298
vt 0.537740 0.462295
vt 0.437282 0.238499
vt 0.437282 0.213524
vt 0.437282 0.188549
vt 0.437282 0.163574
vt 0.437282 0.138600
vt 0.437282 0.113625
vt 0.437282 0.088650
vt 0.437282 0.063675
vt 0.412308 0.238499
vt 0.412308 0.213524
vt 0.412308 0.188549
vt 0.412308 0.163574
vt 0.412308 0.138600
vt 0.412301 0.113625
vt 0.412083 0.088660
vt 0.412308 0.063675
vt 0.387333 0.238499
vt 0.387333 0.213524
vt 0.387333 0.188549
vt 0.387333 0.163574
vt 0.387333 0.138600
vt 0.387319 0.113625
vt 0.386697 0.088678
vt 0.387333 0.063675
vt 0.362358 0.238499
vt 0.362358 0.213524
vt 0.363466 0.188463
vt 0.363068 0.163453
vt 0.362358 0.138600
vt 0.362354 0.113625
vt 0.361400 0.088693
vt 0.362358 0.063675
vt 0.337383 0.238499
vt 0.337506 0.213498
vt 0.339208 0.188182
vt 0.337469 0.163559
vt 0.337383 0.138600
vt 0.337382 0.113625
vt 0.335855 0.088723
vt 0.337383 0.063675
vt 0.312417 0.238498
vt 0.314148 0.213368
vt 0.312420 0.188548
vt 0.312408 0.163574
vt 0.312408 0.138600
vt 0.312408 0.113625
vt 0.310472 0.088741
vt 0.312421 0.063661
vt 0.287524 0.238477
vt 0.287982 0.213402
vt 0.287433 0.188549
vt 0.287433 0.163574
vt 0.287433 0.138600
vt 0.287433 0.113625
vt 0.287348 0.088647
vt 0.285205 0.063344
vt 0.263420 0.238407
vt 0.262459 0.213524
vt 0.262458 0.188549
vt 0.262458 0.163574
vt 0.262458 0.138600
vt 0.262456 0.113625
vt 0.262445 0.088652
vt 0.262458 0.063675
vt 0.437282 0.038700
vt 0.437282 0.014579
vt 0.437282 0.001238
vt 0.412308 0.038700
vt 0.412308 0.014579
vt 0.412308 0.001238
vt 0.387333 0.038700
vt 0.387333 0.014579
vt 0.387333 0.001238
vt 0.362358 0.038700
vt 0.362358 0.014579
vt 0.362358 0.001238
vt 0.337383 0.038700
vt 0.337383 0.014579
vt 0.337383 0.001238
vt 0.314037 0.038447
vt 0.312419 0.014577
vt 0.312408 0.001238
vt 0.287440 0.038694
vt 0.287433 0.014579
vt 0.287433 0.001238
vt 0.262458 0.038700
vt 0.262458 0.014579
vt 0.262458 0.001238
vt 0.562717 0.486414
vt 0.562718 0.499755
vt 0.587692 0.486412
vt 0.587693 0.499753
vt 0.612666 0.486410
vt 0.612668 0.499751
vt 0.637641 0.486408
vt 0.637643 0.499749
vt 0.662616 0.486406
vt 0.662617 0.499747
vt 0.687591 0.486404
vt 0.687592 0.499745
vt 0.712566 0.486402
vt 0.712567 0.499742
vt 0.737541 0.486400
vt 0.737542 0.499740
vt 0.562715 0.462293
vt 0.587690 0.462291
vt 0.612664 0.462289
vt 0.637639 0.462287
vt 0.662614 0.462284
vt 0.687589 0.462282
vt 0.712564 0.462280
vt 0.737539 0.462278
vt 0.437282 0.088650
vt 0.412308 0.113625
vt 0.412695 0.088607
vt 0.412438 0.063561
vt 0.387333 0.138600
vt 0.387333 0.113625
vt 0.387398 0.088639
vt 0.385514 0.063467
vt 0.362357 0.188549
vt 0.362039 0.163683
vt 0.362050 0.138904
vt 0.362318 0.113677
vt 0.362358 0.088650
vt 0.362354 0.063675
vt 0.337411 0.238513
vt 0.337406 0.213536
vt 0.337119 0.188613
vt 0.332984 0.164811
vt 0.335480 0.139438
vt 0.337264 0.113717
vt 0.337383 0.088650
vt 0.314871 0.240655
vt 0.197410 0.526619
vt 0.167932 0.526749
vt 0.169173 0.501802
vt 0.199705 0.501179
vt 0.206078 0.551699
vt 0.167878 0.551699
vt 0.303765 0.164935
vt 0.308181 0.190514
vt 0.311962 0.138690
vt 0.386318 0.540233
vt 0.386062 0.557774
vt 0.411334 0.580742
vt 0.411334 0.542943
vt 0.312408 0.088650
vt 0.312406 0.113625
vt 0.312408 0.063675
vt 0.289176 0.240540
vt 0.290754 0.215468
vt 0.314925 0.215132
vt 0.285856 0.189478
vt 0.232013 0.585463
vt 0.232013 0.555363
vt 0.206522 0.552419
vt 0.206841 0.572823
vt 0.287430 0.138600
vt 0.286071 0.163877
vt 0.287433 0.088650
vt 0.287433 0.063675
vt 0.262459 0.238500
vt 0.444827 0.508211
vt 0.444321 0.544086
vt 0.470198 0.532533
vt 0.470198 0.501179
vt 0.262791 0.188594
vt 0.261720 0.213640
vt 0.262458 0.163574
vt 0.262456 0.138600
vt 0.262458 0.113625
vt 0.262458 0.088650
vt 0.513616 0.437322
vt 0.500275 0.437323
vt 0.537738 0.437320
vt 0.513614 0.412347
vt 0.500273 0.412349
vt 0.537736 0.412345
vt 0.513612 0.387372
vt 0.500271 0.387374
vt 0.537733 0.387370
vt 0.513610 0.362398
vt 0.500269 0.362399
vt 0.537731 0.362396
vt 0.513608 0.337423
vt 0.500267 0.337424
vt 0.537729 0.337421
vt 0.312408 0.038700
vt 0.312408 0.014578
vt 0.513606 0.312448
vt 0.500265 0.312449
vt 0.537727 0.312446
vt 0.287433 0.038700
vt 0.287433 0.014578
vt 0.513603 0.287473
vt 0.500263 0.287474
vt 0.537725 0.287471
vt 0.262458 0.014578
vt 0.513601 0.262498
vt 0.500261 0.262499
vt 0.537723 0.262496
vt 0.562713 0.437318
vt 0.587687 0.437316
vt 0.612662 0.437314
vt 0.637637 0.437312
vt 0.662612 0.437310
vt 0.687587 0.437307
vt 0.712562 0.437305
vt 0.737537 0.437303
vt 0.562711 0.412343
vt 0.587685 0.412341
vt 0.612660 0.412339
vt 0.637635 0.412337
vt 0.662610 0.412335
vt 0.687585 0.412333
vt 0.712560 0.412330
vt 0.737535 0.412328
vt 0.562708 0.387368
vt 0.587683 0.387366
vt 0.612658 0.387364
vt 0.637633 0.387362
vt 0.662608 0.387360
vt 0.687583 0.387358
vt 0.712558 0.387356
vt 0.737532 0.387353
vt 0.562706 0.362393
vt 0.587681 0.362391
vt 0.612656 0.362389
vt 0.637631 0.362387
vt 0.662606 0.362385
vt 0.687581 0.362383
vt 0.712555 0.362381
vt 0.737530 0.362379
vt 0.562704 0.337419
vt 0.587679 0.337416
vt 0.612654 0.337414
vt 0.637629 0.337412
vt 0.662604 0.337410
vt 0.687578 0.337408
vt 0.712553 0.337406
vt 0.737528 0.337404
vt 0.562702 0.312444
vt 0.587677 0.312442
vt 0.612652 0.312439
vt 0.637627 0.312437
vt 0.662601 0.312435
vt 0.687576 0.312433
vt 0.712551 0.312431
vt 0.737526 0.312429
vt 0.562700 0.287469
vt 0.587675 0.287467
vt 0.612650 0.287465
vt 0.637624 0.287462
vt 0.662599 0.287460
vt 0.687574 0.287458
vt 0.712549 0.287456
vt 0.737524 0.287454
vt 0.562698 0.262494
vt 0.587673 0.262492
vt 0.612647 0.262490
vt 0.637622 0.262488
vt 0.662597 0.262486
vt 0.687572 0.262483
vt 0.712547 0.262481
vt 0.737522 0.262479
vt 0.237484 0.487394
vt 0.237484 0.500735
vt 0.237484 0.463273
vt 0.212509 0.487394
vt 0.212509 0.500735
vt 0.212509 0.463273
vt 0.187534 0.487394
vt 0.187534 0.500735
vt 0.187534 0.463273
vt 0.162559 0.487394
vt 0.162559 0.500735
vt 0.162559 0.463273
vt 0.137584 0.487394
vt 0.137584 0.500735
vt 0.137584 0.463273
vt 0.112609 0.487394
vt 0.112609 0.500735
vt 0.112609 0.463273
vt 0.087634 0.487394
vt 0.087634 0.500735
vt 0.087634 0.463273
vt 0.062602 0.487427
vt 0.062514 0.500725
vt 0.062768 0.463300
vt 0.498248 0.063529
vt 0.482534 0.063216
vt 0.460323 0.063406
vt 0.237484 0.438298
vt 0.237484 0.413323
vt 0.237484 0.388348
vt 0.237484 0.363373
vt 0.237484 0.338398
vt 0.237484 0.313424
vt 0.237484 0.288449
vt 0.240304 0.263314
vt 0.212509 0.438298
vt 0.212509 0.413323
vt 0.212509 0.388348
vt 0.212509 0.363373
vt 0.212509 0.338398
vt 0.212509 0.313424
vt 0.212713 0.288439
vt 0.212943 0.263423
vt 0.187534 0.438298
vt 0.187534 0.413323
vt 0.187534 0.388348
vt 0.187534 0.363373
vt 0.187534 0.338398
vt 0.187534 0.313424
vt 0.190788 0.288282
vt 0.187604 0.263471
vt 0.162559 0.438298
vt 0.162559 0.413323
vt 0.162559 0.388348
vt 0.162559 0.363373
vt 0.162559 0.338398
vt 0.162584 0.313420
vt 0.163325 0.288333
vt 0.162559 0.263474
vt 0.137584 0.438298
vt 0.137584 0.413323
vt 0.137584 0.388348
vt 0.137584 0.363373
vt 0.137584 0.338398
vt 0.137617 0.313424
vt 0.137587 0.288449
vt 0.137584 0.263474
vt 0.112609 0.438298
vt 0.112609 0.413323
vt 0.112609 0.388348
vt 0.112609 0.363373
vt 0.112609 0.338398
vt 0.112610 0.313424
vt 0.112609 0.288449
vt 0.112609 0.263474
vt 0.087634 0.438298
vt 0.087634 0.413323
vt 0.087634 0.388348
vt 0.087634 0.363373
vt 0.087634 0.338398
vt 0.087634 0.313424
vt 0.087634 0.288449
vt 0.087634 0.263474
vt 0.062661 0.438298
vt 0.062660 0.413323
vt 0.062485 0.388362
vt 0.061752 0.363790
vt 0.062830 0.338435
vt 0.062660 0.313424
vt 0.062660 0.288449
vt 0.062485 0.263484
vt 0.361595 0.501179
vt 0.348560 0.518204
vt 0.348190 0.540639
vt 0.361507 0.539207
vt 0.385618 0.512506
vt 0.385618 0.540611
vt 0.472422 0.013723
vt 0.484747 0.012614
vt 0.475811 0.036253
vt 0.458627 0.042913
vt 0.013966 0.463475
vt 0.012707 0.487724
vt 0.041898 0.487805
vt 0.038639 0.463645
vt 0.513232 0.493505
vt 0.500302 0.496508
vt 0.500349 0.484788
vt 0.513290 0.472461
vt 0.537704 0.495087
vt 0.537539 0.478903
vt 0.435095 0.051305
vt 0.463011 0.034186
vt 0.496467 0.000864
vt 0.478949 0.000222
vt 0.513378 0.474637
vt 0.500309 0.478990
vt 0.537650 0.481107
vt 0.440521 0.053690
vt 0.468746 0.064860
vt 0.459861 0.004462
vt 0.513574 0.458745
vt 0.500435 0.459902
vt 0.537691 0.460989
vt 0.037740 0.438305
vt 0.036514 0.413786
vt 0.034555 0.388952
vt 0.036201 0.363540
vt 0.038699 0.338405
vt 0.038136 0.313427
vt 0.037685 0.288449
vt 0.036714 0.263584
vt 0.014560 0.438374
vt 0.010187 0.414012
vt 0.012970 0.388487
vt 0.013622 0.363374
vt 0.023311 0.338464
vt 0.021105 0.313488
vt 0.013695 0.288455
vt 0.011831 0.263608
vt 0.001776 0.438372
vt 0.000313 0.463311
vt 0.001394 0.413495
vt 0.612668 0.499750
vt 0.587520 0.493460
vt 0.587002 0.476651
vt 0.612528 0.494621
vt 0.000238 0.363373
vt 0.000222 0.388348
vt 0.005845 0.338437
vt 0.005206 0.313463
vt 0.000420 0.288454
vt 0.001243 0.263515
vt 0.562643 0.496682
vt 0.562656 0.484087
vt 0.587437 0.477241
vt 0.612666 0.486389
vt 0.637642 0.499746
vt 0.637641 0.486400
vt 0.662579 0.499473
vt 0.662482 0.486563
vt 0.021303 0.313650
vt 0.017496 0.338533
vt 0.712562 0.499386
vt 0.712560 0.486219
vt 0.687365 0.488467
vt 0.687553 0.499882
vt 0.737501 0.496600
vt 0.737513 0.483706
vt 0.587690 0.462289
vt 0.637639 0.462287
vt 0.662512 0.463343
vt 0.686772 0.470460
vt 0.573768 0.563112
vt 0.597124 0.563112
vt 0.596819 0.532127
vt 0.576109 0.542274
vt 0.712434 0.463422
vt 0.437281 0.063675
vt 0.412308 0.088650
vt 0.387333 0.088650
vt 0.362358 0.188549
vt 0.362358 0.163574
vt 0.362358 0.113625
vt 0.337383 0.213524
vt 0.337383 0.188549
vt 0.337383 0.163574
vt 0.337383 0.113625
vt 0.337383 0.088650
vt 0.337383 0.063675
vt 0.312408 0.238499
vt 0.312408 0.213524
vt 0.312408 0.188549
vt 0.287433 0.238499
vt 0.287433 0.213524
vt 0.262458 0.238499
vt 0.262458 0.213524
vt 0.442963 0.051560
vt 0.470425 0.082757
vt 0.446300 0.021703
vt 0.415682 0.515347
vt 0.386062 0.512348
vt 0.401236 0.501179
vt 0.418436 0.502396
vt 0.418436 0.539789
vt 0.409302 0.538691
vt 0.412794 0.040107
vt 0.414931 0.023679
vt 0.413312 0.005636
vt 0.447950 0.035868
vt 0.415460 0.020715
vt 0.537375 0.438851
vt 0.536180 0.417417
vt 0.512799 0.415500
vt 0.513112 0.447989
vt 0.387334 0.038708
vt 0.387344 0.014652
vt 0.387334 0.001246
vt 0.513590 0.387437
vt 0.500271 0.387375
vt 0.500164 0.413353
vt 0.537536 0.388156
vt 0.362280 0.041461
vt 0.362343 0.027171
vt 0.362510 0.010372
vt 0.514028 0.362488
vt 0.500626 0.362551
vt 0.537769 0.362285
vt 0.337149 0.046701
vt 0.337266 0.047399
vt 0.337717 0.023773
vt 0.514644 0.337580
vt 0.501124 0.337758
vt 0.163720 0.538897
vt 0.127183 0.540967
vt 0.135695 0.517283
vt 0.155475 0.515574
vt 0.312406 0.038763
vt 0.312407 0.015099
vt 0.312414 0.001540
vt 0.167434 0.514512
vt 0.166853 0.501179
vt 0.144700 0.503246
vt 0.167434 0.538670
vt 0.513621 0.312452
vt 0.500277 0.312455
vt 0.537743 0.312308
vt 0.537725 0.287470
vt 0.562708 0.437339
vt 0.662608 0.437345
vt 0.687023 0.442160
vt 0.711813 0.443204
vt 0.737496 0.437596
vt 0.499720 0.501179
vt 0.499720 0.530599
vt 0.473510 0.542325
vt 0.474456 0.510238
vt 0.587686 0.412350
vt 0.562479 0.413680
vt 0.612660 0.412343
vt 0.637576 0.412784
vt 0.662595 0.412448
vt 0.687406 0.413399
vt 0.710782 0.421072
vt 0.193013 0.552143
vt 0.193013 0.583765
vt 0.167878 0.587308
vt 0.168435 0.576947
vt 0.562661 0.387833
vt 0.587683 0.387370
vt 0.612646 0.387454
vt 0.636949 0.392026
vt 0.662256 0.389527
vt 0.687565 0.387492
vt 0.712377 0.388258
vt 0.736052 0.421065
vt 0.736091 0.394649
vt 0.562755 0.362278
vt 0.587681 0.362391
vt 0.612654 0.362397
vt 0.637127 0.364638
vt 0.661243 0.370546
vt 0.423838 0.546878
vt 0.441640 0.558262
vt 0.441640 0.588739
vt 0.418880 0.573545
vt 0.712554 0.362398
vt 0.687198 0.366173
vt 0.737451 0.362852
vt 0.165825 0.563804
vt 0.134424 0.566037
vt 0.587737 0.336907
vt 0.563255 0.334717
vt 0.637616 0.337457
vt 0.662475 0.338625
vt 0.687467 0.338953
vt 0.474729 0.578392
vt 0.499720 0.578707
vt 0.499720 0.542770
vt 0.471884 0.556610
vt 0.712553 0.337417
vt 0.563303 0.306191
vt 0.537824 0.336213
vt 0.587929 0.309818
vt 0.612652 0.312437
vt 0.662601 0.312436
vt 0.687576 0.312435
vt 0.562916 0.285455
vt 0.588265 0.282022
vt 0.612668 0.287288
vt 0.562741 0.262061
vt 0.588127 0.256329
vt 0.303862 0.552408
vt 0.279049 0.561806
vt 0.278687 0.587393
vt 0.303862 0.582218
vt 0.612720 0.261205
vt 0.237899 0.238475
vt 0.237484 0.213524
vt 0.237484 0.188549
vt 0.237484 0.163574
vt 0.237484 0.138600
vt 0.240646 0.113475
vt 0.237588 0.088646
vt 0.237484 0.063675
vt 0.212509 0.238499
vt 0.212509 0.213524
vt 0.212509 0.188549
vt 0.212509 0.163574
vt 0.212520 0.138599
vt 0.213509 0.113564
vt 0.212509 0.088650
vt 0.212509 0.063675
vt 0.187534 0.238499
vt 0.187534 0.213524
vt 0.187534 0.188549
vt 0.187534 0.163574
vt 0.187641 0.138589
vt 0.187927 0.113583
vt 0.187534 0.088650
vt 0.187534 0.063675
vt 0.162559 0.238499
vt 0.162559 0.213524
vt 0.162559 0.188549
vt 0.162559 0.163574
vt 0.164137 0.138526
vt 0.162951 0.113607
vt 0.162559 0.088650
vt 0.162559 0.063675
vt 0.137584 0.238499
vt 0.137584 0.213524
vt 0.137584 0.188549
vt 0.137584 0.163574
vt 0.140518 0.138458
vt 0.137592 0.113624
vt 0.137584 0.088650
vt 0.137584 0.063675
vt 0.112597 0.238500
vt 0.111788 0.213694
vt 0.112575 0.188565
vt 0.112619 0.163574
vt 0.114687 0.138494
vt 0.112609 0.113625
vt 0.112609 0.088650
vt 0.112609 0.063675
vt 0.086145 0.238844
vt 0.086366 0.213648
vt 0.087634 0.188550
vt 0.087688 0.163570
vt 0.088230 0.138555
vt 0.087634 0.113625
vt 0.087634 0.088650
vt 0.087634 0.063675
vt 0.061548 0.238588
vt 0.062660 0.213524
vt 0.062660 0.188549
vt 0.062663 0.163573
vt 0.062671 0.138596
vt 0.062660 0.113625
vt 0.062660 0.088650
vt 0.062659 0.063675
vt 0.237484 0.038700
vt 0.237484 0.014579
vt 0.237484 0.001238
vt 0.212509 0.038700
vt 0.212509 0.014579
vt 0.212509 0.001238
vt 0.187534 0.038700
vt 0.187534 0.014579
vt 0.187534 0.001238
vt 0.162559 0.038700
vt 0.162559 0.014579
vt 0.162559 0.001238
vt 0.137584 0.038700
vt 0.137584 0.014579
vt 0.137584 0.001238
vt 0.112609 0.038700
vt 0.112609 0.014579
vt 0.112609 0.001238
vt 0.087625 0.038700
vt 0.087615 0.014578
vt 0.087634 0.001238
vt 0.061478 0.038930
vt 0.062399 0.014597
vt 0.062659 0.001238
vt 0.762516 0.486397
vt 0.762517 0.499738
vt 0.787491 0.486395
vt 0.787492 0.499736
vt 0.812465 0.486393
vt 0.812467 0.499734
vt 0.837440 0.486391
vt 0.837441 0.499732
vt 0.862415 0.486389
vt 0.862416 0.499730
vt 0.887390 0.486387
vt 0.887391 0.499727
vt 0.912365 0.486377
vt 0.912366 0.499612
vt 0.937340 0.486382
vt 0.937341 0.499692
vt 0.762514 0.462276
vt 0.787488 0.462274
vt 0.812463 0.462272
vt 0.837438 0.462270
vt 0.862413 0.462267
vt 0.887388 0.462265
vt 0.912363 0.462263
vt 0.937338 0.462261
vt 0.037655 0.238503
vt 0.037685 0.213524
vt 0.037685 0.188549
vt 0.037685 0.163574
vt 0.037685 0.138600
vt 0.037685 0.113625
vt 0.038212 0.088679
vt 0.035920 0.064320
vt 0.013563 0.238499
vt 0.013563 0.213524
vt 0.013563 0.188549
vt 0.013563 0.163574
vt 0.013563 0.138600
vt 0.013727 0.113626
vt 0.021915 0.088707
vt 0.016872 0.063945
vt 0.000222 0.238499
vt 0.000222 0.213524
vt 0.000222 0.188549
vt 0.000222 0.163574
vt 0.000222 0.138600
vt 0.000297 0.113625
vt 0.005339 0.088688
vt 0.001522 0.063686
vt 0.887391 0.499739
vt 0.887389 0.486505
vt 0.912327 0.500449
vt 0.912273 0.489598
vt 0.937330 0.499870
vt 0.937312 0.486920
vt 0.887446 0.463624
vt 0.912565 0.469149
vt 0.937339 0.462613
vt 0.034434 0.038964
vt 0.037685 0.014579
vt 0.037685 0.001238
vt 0.013522 0.038706
vt 0.013445 0.014461
vt 0.013220 0.001238
vt 0.000222 0.038700
vt 0.000222 0.014235
vt 0.000222 0.001238
vt 0.962315 0.486380
vt 0.962316 0.499721
vt 0.986554 0.486496
vt 0.986781 0.499719
vt 0.999778 0.499718
vt 0.999777 0.486721
vt 0.962313 0.462259
vt 0.986434 0.462257
vt 0.999775 0.462256
vt 0.762511 0.437301
vt 0.787486 0.437299
vt 0.812461 0.437297
vt 0.837436 0.437295
vt 0.862411 0.437293
vt 0.887386 0.437290
vt 0.912361 0.437288
vt 0.937335 0.437286
vt 0.762509 0.412326
vt 0.787484 0.412324
vt 0.812459 0.412322
vt 0.837434 0.412320
vt 0.862409 0.412318
vt 0.887384 0.412316
vt 0.912359 0.412313
vt 0.937333 0.412311
vt 0.762507 0.387351
vt 0.787482 0.387349
vt 0.812457 0.387347
vt 0.837432 0.387345
vt 0.862407 0.387343
vt 0.887382 0.387341
vt 0.912356 0.387339
vt 0.937331 0.387336
vt 0.762505 0.362376
vt 0.787480 0.362374
vt 0.812455 0.362372
vt 0.837430 0.362370
vt 0.862405 0.362368
vt 0.887379 0.362366
vt 0.912354 0.362364
vt 0.937329 0.362362
vt 0.762503 0.337402
vt 0.787478 0.337399
vt 0.812453 0.337397
vt 0.837428 0.337395
vt 0.862402 0.337393
vt 0.887377 0.337391
vt 0.912352 0.337389
vt 0.937327 0.337387
vt 0.762501 0.312427
vt 0.787476 0.312425
vt 0.812451 0.312423
vt 0.837425 0.312420
vt 0.862400 0.312418
vt 0.887375 0.312416
vt 0.912350 0.312414
vt 0.937325 0.312412
vt 0.762499 0.287452
vt 0.787474 0.287450
vt 0.812449 0.287448
vt 0.837423 0.287445
vt 0.862398 0.287443
vt 0.887373 0.287441
vt 0.912348 0.287439
vt 0.937323 0.287437
vt 0.762497 0.262477
vt 0.787471 0.262475
vt 0.812446 0.262473
vt 0.837421 0.262471
vt 0.862396 0.262468
vt 0.887371 0.262466
vt 0.912346 0.262464
vt 0.937321 0.262462
vt 0.862411 0.437294
vt 0.887505 0.440003
vt 0.912598 0.442311
vt 0.937338 0.437326
vt 0.762385 0.412917
vt 0.787484 0.412324
vt 0.862407 0.412388
vt 0.887360 0.418411
vt 0.912405 0.415365
vt 0.937333 0.412313
vt 0.760888 0.395644
vt 0.787215 0.388342
vt 0.812457 0.387347
vt 0.862404 0.387938
vt 0.887303 0.394088
vt 0.912344 0.388086
vt 0.937347 0.386857
vt 0.761166 0.367993
vt 0.786050 0.367888
vt 0.322715 0.581922
vt 0.322200 0.562993
vt 0.347746 0.542501
vt 0.347746 0.575509
vt 0.837430 0.362369
vt 0.812302 0.362363
vt 0.862406 0.363256
vt 0.887386 0.366375
vt 0.254141 0.561320
vt 0.250744 0.586821
vt 0.278243 0.584161
vt 0.278243 0.556419
vt 0.937128 0.358579
vt 0.912354 0.362457
vt 0.762457 0.337640
vt 0.786832 0.338429
vt 0.812274 0.337223
vt 0.837428 0.337394
vt 0.862400 0.337637
vt 0.887372 0.338039
vt 0.912317 0.336632
vt 0.936659 0.329916
vt 0.787474 0.312424
vt 0.812450 0.312422
vt 0.862400 0.312418
vt 0.887373 0.312401
vt 0.911962 0.308092
vt 0.936978 0.306624
vt 0.887356 0.286997
vt 0.911762 0.279980
vt 0.937176 0.286107
vt 0.887373 0.260402
vt 0.912342 0.255848
vt 0.937318 0.262328
vt 0.962310 0.437284
vt 0.986432 0.437282
vt 0.999773 0.437281
vt 0.962308 0.412309
vt 0.986430 0.412307
vt 0.962308 0.412309
vt 0.999771 0.412306
vt 0.962306 0.387334
vt 0.986420 0.387332
vt 0.962380 0.385655
vt 0.986430 0.387291
vt 0.999768 0.387331
vt 0.999740 0.387331
vt 0.962304 0.362359
vt 0.986424 0.362357
vt 0.962287 0.357026
vt 0.348324 0.575563
vt 0.373368 0.575563
vt 0.377455 0.552721
vt 0.348190 0.541083
vt 0.999766 0.362356
vt 0.986429 0.362279
vt 0.962302 0.337385
vt 0.986423 0.337383
vt 0.962130 0.335806
vt 0.986423 0.337382
vt 0.999764 0.337381
vt 0.962300 0.312410
vt 0.986421 0.312408
vt 0.962292 0.312298
vt 0.999762 0.312407
vt 0.962298 0.287435
vt 0.986419 0.287433
vt 0.999760 0.287432
vt 0.962296 0.262460
vt 0.986417 0.262458
vt 0.999758 0.262457
vt 0.237484 0.487394
vt 0.212509 0.487394
vt 0.187534 0.487394
vt 0.137584 0.500735
vt 0.112609 0.500735
vt 0.112661 0.463267
vt 0.087634 0.500735
vt 0.087650 0.463271
vt 0.062660 0.487394
vt 0.062660 0.500735
vt 0.062660 0.463273
vt 0.237479 0.288449
vt 0.237484 0.263474
vt 0.212075 0.288472
vt 0.212505 0.263474
vt 0.187534 0.288449
vt 0.187086 0.263403
vt 0.162559 0.313424
vt 0.162559 0.288449
vt 0.162556 0.263473
vt 0.137590 0.438297
vt 0.137620 0.413309
vt 0.137614 0.388334
vt 0.137584 0.313424
vt 0.137584 0.288449
vt 0.137176 0.263625
vt 0.114693 0.438010
vt 0.278812 0.526047
vt 0.309651 0.526979
vt 0.310145 0.551964
vt 0.278687 0.551964
vt 0.280632 0.501179
vt 0.309356 0.502006
vt 0.112078 0.363082
vt 0.114947 0.387245
vt 0.112522 0.338382
vt 0.112609 0.313424
vt 0.112608 0.263474
vt 0.087945 0.438258
vt 0.087830 0.413253
vt 0.115931 0.412095
vt 0.087775 0.388261
vt 0.084150 0.362652
vt 0.085795 0.337483
vt 0.087554 0.313409
vt 0.062660 0.438298
vt 0.062660 0.388348
vt 0.062636 0.363358
vt 0.058666 0.337709
vt 0.060294 0.313044
vt 0.062659 0.288449
vt 0.062660 0.263474
vt 0.212509 0.288449
vt 0.212509 0.263474
vt 0.187534 0.263474
vt 0.087634 0.338398
vt 0.062660 0.363373
vt 0.062660 0.338398
vt 0.037685 0.487394
vt 0.037685 0.500735
vt 0.037685 0.463273
vt 0.013445 0.487512
vt 0.013220 0.500735
vt 0.013563 0.463273
vt 0.013634 0.463273
vt 0.000222 0.487738
vt 0.000222 0.500735
vt 0.000222 0.463273
vt 0.000402 0.463273
vt 0.500278 0.462298
vt 0.513621 0.462310
vt 0.537849 0.462589
vt 0.037685 0.438298
vt 0.037685 0.413323
vt 0.037685 0.388348
vt 0.037685 0.363373
vt 0.037362 0.338339
vt 0.033399 0.312946
vt 0.037552 0.288439
vt 0.037685 0.263474
vt 0.013563 0.438298
vt 0.013563 0.413323
vt 0.013563 0.388348
vt 0.013563 0.363373
vt 0.013586 0.338398
vt 0.016780 0.313426
vt 0.014937 0.288452
vt 0.013563 0.263474
vt 0.000222 0.438298
vt 0.000222 0.413323
vt 0.000222 0.388348
vt 0.000222 0.363373
vt 0.000290 0.338399
vt 0.008398 0.313443
vt 0.003125 0.288455
vt 0.000223 0.263474
vt 0.662616 0.486378
vt 0.662617 0.499672
vt 0.687582 0.482491
vt 0.687572 0.490706
vt 0.712562 0.484761
vt 0.712560 0.496533
vt 0.737542 0.499740
vt 0.563030 0.462279
vt 0.587869 0.461974
vt 0.612666 0.462285
vt 0.687589 0.462273
vt 0.712564 0.462279
vt 0.037700 0.438300
vt 0.037699 0.413321
vt 0.037685 0.338398
vt 0.037685 0.313424
vt 0.037685 0.288449
vt 0.015552 0.438274
vt 0.015869 0.413023
vt 0.013568 0.388347
vt 0.013563 0.363373
vt 0.013563 0.338398
vt 0.013563 0.313424
vt 0.013563 0.288449
vt 0.002808 0.438210
vt 0.500283 0.437236
vt 0.513763 0.437191
vt 0.554667 0.500978
vt 0.537484 0.526075
vt 0.571527 0.525115
vt 0.573324 0.500893
vt 0.002855 0.412958
vt 0.018394 0.411062
vt 0.020106 0.438167
vt 0.513681 0.410086
vt 0.537900 0.411238
vt 0.538916 0.440801
vt 0.000234 0.388346
vt 0.500271 0.387372
vt 0.513612 0.387340
vt 0.500278 0.411983
vt 0.537734 0.387353
vt 0.500269 0.362399
vt 0.000222 0.338398
vt 0.500267 0.337424
vt 0.000222 0.313424
vt 0.537727 0.312446
vt 0.000222 0.288449
vt 0.500263 0.287474
vt 0.537725 0.287471
vt 0.000222 0.263474
vt 0.500261 0.262499
vt 0.539130 0.552152
vt 0.569534 0.550290
vt 0.548890 0.576380
vt 0.571185 0.575134
vt 0.589184 0.434818
vt 0.612719 0.437195
vt 0.737537 0.437298
vt 0.559086 0.525131
vt 0.573263 0.550061
vt 0.573324 0.575020
vt 0.587743 0.412236
vt 0.612661 0.412338
vt 0.737536 0.412295
vt 0.562785 0.412341
vt 0.562704 0.337419
vt 0.587679 0.337417
vt 0.562614 0.313197
vt 0.587550 0.313684
vt 0.612652 0.312441
vt 0.562446 0.290244
vt 0.586762 0.297092
vt 0.612620 0.287679
vt 0.637624 0.287463
vt 0.662599 0.287460
vt 0.562633 0.262884
vt 0.586150 0.267395
vt 0.610889 0.263353
vt 0.444321 0.576959
vt 0.470797 0.580618
vt 0.470797 0.544530
vt 0.445796 0.545032
vt 0.637335 0.261150
vt 0.662583 0.262474
vt 0.237484 0.238499
vt 0.237318 0.188652
vt 0.237342 0.163641
vt 0.237418 0.138630
vt 0.237484 0.113625
vt 0.237484 0.088650
vt 0.212509 0.238499
vt 0.211895 0.163622
vt 0.212509 0.138600
vt 0.212509 0.113625
vt 0.187535 0.163574
vt 0.187655 0.138593
vt 0.187534 0.113625
vt 0.162509 0.238489
vt 0.162496 0.138603
vt 0.162559 0.113625
vt 0.138525 0.238325
vt 0.137582 0.213523
vt 0.137584 0.163574
vt 0.137584 0.138600
vt 0.137584 0.113625
vt 0.112607 0.238499
vt 0.111601 0.213278
vt 0.112669 0.188524
vt 0.112609 0.163574
vt 0.112609 0.138600
vt 0.112698 0.113620
vt 0.087634 0.238499
vt 0.087305 0.213540
vt 0.088005 0.188293
vt 0.087649 0.163571
vt 0.087634 0.138600
vt 0.087813 0.113615
vt 0.062660 0.238499
vt 0.062659 0.213524
vt 0.062278 0.188490
vt 0.063939 0.163305
vt 0.063276 0.138503
vt 0.062784 0.113605
vt 0.062659 0.063675
vt 0.237484 0.014578
vt 0.513599 0.237523
vt 0.500258 0.237525
vt 0.537721 0.237521
vt 0.212509 0.014578
vt 0.513597 0.212548
vt 0.500256 0.212550
vt 0.537719 0.212546
vt 0.187534 0.014578
vt 0.513595 0.187574
vt 0.500254 0.187575
vt 0.537716 0.187572
vt 0.162559 0.014578
vt 0.513593 0.162599
vt 0.500252 0.162600
vt 0.537714 0.162597
vt 0.137584 0.014578
vt 0.513591 0.137624
vt 0.500250 0.137625
vt 0.537712 0.137622
vt 0.112609 0.014578
vt 0.513589 0.112649
vt 0.500248 0.112650
vt 0.537710 0.112647
vt 0.087634 0.038700
vt 0.087634 0.014578
vt 0.513586 0.087674
vt 0.500246 0.087675
vt 0.537708 0.087672
vt 0.062660 0.038700
vt 0.062660 0.014578
vt 0.062660 0.001238
vt 0.513584 0.062699
vt 0.500244 0.062700
vt 0.537706 0.062697
vt 0.562696 0.237519
vt 0.587670 0.237517
vt 0.612645 0.237515
vt 0.637620 0.237513
vt 0.662595 0.237511
vt 0.687570 0.237509
vt 0.712545 0.237506
vt 0.737520 0.237504
vt 0.562693 0.212544
vt 0.587668 0.212542
vt 0.612643 0.212540
vt 0.637618 0.212538
vt 0.662593 0.212536
vt 0.687568 0.212534
vt 0.712543 0.212532
vt 0.737517 0.212529
vt 0.562691 0.187569
vt 0.587666 0.187567
vt 0.612641 0.187565
vt 0.637616 0.187563
vt 0.662591 0.187561
vt 0.687566 0.187559
vt 0.712541 0.187557
vt 0.737515 0.187555
vt 0.562689 0.162595
vt 0.587664 0.162592
vt 0.612639 0.162590
vt 0.637614 0.162588
vt 0.662589 0.162586
vt 0.687564 0.162584
vt 0.712538 0.162582
vt 0.737513 0.162580
vt 0.562687 0.137620
vt 0.587662 0.137618
vt 0.612637 0.137615
vt 0.637612 0.137613
vt 0.662587 0.137611
vt 0.687561 0.137609
vt 0.712536 0.137607
vt 0.737511 0.137605
vt 0.562685 0.112645
vt 0.587660 0.112643
vt 0.612635 0.112641
vt 0.637610 0.112638
vt 0.662584 0.112636
vt 0.687559 0.112634
vt 0.712534 0.112632
vt 0.737509 0.112630
vt 0.562683 0.087670
vt 0.587658 0.087668
vt 0.612633 0.087666
vt 0.637607 0.087664
vt 0.662582 0.087662
vt 0.687557 0.087659
vt 0.712532 0.087657
vt 0.737507 0.087655
vt 0.562681 0.062695
vt 0.587656 0.062693
vt 0.612630 0.062691
vt 0.637605 0.062689
vt 0.662580 0.062687
vt 0.687555 0.062684
vt 0.712530 0.062682
vt 0.737505 0.062680
vt 0.037685 0.238499
vt 0.037685 0.213524
vt 0.037684 0.188549
vt 0.036761 0.163428
vt 0.037471 0.138146
vt 0.038405 0.113367
vt 0.037684 0.088650
vt 0.037368 0.063692
vt 0.013563 0.238499
vt 0.013572 0.113622
vt 0.013193 0.088668
vt 0.013716 0.063675
vt 0.000222 0.113625
vt 0.000222 0.088650
vt 0.001009 0.063675
vt 0.912365 0.486385
vt 0.912366 0.499716
vt 0.937340 0.486021
vt 0.937341 0.499026
vt 0.912363 0.462263
vt 0.937338 0.462261
vt 0.037685 0.038700
vt 0.037685 0.014578
vt 0.037685 0.001238
vt 0.513582 0.037724
vt 0.500241 0.037726
vt 0.537694 0.037717
vt 0.015767 0.038697
vt 0.513462 0.013485
vt 0.500239 0.013261
vt 0.537704 0.013616
vt 0.006691 0.038698
vt 0.962353 0.481952
vt 0.962318 0.495100
vt 0.986554 0.486496
vt 0.999777 0.486721
vt 0.513235 0.000262
vt 0.500238 0.000263
vt 0.962544 0.458828
vt 0.986659 0.461270
vt 0.999778 0.462245
vt 0.537711 0.000344
vt 0.762512 0.437300
vt 0.762585 0.412109
vt 0.787540 0.412173
vt 0.787542 0.386812
vt 0.812458 0.387341
vt 0.887369 0.387428
vt 0.912330 0.362418
vt 0.837384 0.287713
vt 0.862350 0.262786
vt 0.562649 0.037757
vt 0.587639 0.037740
vt 0.612633 0.037721
vt 0.637713 0.037746
vt 0.662578 0.037712
vt 0.687414 0.037713
vt 0.712488 0.037776
vt 0.737503 0.037705
vt 0.564569 0.023425
vt 0.590043 0.022671
vt 0.612681 0.013863
vt 0.637611 0.013760
vt 0.662583 0.014022
vt 0.687551 0.013809
vt 0.712529 0.013692
vt 0.737493 0.013686
vt 0.962328 0.437208
vt 0.986647 0.433330
vt 0.999478 0.435731
vt 0.564225 0.007458
vt 0.985887 0.411202
vt 0.998297 0.409748
vt 0.590209 0.010044
vt 0.986415 0.387321
vt 0.998664 0.386315
vt 0.613642 0.006276
vt 0.986406 0.362353
vt 0.998910 0.362193
vt 0.637764 0.005291
vt 0.986418 0.337382
vt 0.998969 0.337325
vt 0.662632 0.005059
vt 0.986414 0.312408
vt 0.998932 0.312407
vt 0.687550 0.005405
vt 0.986409 0.287431
vt 0.998568 0.287171
vt 0.712786 0.006964
vt 0.986407 0.262458
vt 0.998935 0.262456
vt 0.737501 0.005143
vt 0.237484 0.113625
vt 0.187534 0.138600
vt 0.162559 0.138600
vt 0.112609 0.238499
vt 0.112609 0.213524
vt 0.112609 0.188549
vt 0.112609 0.138600
vt 0.087634 0.213524
vt 0.087634 0.188549
vt 0.087634 0.163574
vt 0.062660 0.163574
vt 0.062660 0.138600
vt 0.062660 0.063675
vt 0.237484 0.014692
vt 0.237484 0.001498
vt 0.513602 0.237523
vt 0.500259 0.237525
vt 0.537722 0.237521
vt 0.212509 0.038701
vt 0.212398 0.016703
vt 0.212359 0.004923
vt 0.513630 0.211761
vt 0.500262 0.212400
vt 0.537734 0.212047
vt 0.187528 0.038731
vt 0.186832 0.018280
vt 0.186829 0.005263
vt 0.211721 0.021123
vt 0.183327 0.024713
vt 0.537822 0.184213
vt 0.513686 0.183367
vt 0.162304 0.039550
vt 0.159289 0.025966
vt 0.160572 0.008279
vt 0.155005 0.028854
vt 0.537682 0.159012
vt 0.513356 0.155045
vt 0.136635 0.042473
vt 0.128606 0.050648
vt 0.133255 0.018855
vt 0.130226 0.029440
vt 0.537695 0.136735
vt 0.513973 0.130266
vt 0.111863 0.041856
vt 0.102505 0.056421
vt 0.108774 0.018915
vt 0.514495 0.109809
vt 0.501505 0.108815
vt 0.500717 0.133296
vt 0.537716 0.112607
vt 0.087617 0.038751
vt 0.473066 0.542084
vt 0.473066 0.501179
vt 0.471302 0.524239
vt 0.471286 0.527351
vt 0.087485 0.001785
vt 0.087349 0.015624
vt 0.513576 0.087625
vt 0.500291 0.087526
vt 0.536518 0.088968
vt 0.062660 0.014581
vt 0.062660 0.001238
vt 0.513566 0.062719
vt 0.537107 0.063363
vt 0.562698 0.237471
vt 0.598367 0.592818
vt 0.573768 0.590083
vt 0.573868 0.566441
vt 0.598367 0.563556
vt 0.612862 0.234310
vt 0.587942 0.232742
vt 0.637622 0.237501
vt 0.662595 0.237511
vt 0.687579 0.237510
vt 0.712589 0.237489
vt 0.737545 0.237495
vt 0.562694 0.212540
vt 0.587921 0.209444
vt 0.613379 0.205303
vt 0.637657 0.212240
vt 0.662600 0.212569
vt 0.045836 0.526166
vt 0.000222 0.526999
vt 0.041744 0.501207
vt 0.046530 0.501179
vt 0.046095 0.551175
vt 0.005457 0.553696
vt 0.046530 0.576130
vt 0.031370 0.577161
vt 0.562692 0.187558
vt 0.587676 0.187463
vt 0.573768 0.500893
vt 0.573965 0.530078
vt 0.598953 0.531683
vt 0.598953 0.517288
vt 0.637617 0.187558
vt 0.612687 0.187156
vt 0.662593 0.187570
vt 0.443877 0.546434
vt 0.418895 0.512662
vt 0.418880 0.501179
vt 0.443877 0.504802
vt 0.034881 0.551873
vt 0.033974 0.526397
vt 0.738510 0.212180
vt 0.737749 0.187471
vt 0.713234 0.187297
vt 0.714933 0.211639
vt 0.562689 0.162588
vt 0.687755 0.187591
vt 0.712537 0.162583
vt 0.737453 0.162473
vt 0.587661 0.137613
vt 0.612618 0.137523
vt 0.637609 0.137602
vt 0.687561 0.137609
vt 0.712251 0.137755
vt 0.735557 0.136473
vt 0.562630 0.112503
vt 0.587267 0.111077
vt 0.612381 0.111536
vt 0.637599 0.112578
vt 0.712462 0.112672
vt 0.737022 0.112495
vt 0.086135 0.527390
vt 0.050422 0.525138
vt 0.066638 0.501179
vt 0.086942 0.502479
vt 0.073698 0.551964
vt 0.046975 0.550589
vt 0.612378 0.086659
vt 0.586028 0.079897
vt 0.637607 0.087663
vt 0.560560 0.086700
vt 0.561938 0.062915
vt 0.084548 0.552292
vt 0.075221 0.526646
vt 0.078070 0.577100
vt 0.086942 0.577398
vt 0.612629 0.062679
vt 0.037685 0.188549
vt 0.037858 0.163595
vt 0.037686 0.138599
vt 0.037685 0.113625
vt 0.037685 0.088650
vt 0.037685 0.063675
vt 0.013771 0.188580
vt 0.017435 0.163978
vt 0.014872 0.138589
vt 0.013563 0.113625
vt 0.013563 0.088650
vt 0.013563 0.063675
vt 0.500256 0.212550
vt 0.513597 0.212548
vt 0.000391 0.188576
vt 0.500252 0.187601
vt 0.513585 0.187798
vt 0.537762 0.187800
vt 0.003500 0.163847
vt 0.500233 0.162873
vt 0.513559 0.164695
vt 0.104713 0.501179
vt 0.087386 0.526138
vt 0.125624 0.525634
vt 0.126738 0.501469
vt 0.002087 0.138573
vt 0.011882 0.138545
vt 0.023761 0.165671
vt 0.513527 0.137570
vt 0.537782 0.137784
vt 0.538725 0.165397
vt 0.000223 0.113625
vt 0.500248 0.112650
vt 0.513588 0.112648
vt 0.500237 0.137599
vt 0.537710 0.112647
vt 0.000222 0.088650
vt 0.000222 0.063675
vt 0.562695 0.237520
vt 0.587314 0.237796
vt 0.611522 0.237296
vt 0.637443 0.235934
vt 0.662589 0.237487
vt 0.687575 0.237473
vt 0.712680 0.237257
vt 0.737666 0.237184
vt 0.612643 0.212540
vt 0.637618 0.212537
vt 0.687568 0.212529
vt 0.712543 0.212531
vt 0.737525 0.212513
vt 0.562816 0.187491
vt 0.587699 0.187519
vt 0.089678 0.552360
vt 0.125583 0.550690
vt 0.096583 0.576732
vt 0.126738 0.575589
vt 0.589204 0.158501
vt 0.612714 0.162059
vt 0.117772 0.525563
vt 0.123145 0.550789
vt 0.562940 0.137276
vt 0.588795 0.129045
vt 0.564916 0.161063
vt 0.613012 0.133969
vt 0.637612 0.137611
vt 0.712536 0.137607
vt 0.737569 0.138030
vt 0.587725 0.112038
vt 0.612696 0.112137
vt 0.637610 0.112638
vt 0.712524 0.112918
vt 0.737517 0.112690
vt 0.687559 0.087674
vt 0.712554 0.087808
vt 0.687554 0.062698
vt 0.537704 0.037722
vt 0.013563 0.038700
vt 0.537702 0.013601
vt 0.500241 0.037726
vt 0.537704 0.037722
vt 0.500239 0.013261
vt 0.537701 0.000260
vt 0.562679 0.037720
vt 0.587536 0.062292
vt 0.587653 0.037718
vt 0.612628 0.037716
vt 0.637603 0.037714
vt 0.662578 0.037712
vt 0.687553 0.037710
vt 0.712528 0.037708
vt 0.562677 0.013599
vt 0.587651 0.013597
vt 0.612626 0.013595
vt 0.637601 0.013592
vt 0.662576 0.013590
vt 0.687551 0.013588
vt 0.712526 0.013586
vt 0.737501 0.013813
vt 0.562679 0.037720
vt 0.587653 0.037718
vt 0.662578 0.037712
vt 0.562677 0.013599
vt 0.612626 0.013594
vt 0.637601 0.013592
vt 0.737501 0.013949
vt 0.562675 0.000258
vt 0.587650 0.000256
vt 0.612625 0.000254
vt 0.637600 0.000252
vt 0.662575 0.000250
vt 0.687550 0.000247
vt 0.712525 0.000245
vt 0.737505 0.003130
vt 0.737505 0.002890
vt 0.762494 0.237502
vt 0.787469 0.237500
vt 0.812444 0.237498
vt 0.837419 0.237496
vt 0.862394 0.237494
vt 0.887369 0.237492
vt 0.912344 0.237489
vt 0.937319 0.237487
vt 0.762492 0.212527
vt 0.787467 0.212525
vt 0.812442 0.212523
vt 0.837417 0.212521
vt 0.862392 0.212519
vt 0.887367 0.212517
vt 0.912342 0.212515
vt 0.937316 0.212512
vt 0.762490 0.187552
vt 0.787465 0.187550
vt 0.812440 0.187548
vt 0.837415 0.187546
vt 0.862390 0.187544
vt 0.887365 0.187542
vt 0.912339 0.187540
vt 0.937314 0.187538
vt 0.762488 0.162578
vt 0.787463 0.162575
vt 0.812438 0.162573
vt 0.837413 0.162571
vt 0.862388 0.162569
vt 0.887362 0.162567
vt 0.912337 0.162565
vt 0.937312 0.162563
vt 0.762486 0.137603
vt 0.787461 0.137601
vt 0.812436 0.137598
vt 0.837411 0.137596
vt 0.862385 0.137594
vt 0.887360 0.137592
vt 0.912335 0.137590
vt 0.937310 0.137588
vt 0.762484 0.112628
vt 0.787459 0.112626
vt 0.812434 0.112624
vt 0.837408 0.112621
vt 0.862383 0.112619
vt 0.887358 0.112617
vt 0.912333 0.112615
vt 0.937308 0.112613
vt 0.762482 0.087653
vt 0.787457 0.087651
vt 0.812431 0.087649
vt 0.837406 0.087647
vt 0.862381 0.087644
vt 0.887356 0.087642
vt 0.912331 0.087640
vt 0.937306 0.087638
vt 0.762480 0.062678
vt 0.787454 0.062676
vt 0.812429 0.062674
vt 0.837404 0.062672
vt 0.862379 0.062670
vt 0.887354 0.062667
vt 0.912329 0.062665
vt 0.937304 0.062663
vt 0.862394 0.237493
vt 0.887309 0.236555
vt 0.912285 0.236149
vt 0.937343 0.237651
vt 0.762500 0.212525
vt 0.887368 0.212525
vt 0.912666 0.214146
vt 0.938401 0.217852
vt 0.762490 0.187552
vt 0.787459 0.187557
vt 0.812438 0.187551
vt 0.862390 0.187544
vt 0.887578 0.189256
vt 0.913406 0.195708
vt 0.937851 0.190123
vt 0.761823 0.160586
vt 0.243779 0.526365
vt 0.206522 0.526592
vt 0.228958 0.501179
vt 0.243905 0.501381
vt 0.243905 0.551352
vt 0.218029 0.551975
vt 0.837413 0.162571
vt 0.812255 0.162812
vt 0.862385 0.162628
vt 0.887340 0.167637
vt 0.912541 0.165806
vt 0.937314 0.162577
vt 0.760590 0.131907
vt 0.786528 0.161967
vt 0.786837 0.136713
vt 0.812371 0.137682
vt 0.862385 0.137610
vt 0.127183 0.596234
vt 0.127772 0.567171
vt 0.153564 0.566481
vt 0.153564 0.591501
vt 0.912322 0.137868
vt 0.887312 0.138570
vt 0.937310 0.137588
vt 0.244349 0.525504
vt 0.278243 0.530726
vt 0.275775 0.505024
vt 0.252565 0.501179
vt 0.260128 0.553498
vt 0.278243 0.555975
vt 0.787459 0.112625
vt 0.887358 0.112618
vt 0.937308 0.112612
vt 0.762341 0.112206
vt 0.937306 0.087638
vt 0.962293 0.237485
vt 0.986415 0.237483
vt 0.962294 0.237489
vt 0.986415 0.237483
vt 0.999756 0.237482
vt 0.962291 0.212510
vt 0.986413 0.212508
vt 0.962344 0.212857
vt 0.986413 0.212508
vt 0.999753 0.212507
vt 0.962289 0.187535
vt 0.986411 0.187533
vt 0.962296 0.187570
vt 0.986411 0.187533
vt 0.999751 0.187532
vt 0.962287 0.162561
vt 0.986409 0.162558
vt 0.999749 0.162557
vt 0.999748 0.162557
vt 0.962285 0.137586
vt 0.986214 0.137575
vt 0.962299 0.137236
vt 0.986417 0.137336
vt 0.999748 0.137565
vt 0.999292 0.137565
vt 0.962283 0.112611
vt 0.985670 0.112528
vt 0.962361 0.111270
vt 0.986483 0.111331
vt 0.999753 0.112484
vt 0.998624 0.112484
vt 0.962270 0.087634
vt 0.984348 0.087316
vt 0.962396 0.086350
vt 0.986640 0.085102
vt 0.999778 0.087270
vt 0.997319 0.087270
vt 0.959364 0.061951
vt 0.961554 0.056548
vt 0.962383 0.061742
vt 0.986708 0.056922
vt 0.988692 0.060061
vt 0.970524 0.056923
vt 0.982580 0.085102
vt 0.762495 0.237502
vt 0.887330 0.237756
vt 0.912342 0.212515
vt 0.787515 0.187557
vt 0.812966 0.186755
vt 0.837831 0.187183
vt 0.787472 0.162584
vt 0.812675 0.162086
vt 0.838052 0.158893
vt 0.862406 0.162420
vt 0.937312 0.162563
vt 0.762486 0.137604
vt 0.837458 0.137262
vt 0.862511 0.136771
vt 0.837408 0.112621
vt 0.862384 0.112615
vt 0.762477 0.037703
vt 0.787452 0.037701
vt 0.812427 0.037699
vt 0.837402 0.037697
vt 0.862377 0.037695
vt 0.887352 0.037697
vt 0.912327 0.037691
vt 0.937302 0.037688
vt 0.762541 0.013700
vt 0.787449 0.013944
vt 0.812460 0.014657
vt 0.837430 0.014262
vt 0.861831 0.014441
vt 0.892441 0.047092
vt 0.912678 0.014752
vt 0.937313 0.014519
vt 0.986404 0.237481
vt 0.998644 0.237246
vt 0.762711 0.006028
vt 0.986406 0.212508
vt 0.998991 0.212522
vt 0.787435 0.004495
vt 0.986406 0.187533
vt 0.999352 0.187503
vt 0.812454 0.001981
vt 0.986405 0.162558
vt 0.999369 0.162521
vt 0.837435 0.001074
vt 0.962285 0.137586
vt 0.986400 0.137604
vt 0.999046 0.139393
vt 0.860564 0.003377
vt 0.962341 0.112484
vt 0.986320 0.110425
vt 0.998018 0.108464
vt 0.891494 0.019234
vt 0.962281 0.087636
vt 0.986404 0.087604
vt 0.317342 0.583780
vt 0.304306 0.583646
vt 0.305679 0.565210
vt 0.317342 0.552408
vt 0.912538 0.000800
vt 0.962279 0.062661
vt 0.986399 0.062659
vt 0.999421 0.062647
vt 0.999439 0.087418
vt 0.937309 0.000991
vt 0.887352 0.037693
vt 0.762530 0.017226
vt 0.787519 0.016297
vt 0.812534 0.017009
vt 0.837400 0.013576
vt 0.862375 0.013573
vt 0.887350 0.013571
vt 0.912325 0.013569
vt 0.937299 0.013567
vt 0.762477 0.037703
vt 0.787452 0.037701
vt 0.837402 0.037697
vt 0.862377 0.037695
vt 0.912327 0.037690
vt 0.762560 0.018441
vt 0.787736 0.016314
vt 0.812714 0.016308
vt 0.837400 0.013576
vt 0.862375 0.013573
vt 0.937299 0.013567
vt 0.762582 0.008643
vt 0.762582 0.007905
vt 0.787589 0.002335
vt 0.787589 0.005406
vt 0.812645 0.003373
vt 0.812646 0.007700
vt 0.837399 0.000235
vt 0.837399 0.000235
vt 0.862374 0.000232
vt 0.887349 0.000230
vt 0.912323 0.000228
vt 0.937298 0.000226
vt 0.959202 0.036818
vt 0.947383 0.026289
vt 0.962269 0.037519
vt 0.969971 0.030202
vt 0.998999 0.037516
vt 0.994472 0.061739
vt 0.979948 0.032226
vt 0.962083 0.014424
vt 0.413464 0.578560
vt 0.413464 0.540233
vt 0.411778 0.552171
vt 0.412152 0.555037
vt 0.962274 0.013562
vt 0.985487 0.030200
vt 0.986497 0.013264
vt 0.237426 0.566850
vt 0.237192 0.585674
vt 0.250300 0.585455
vt 0.250300 0.556419
vt 0.998751 0.013222
vt 0.985643 0.013975
vt 0.962276 0.037686
vt 0.986396 0.037685
vt 0.999374 0.037867
vt 0.962090 0.001058
vt 0.962274 0.013565
vt 0.986511 0.013448
vt 0.999356 0.013833
vt 0.986124 0.001106
vt 0.962273 0.000224
vt 0.986737 0.000227
vt 0.986737 0.000222
vt 0.999613 0.000772
vt 0.999605 0.013222
vt 0.999613 0.000340
vt 0.999184 0.000340
s 1
usemtl Material.003
f 5/1/1 4/2/1 1/3/1 2/4/1
f 6/5/2 5/1/2 2/4/2 3/6/2
f 8/7/3 7/8/3 4/2/3 5/1/3
f 9/9/4 8/7/4 5/1/4 6/5/4
f 11/10/5 2/11/6 1/12/6 10/13/6
f 12/14/7 3/15/7 2/11/7 11/10/7
f 4/16/8 13/17/9 10/18/9 1/19/8
f 7/20/10 14/21/11 13/17/12 4/16/10
f 8/7/13 15/22/13 14/23/13 7/8/13
f 17/24/14 11/10/5 10/13/6 16/25/15
f 18/26/16 12/14/17 11/10/5 17/24/14
f 13/17/9 19/27/18 16/28/18 10/18/9
f 14/21/11 20/29/19 19/27/19 13/17/12
f 29/30/20 6/5/20 3/6/20 21/31/20
f 30/32/21 29/30/22 21/31/22 22/33/21
f 31/34/23 30/32/21 22/33/21 23/35/23
f 32/36/23 31/34/23 23/35/23 24/37/23
f 33/38/23 32/36/23 24/37/23 25/39/23
f 34/40/23 33/38/23 25/39/23 26/41/23
f 35/42/23 34/40/23 26/41/23 27/43/23
f 36/44/24 35/42/24 27/43/24 28/45/24
f 37/46/25 9/9/25 6/5/25 29/30/25
f 38/47/3 37/46/3 29/30/3 30/32/3
f 39/48/3 38/47/3 30/32/3 31/34/3
f 40/49/3 39/48/3 31/34/3 32/36/3
f 41/50/26 40/49/3 32/36/3 33/38/26
f 42/51/27 41/50/27 33/38/27 34/40/27
f 43/52/28 42/51/28 34/40/28 35/42/28
f 44/53/29 43/52/29 35/42/29 36/44/29
f 45/54/30 21/55/30 3/15/30 12/14/30
f 46/56/31 22/57/32 21/55/33 45/54/34
f 47/58/6 23/59/6 22/57/32 46/56/31
f 48/60/6 24/61/6 23/59/6 47/58/6
f 49/62/6 25/63/6 24/61/6 48/60/6
f 50/64/6 26/65/6 25/63/6 49/62/6
f 51/66/35 27/67/6 26/65/6 50/64/6
f 52/68/36 28/69/36 27/67/37 51/66/37
f 53/70/38 45/54/34 12/14/17 18/26/16
f 54/71/6 46/56/31 45/54/34 53/70/38
f 55/72/6 47/58/6 46/56/31 54/71/6
f 56/73/6 48/60/6 47/58/6 55/72/6
f 57/74/6 49/62/6 48/60/6 56/73/6
f 58/75/6 50/64/6 49/62/6 57/74/6
f 59/76/39 51/66/35 50/64/6 58/75/6
f 60/77/40 52/68/41 51/66/35 59/76/39
f 62/78/42 61/79/42 8/7/42 9/9/42
f 64/80/43 63/81/43 14/21/43 15/82/43
f 61/83/44 64/80/44 15/82/44 8/84/44
f 62/78/45 65/85/45 64/86/45 61/79/45
f 67/87/46 66/88/46 64/86/46 65/85/46
f 69/89/47 68/90/47 66/88/47 67/87/47
f 71/91/3 70/92/3 68/90/48 69/89/49
f 73/93/3 72/94/3 70/92/3 71/91/3
f 75/95/3 74/96/3 72/94/3 73/93/3
f 77/97/3 76/98/3 74/96/3 75/95/3
f 79/99/3 78/100/3 76/98/3 77/97/3
f 63/81/50 80/101/50 20/29/50 14/21/50
f 64/80/51 81/102/51 80/101/51 63/81/51
f 66/103/52 82/104/52 81/102/52 64/80/52
f 68/105/53 83/106/53 82/104/53 66/103/53
f 70/107/54 84/108/55 83/106/56 68/105/56
f 72/109/10 85/110/57 84/108/55 70/107/54
f 74/111/10 86/112/10 85/110/57 72/109/10
f 76/113/10 87/114/10 86/112/10 74/111/10
f 78/115/10 88/116/10 87/114/10 76/113/10
f 89/117/58 62/78/58 9/9/58 37/46/58
f 90/118/59 89/117/59 37/46/59 38/47/59
f 91/119/60 90/118/60 38/47/60 39/48/60
f 92/120/61 91/119/61 39/48/61 40/49/61
f 93/121/62 92/120/62 40/49/62 41/50/62
f 94/122/63 93/121/63 41/50/63 42/51/63
f 95/123/64 94/122/64 42/51/64 43/52/64
f 96/124/65 95/123/65 43/52/65 44/53/65
f 89/117/66 97/125/66 65/85/66 62/78/66
f 90/118/67 98/126/67 97/125/67 89/117/67
f 91/119/68 99/127/68 98/126/68 90/118/68
f 92/120/69 100/128/69 99/127/69 91/119/69
f 93/121/70 101/129/70 100/128/70 92/120/70
f 94/122/71 102/130/71 101/129/71 93/121/71
f 95/123/72 103/131/48 102/130/73 94/122/74
f 96/124/3 104/132/3 103/131/48 95/123/72
f 105/133/75 67/87/75 65/85/76 97/125/76
f 106/134/77 105/133/77 97/125/77 98/126/77
f 107/135/78 106/134/78 98/126/78 99/127/78
f 108/136/79 107/135/79 99/127/79 100/128/79
f 109/137/80 108/136/80 100/128/80 101/129/80
f 110/138/48 109/137/81 101/129/82 102/130/73
f 111/139/3 110/138/48 102/130/73 103/131/48
f 112/140/3 111/139/3 103/131/48 104/132/3
f 113/141/49 69/89/49 67/87/75 105/133/75
f 114/142/83 113/141/83 105/133/83 106/134/83
f 115/143/84 114/142/84 106/134/84 107/135/84
f 116/144/3 115/143/85 107/135/3 108/136/3
f 117/145/3 116/144/3 108/136/3 109/137/81
f 118/146/3 117/145/3 109/137/81 110/138/48
f 119/147/3 118/146/3 110/138/48 111/139/3
f 120/148/3 119/147/3 111/139/3 112/140/3
f 121/149/3 71/91/3 69/89/49 113/141/49
f 122/150/86 121/149/86 113/141/86 114/142/86
f 123/151/87 122/150/87 114/142/87 115/143/87
f 124/152/85 123/151/85 115/143/85 116/144/3
f 125/153/3 124/152/85 116/144/3 117/145/3
f 126/154/3 125/153/3 117/145/3 118/146/3
f 127/155/3 126/154/3 118/146/3 119/147/3
f 128/156/3 127/155/3 119/147/3 120/148/3
f 129/157/3 73/93/3 71/91/3 121/149/3
f 130/158/88 129/157/88 121/149/88 122/150/88
f 131/159/89 130/158/89 122/150/89 123/151/89
f 132/160/48 131/159/48 123/151/85 124/152/85
f 133/161/3 132/160/48 124/152/85 125/153/3
f 134/162/3 133/161/3 125/153/3 126/154/3
f 135/163/3 134/162/3 126/154/3 127/155/3
f 136/164/3 135/163/3 127/155/3 128/156/3
f 137/165/3 75/95/3 73/93/3 129/157/3
f 138/166/3 137/165/3 129/157/3 130/158/3
f 139/167/90 138/166/90 130/158/90 131/159/90
f 140/168/91 139/167/91 131/159/91 132/160/91
f 141/169/92 140/168/92 132/160/92 133/161/92
f 142/170/93 141/169/93 133/161/93 134/162/93
f 143/171/85 142/170/85 134/162/3 135/163/3
f 144/172/3 143/171/85 135/163/3 136/164/3
f 145/173/3 77/97/3 75/95/3 137/165/3
f 146/174/3 145/173/3 137/165/3 138/166/3
f 147/175/94 146/174/94 138/166/94 139/167/94
f 148/176/95 147/175/95 139/167/95 140/168/95
f 149/177/96 148/178/96 140/179/96 141/180/96
f 150/181/97 149/177/97 141/180/97 142/182/97
f 151/183/98 150/184/98 142/170/98 143/171/98
f 152/185/90 151/183/90 143/171/90 144/172/90
f 153/186/3 79/99/3 77/97/3 145/173/3
f 154/187/99 153/186/99 145/173/99 146/174/99
f 155/188/100 154/187/100 146/174/100 147/175/100
f 156/189/101 155/188/101 147/175/101 148/176/101
f 157/190/102 156/191/102 148/192/102 149/193/102
f 158/194/103 157/190/103 149/193/103 150/195/103
f 159/196/104 158/197/104 150/184/104 151/183/104
f 160/198/105 159/196/105 151/183/105 152/185/105
f 162/199/106 17/24/14 16/25/15 161/200/107
f 163/201/108 18/26/16 17/24/14 162/199/106
f 19/27/109 164/202/109 161/203/109 16/28/109
f 20/29/110 165/204/110 164/202/110 19/27/110
f 167/205/111 162/199/106 161/200/107 166/206/112
f 168/207/113 163/201/108 162/199/106 167/205/111
f 164/202/114 169/208/114 166/209/114 161/203/114
f 165/204/115 170/210/115 169/208/115 164/202/115
f 172/211/116 167/205/111 166/206/112 171/212/117
f 173/213/118 168/207/113 167/205/111 172/211/116
f 169/208/119 174/214/119 171/215/119 166/209/119
f 170/210/120 175/216/120 174/214/120 169/208/120
f 177/217/121 172/211/116 171/212/117 176/218/122
f 178/219/123 173/213/118 172/211/116 177/217/121
f 174/214/124 179/220/124 176/221/124 171/215/124
f 175/216/125 180/222/125 179/220/125 174/214/125
f 182/223/6 177/217/121 176/218/122 181/224/6
f 183/225/6 178/219/123 177/217/121 182/223/6
f 179/220/126 184/226/127 181/227/127 176/221/126
f 180/222/128 185/228/129 184/226/130 179/220/131
f 187/229/6 182/223/6 181/224/6 186/230/6
f 188/231/6 183/225/6 182/223/6 187/229/6
f 184/226/127 189/232/132 186/233/132 181/227/127
f 185/228/129 190/234/10 189/232/10 184/226/130
f 192/235/6 187/229/6 186/230/6 191/236/6
f 193/237/6 188/231/6 187/229/6 192/235/6
f 189/232/132 194/238/132 191/239/132 186/233/132
f 190/234/10 195/240/10 194/238/10 189/232/10
f 197/241/6 192/235/6 191/236/6 196/242/6
f 198/243/6 193/237/6 192/235/6 197/241/6
f 194/238/132 199/244/132 196/245/132 191/239/132
f 195/240/10 200/246/133 199/244/133 194/238/10
f 201/247/6 53/70/38 18/26/16 163/201/108
f 202/248/6 54/71/6 53/70/38 201/247/6
f 203/249/6 55/72/6 54/71/6 202/248/6
f 204/250/6 56/73/6 55/72/6 203/249/6
f 205/251/6 57/74/6 56/73/6 204/250/6
f 206/252/6 58/75/6 57/74/6 205/251/6
f 207/253/6 59/76/39 58/75/6 206/252/6
f 208/254/6 60/77/40 59/76/39 207/253/6
f 209/255/6 201/247/6 163/201/108 168/207/113
f 210/256/6 202/248/6 201/247/6 209/255/6
f 211/257/6 203/249/6 202/248/6 210/256/6
f 212/258/6 204/250/6 203/249/6 211/257/6
f 213/259/6 205/251/6 204/250/6 212/258/6
f 214/260/6 206/252/6 205/251/6 213/259/6
f 215/261/6 207/253/6 206/252/6 214/260/6
f 216/262/6 208/254/6 207/253/6 215/261/6
f 217/263/134 209/255/134 168/207/134 173/213/134
f 218/264/135 210/256/135 209/255/135 217/263/135
f 219/265/136 211/257/136 210/256/136 218/264/136
f 220/266/6 212/258/6 211/257/6 219/265/6
f 221/267/137 213/259/137 212/258/137 220/266/137
f 222/268/138 214/260/138 213/259/138 221/267/138
f 223/269/139 215/261/139 214/260/139 222/268/139
f 224/270/140 216/262/140 215/261/140 223/269/140
f 225/271/141 217/263/141 173/213/141 178/219/141
f 226/272/142 218/264/142 217/263/142 225/271/142
f 227/273/143 219/265/143 218/264/143 226/272/143
f 228/274/6 220/266/6 219/265/6 227/273/6
f 229/275/144 221/267/144 220/266/144 228/274/144
f 230/276/145 222/268/145 221/267/145 229/275/145
f 231/277/146 223/269/146 222/268/146 230/276/146
f 232/278/147 224/270/147 223/269/147 231/277/147
f 233/279/6 225/271/6 178/219/123 183/225/6
f 234/280/6 226/272/6 225/271/6 233/279/6
f 235/281/6 227/273/6 226/272/6 234/280/6
f 236/282/6 228/274/6 227/273/6 235/281/6
f 237/283/6 229/275/6 228/274/6 236/282/6
f 238/284/6 230/276/6 229/275/6 237/283/6
f 239/285/6 231/277/6 230/276/6 238/284/6
f 240/286/6 232/278/6 231/277/6 239/285/6
f 241/287/6 233/279/6 183/225/6 188/231/6
f 242/288/6 234/280/6 233/279/6 241/287/6
f 243/289/6 235/281/6 234/280/6 242/288/6
f 244/290/6 236/282/6 235/281/6 243/289/6
f 245/291/6 237/283/6 236/282/6 244/290/6
f 246/292/6 238/284/6 237/283/6 245/291/6
f 247/293/6 239/285/6 238/284/6 246/292/6
f 248/294/6 240/286/6 239/285/6 247/293/6
f 249/295/6 241/287/6 188/231/6 193/237/6
f 250/296/6 242/288/6 241/287/6 249/295/6
f 251/297/6 243/289/6 242/288/6 250/296/6
f 252/298/6 244/290/6 243/289/6 251/297/6
f 253/299/6 245/291/6 244/290/6 252/298/6
f 254/300/6 246/292/6 245/291/6 253/299/6
f 255/301/6 247/293/6 246/292/6 254/300/6
f 256/302/6 248/294/6 247/293/6 255/301/6
f 257/303/6 249/295/6 193/237/6 198/243/6
f 258/304/6 250/296/6 249/295/6 257/303/6
f 259/305/6 251/297/6 250/296/6 258/304/6
f 260/306/6 252/298/6 251/297/6 259/305/6
f 261/307/6 253/299/6 252/298/6 260/306/6
f 262/308/6 254/300/6 253/299/6 261/307/6
f 263/309/6 255/301/6 254/300/6 262/308/6
f 264/310/6 256/302/6 255/301/6 263/309/6
f 80/101/148 265/311/148 165/204/148 20/29/148
f 81/102/149 266/312/149 265/311/149 80/101/149
f 82/104/150 267/313/150 266/312/150 81/102/150
f 83/106/151 268/314/151 267/313/151 82/104/151
f 84/108/152 269/315/152 268/314/152 83/106/152
f 85/110/57 270/316/153 269/315/154 84/108/55
f 86/112/10 271/317/10 270/316/153 85/110/57
f 87/114/10 272/318/10 271/317/10 86/112/10
f 88/116/10 273/319/10 272/318/10 87/114/10
f 265/311/155 274/320/155 170/210/155 165/204/155
f 266/312/156 275/321/156 274/320/156 265/311/156
f 267/313/157 276/322/157 275/321/157 266/312/157
f 268/314/158 277/323/158 276/322/158 267/313/158
f 269/315/159 278/324/159 277/323/159 268/314/159
f 270/316/153 279/325/160 278/324/161 269/315/154
f 271/317/10 280/326/10 279/325/160 270/316/153
f 272/318/10 281/327/10 280/326/10 271/317/10
f 273/319/10 282/328/10 281/327/10 272/318/10
f 274/320/162 283/329/162 175/216/162 170/210/162
f 275/321/163 284/330/163 283/329/163 274/320/163
f 276/322/129 285/331/164 284/330/165 275/321/129
f 277/323/166 286/332/166 285/331/166 276/322/166
f 278/324/167 287/333/167 286/332/167 277/323/167
f 279/325/168 288/334/168 287/333/168 278/324/168
f 280/326/10 289/335/10 288/334/10 279/325/160
f 281/327/10 290/336/10 289/335/10 280/326/10
f 282/328/10 291/337/10 290/336/10 281/327/10
f 283/329/169 292/338/169 180/222/169 175/216/169
f 284/330/165 293/339/10 292/338/170 283/329/10
f 285/331/164 294/340/10 293/339/10 284/330/165
f 286/332/171 295/341/171 294/340/171 285/331/171
f 287/333/172 296/342/172 295/341/172 286/332/172
f 288/334/173 297/343/173 296/342/173 287/333/173
f 289/335/10 298/344/174 297/343/175 288/334/10
f 290/336/10 299/345/10 298/344/174 289/335/10
f 291/337/10 300/346/10 299/345/10 290/336/10
f 292/338/170 301/347/176 185/228/129 180/222/128
f 293/339/10 302/348/10 301/347/176 292/338/170
f 294/340/10 303/349/177 302/348/10 293/339/10
f 295/341/178 304/350/178 303/349/178 294/340/178
f 296/342/179 305/351/179 304/350/179 295/341/179
f 297/343/180 306/352/180 305/351/180 296/342/180
f 298/344/174 307/353/181 306/352/182 297/343/175
f 299/345/10 308/354/10 307/353/181 298/344/174
f 300/346/10 309/355/10 308/354/10 299/345/10
f 301/347/176 310/356/10 190/234/10 185/228/129
f 302/348/10 311/357/10 310/356/10 301/347/176
f 303/349/177 312/358/183 311/357/10 302/348/10
f 304/350/184 313/359/185 312/358/183 303/349/177
f 305/351/186 314/360/186 313/359/186 304/350/186
f 306/352/187 315/361/187 314/360/187 305/351/187
f 307/353/188 316/362/188 315/361/188 306/352/188
f 308/354/10 317/363/10 316/362/133 307/353/181
f 309/355/10 318/364/10 317/363/10 308/354/10
f 310/356/10 319/365/10 195/240/10 190/234/10
f 311/357/10 320/366/10 319/365/10 310/356/10
f 312/358/183 321/367/189 320/366/10 311/357/10
f 313/359/185 322/368/190 321/367/189 312/358/183
f 314/360/191 323/369/191 322/368/191 313/359/191
f 315/361/192 324/370/192 323/369/192 314/360/192
f 316/362/193 325/371/193 324/370/193 315/361/193
f 317/363/10 326/372/10 325/371/194 316/362/133
f 318/364/10 327/373/10 326/372/10 317/363/10
f 319/365/10 328/374/133 200/246/133 195/240/10
f 320/366/10 329/375/10 328/374/133 319/365/10
f 321/367/189 330/376/10 329/375/10 320/366/10
f 322/368/190 331/377/133 330/376/10 321/367/189
f 323/369/195 332/378/195 331/377/195 322/368/195
f 324/370/196 333/379/196 332/378/196 323/369/196
f 325/371/197 334/380/197 333/379/197 324/370/197
f 326/372/10 335/381/10 334/380/198 325/371/194
f 327/373/10 336/382/10 335/381/10 326/372/10
f 345/383/199 36/44/199 28/45/199 337/384/199
f 346/385/23 345/383/23 337/384/23 338/386/23
f 347/387/200 346/385/200 338/386/200 339/388/200
f 348/389/201 347/387/201 339/388/201 340/390/201
f 349/391/23 348/389/23 340/390/23 341/392/23
f 350/393/23 349/391/23 341/392/23 342/394/23
f 351/395/202 350/393/202 342/394/202 343/396/202
f 352/397/203 351/395/203 343/396/203 344/398/203
f 353/399/204 44/53/204 36/44/204 345/383/204
f 354/400/3 353/399/3 345/383/3 346/385/3
f 355/401/205 354/400/205 346/385/205 347/387/205
f 356/402/206 355/401/206 347/387/206 348/389/206
f 357/403/3 356/402/3 348/389/3 349/391/3
f 358/404/3 357/403/3 349/391/3 350/393/3
f 359/405/207 358/404/207 350/393/207 351/395/207
f 360/406/208 359/405/208 351/395/208 352/397/208
f 361/407/209 337/408/210 28/69/36 52/68/36
f 362/409/6 338/410/6 337/408/210 361/407/209
f 363/411/211 339/412/211 338/410/211 362/409/211
f 364/413/212 340/414/212 339/412/212 363/411/212
f 365/415/6 341/416/6 340/414/6 364/413/6
f 366/417/6 342/418/6 341/416/6 365/415/6
f 367/419/213 343/420/213 342/418/213 366/417/213
f 368/421/214 344/422/214 343/420/214 367/419/214
f 369/423/215 361/407/209 52/68/41 60/77/40
f 370/424/6 362/409/6 361/407/209 369/423/215
f 371/425/216 363/411/216 362/409/216 370/424/216
f 372/426/217 364/413/217 363/411/217 371/425/217
f 373/427/6 365/415/6 364/413/6 372/426/6
f 374/428/6 366/417/6 365/415/6 373/427/6
f 375/429/218 367/419/218 366/417/218 374/428/218
f 376/430/219 368/421/219 367/419/219 375/429/219
f 380/431/220 352/397/221 344/398/221 377/432/220
f 381/433/222 380/431/220 377/432/220 378/434/222
f 382/435/223 381/433/222 378/434/222 379/436/223
f 383/437/3 360/406/85 352/397/85 380/431/3
f 384/438/3 383/437/3 380/431/3 381/433/3
f 385/439/3 384/438/3 381/433/3 382/435/3
f 386/440/6 377/441/6 344/422/6 368/421/6
f 387/442/6 378/443/6 377/441/6 386/440/6
f 388/444/6 379/445/6 378/443/6 387/442/6
f 389/446/224 382/447/225 379/448/225 388/449/224
f 385/439/226 391/450/226 390/451/226 384/438/226
f 391/452/227 385/453/227 382/447/227 389/446/227
f 392/454/6 386/440/6 368/421/6 376/430/6
f 393/455/6 387/442/6 386/440/6 392/454/6
f 394/456/6 388/444/6 387/442/6 393/455/6
f 395/457/228 389/446/224 388/449/224 394/458/228
f 396/459/227 391/452/227 389/446/227 395/457/227
f 397/460/3 96/124/3 44/53/3 353/399/3
f 398/461/3 397/460/3 353/399/3 354/400/3
f 399/462/229 398/461/229 354/400/229 355/401/229
f 400/463/230 399/462/230 355/401/230 356/402/230
f 401/464/3 400/463/3 356/402/3 357/403/3
f 402/465/3 401/464/3 357/403/3 358/404/3
f 403/466/231 402/465/231 358/404/231 359/405/231
f 404/467/232 403/466/232 359/405/232 360/406/232
f 397/460/3 405/468/3 104/132/3 96/124/3
f 398/461/3 406/469/3 405/468/3 397/460/3
f 399/462/3 407/470/3 406/469/3 398/461/3
f 400/463/3 408/471/3 407/470/3 399/462/3
f 401/464/3 409/472/3 408/471/3 400/463/3
f 402/465/3 410/473/3 409/472/3 401/464/3
f 403/466/3 411/474/3 410/473/3 402/465/3
f 404/467/3 412/475/3 411/474/3 403/466/3
f 413/476/3 112/140/3 104/132/3 405/468/3
f 414/477/3 413/476/3 405/468/3 406/469/3
f 415/478/3 414/477/3 406/469/3 407/470/3
f 416/479/3 415/478/3 407/470/3 408/471/3
f 417/480/3 416/479/3 408/471/3 409/472/3
f 418/481/3 417/480/3 409/472/3 410/473/3
f 419/482/3 418/481/3 410/473/3 411/474/3
f 420/483/3 419/482/3 411/474/3 412/475/3
f 421/484/3 120/148/3 112/140/3 413/476/3
f 422/485/3 421/484/3 413/476/3 414/477/3
f 423/486/3 422/485/3 414/477/3 415/478/3
f 424/487/3 423/486/3 415/478/3 416/479/3
f 425/488/3 424/487/3 416/479/3 417/480/3
f 426/489/3 425/488/3 417/480/3 418/481/3
f 427/490/233 426/489/233 418/481/233 419/482/233
f 428/491/234 427/490/234 419/482/234 420/483/234
f 429/492/3 128/156/3 120/148/3 421/484/3
f 430/493/235 429/492/235 421/484/235 422/485/235
f 431/494/236 430/493/236 422/485/236 423/486/236
f 432/495/3 431/494/3 423/486/3 424/487/3
f 433/496/3 432/495/3 424/487/3 425/488/3
f 434/497/3 433/496/3 425/488/3 426/489/3
f 435/498/237 434/497/237 426/489/237 427/490/237
f 436/499/238 435/498/238 427/490/238 428/491/238
f 437/500/3 136/164/3 128/156/3 429/492/3
f 438/501/239 437/500/239 429/492/239 430/493/239
f 439/502/240 438/501/240 430/493/240 431/494/240
f 440/503/3 439/502/3 431/494/3 432/495/3
f 441/504/3 440/503/3 432/495/3 433/496/3
f 442/505/3 441/504/3 433/496/3 434/497/3
f 443/506/241 442/505/241 434/497/241 435/498/241
f 444/507/242 443/506/242 435/498/242 436/499/242
f 445/508/3 144/172/3 136/164/3 437/500/3
f 446/509/243 445/508/243 437/500/243 438/501/243
f 447/510/244 446/509/244 438/501/244 439/502/244
f 448/511/245 447/510/245 439/502/245 440/503/245
f 449/512/3 448/511/3 440/503/3 441/504/3
f 450/513/3 449/512/3 441/504/3 442/505/3
f 451/514/3 450/513/3 442/505/3 443/506/3
f 452/515/3 451/514/3 443/506/3 444/507/3
f 453/516/246 152/185/246 144/172/246 445/508/246
f 454/517/3 453/516/3 445/508/3 446/509/3
f 455/518/247 454/517/247 446/509/247 447/510/247
f 456/519/248 455/518/248 447/510/248 448/511/248
f 457/520/3 456/519/3 448/511/3 449/512/3
f 458/521/3 457/520/3 449/512/3 450/513/3
f 459/522/3 458/521/3 450/513/3 451/514/3
f 460/523/3 459/522/3 451/514/3 452/515/3
f 461/524/249 160/198/249 152/185/249 453/516/249
f 462/525/3 461/524/3 453/516/3 454/517/3
f 463/526/250 462/525/250 454/517/250 455/518/250
f 464/527/251 463/526/251 455/518/251 456/519/251
f 465/528/3 464/527/3 456/519/3 457/520/3
f 466/529/3 465/528/3 457/520/3 458/521/3
f 467/530/3 466/529/3 458/521/3 459/522/3
f 468/531/3 467/530/3 459/522/3 460/523/3
f 469/532/3 404/467/3 360/406/85 383/437/3
f 470/533/3 469/532/3 383/437/3 384/438/3
f 469/532/3 471/534/3 412/475/3 404/467/3
f 470/533/3 472/535/3 471/534/3 469/532/3
f 472/535/3 470/533/3 384/438/3 390/451/3
f 473/536/227 472/537/227 390/538/227 391/452/227
f 474/539/3 420/483/3 412/475/3 471/534/3
f 475/540/3 474/539/3 471/534/3 472/535/3
f 476/541/3 428/491/3 420/483/3 474/539/3
f 477/542/3 476/541/3 474/539/3 475/540/3
f 478/543/3 436/499/3 428/491/3 476/541/3
f 479/544/3 478/543/3 476/541/3 477/542/3
f 480/545/3 444/507/3 436/499/3 478/543/3
f 481/546/3 480/545/3 478/543/3 479/544/3
f 482/547/3 452/515/3 444/507/3 480/545/3
f 483/548/3 482/547/3 480/545/3 481/546/3
f 484/549/3 460/523/3 452/515/3 482/547/3
f 485/550/3 484/549/3 482/547/3 483/548/3
f 486/551/3 468/531/3 460/523/3 484/549/3
f 487/552/3 486/551/3 484/549/3 485/550/3
f 473/536/227 489/553/227 488/554/227 472/537/227
f 489/553/227 473/536/227 391/452/227 396/459/227
f 490/555/227 475/556/227 472/537/227 488/554/227
f 491/557/227 477/558/227 475/556/227 490/555/227
f 492/559/227 479/560/227 477/558/227 491/557/227
f 493/561/227 481/562/227 479/560/227 492/559/227
f 494/563/227 483/564/227 481/562/227 493/561/227
f 495/565/227 485/566/227 483/564/227 494/563/227
f 496/567/227 487/568/227 485/566/227 495/565/227
f 497/569/6 369/423/215 60/77/40 208/254/6
f 498/570/6 370/424/6 369/423/215 497/569/6
f 499/571/6 371/425/6 370/424/6 498/570/6
f 500/572/6 372/426/6 371/425/6 499/571/6
f 501/573/6 373/427/6 372/426/6 500/572/6
f 502/574/6 374/428/6 373/427/6 501/573/6
f 503/575/6 375/429/6 374/428/6 502/574/6
f 504/576/6 376/430/6 375/429/6 503/575/6
f 505/577/6 497/569/6 208/254/6 216/262/6
f 506/578/6 498/570/6 497/569/6 505/577/6
f 507/579/6 499/571/6 498/570/6 506/578/6
f 508/580/6 500/572/6 499/571/6 507/579/6
f 509/581/6 501/573/6 500/572/6 508/580/6
f 510/582/6 502/574/6 501/573/6 509/581/6
f 511/583/6 503/575/6 502/574/6 510/582/6
f 512/584/6 504/576/6 503/575/6 511/583/6
f 513/585/6 505/577/6 216/262/6 224/270/6
f 514/586/6 506/578/6 505/577/6 513/585/6
f 515/587/6 507/579/6 506/578/6 514/586/6
f 516/588/6 508/580/6 507/579/6 515/587/6
f 517/589/6 509/581/6 508/580/6 516/588/6
f 518/590/252 510/582/252 509/581/252 517/589/252
f 519/591/253 511/583/253 510/582/253 518/590/253
f 520/592/6 512/584/6 511/583/6 519/591/6
f 521/593/254 513/585/254 224/270/254 232/278/254
f 522/594/255 514/586/255 513/585/255 521/593/255
f 523/595/6 515/587/6 514/586/6 522/594/6
f 524/596/6 516/588/6 515/587/6 523/595/6
f 525/597/256 517/589/256 516/588/256 524/596/256
f 526/598/257 518/590/257 517/589/257 525/597/257
f 527/599/258 519/591/258 518/590/258 526/598/258
f 528/600/6 520/592/6 519/591/6 527/599/6
f 529/601/259 521/593/259 232/278/259 240/286/259
f 530/602/260 522/594/260 521/593/260 529/601/260
f 531/603/261 523/595/261 522/594/262 530/602/262
f 532/604/263 524/596/263 523/595/261 531/603/261
f 533/605/264 525/597/264 524/596/264 532/604/264
f 534/606/265 526/598/265 525/597/265 533/605/265
f 535/607/6 527/599/6 526/598/6 534/606/6
f 536/608/6 528/600/6 527/599/6 535/607/6
f 537/609/6 529/601/6 240/286/6 248/294/6
f 538/610/266 530/602/267 529/601/6 537/609/6
f 539/611/268 531/603/269 530/602/267 538/610/266
f 540/612/270 532/604/271 531/603/272 539/611/272
f 541/613/273 533/605/274 532/604/271 540/612/270
f 542/614/6 534/606/6 533/605/274 541/613/273
f 543/615/6 535/607/6 534/606/6 542/614/6
f 544/616/6 536/608/6 535/607/6 543/615/6
f 545/617/6 537/609/6 248/294/6 256/302/6
f 546/618/6 538/610/266 537/609/6 545/617/6
f 547/619/6 539/611/268 538/610/266 546/618/6
f 548/620/6 540/612/270 539/611/268 547/619/6
f 549/621/6 541/613/273 540/612/270 548/620/6
f 550/622/6 542/614/6 541/613/273 549/621/6
f 551/623/6 543/615/6 542/614/6 550/622/6
f 552/624/6 544/616/6 543/615/6 551/623/6
f 553/625/6 545/617/6 256/302/6 264/310/6
f 554/626/6 546/618/6 545/617/6 553/625/6
f 555/627/6 547/619/6 546/618/6 554/626/6
f 556/628/6 548/620/6 547/619/6 555/627/6
f 557/629/6 549/621/6 548/620/6 556/628/6
f 558/630/6 550/622/6 549/621/6 557/629/6
f 559/631/6 551/623/6 550/622/6 558/630/6
f 560/632/6 552/624/6 551/623/6 559/631/6
f 561/633/6 392/454/6 376/430/6 504/576/6
f 562/634/6 393/455/6 392/454/6 561/633/6
f 563/635/6 394/456/6 393/455/6 562/634/6
f 564/636/275 395/457/228 394/458/228 563/637/275
f 565/638/227 396/459/227 395/457/227 564/636/227
f 566/639/6 561/633/6 504/576/6 512/584/6
f 567/640/6 562/634/6 561/633/6 566/639/6
f 568/641/6 563/635/6 562/634/6 567/640/6
f 569/642/276 564/636/275 563/637/275 568/643/276
f 570/644/227 565/638/227 564/636/227 569/642/227
f 571/645/6 566/639/6 512/584/6 520/592/6
f 572/646/6 567/640/6 566/639/6 571/645/6
f 573/647/6 568/641/6 567/640/6 572/646/6
f 574/648/276 569/642/276 568/643/276 573/649/276
f 575/650/227 570/644/227 569/642/227 574/648/227
f 576/651/6 571/645/6 520/592/6 528/600/6
f 577/652/6 572/646/6 571/645/6 576/651/6
f 578/653/6 573/647/6 572/646/6 577/652/6
f 579/654/276 574/648/276 573/649/276 578/655/276
f 580/656/277 575/650/277 574/648/277 579/654/277
f 581/657/6 576/651/6 528/600/6 536/608/6
f 582/658/6 577/652/6 576/651/6 581/657/6
f 583/659/6 578/653/6 577/652/6 582/658/6
f 584/660/276 579/654/276 578/655/276 583/661/276
f 585/662/278 580/656/278 579/654/278 584/660/278
f 586/663/6 581/657/6 536/608/6 544/616/6
f 587/664/6 582/658/6 581/657/6 586/663/6
f 588/665/6 583/659/6 582/658/6 587/664/6
f 589/666/276 584/660/276 583/661/276 588/667/276
f 590/668/227 585/662/227 584/660/227 589/666/227
f 591/669/6 586/663/6 544/616/6 552/624/6
f 592/670/6 587/664/6 586/663/6 591/669/6
f 593/671/6 588/665/6 587/664/6 592/670/6
f 594/672/276 589/666/276 588/667/276 593/673/276
f 595/674/227 590/668/227 589/666/227 594/672/227
f 596/675/6 591/669/6 552/624/6 560/632/6
f 597/676/6 592/670/6 591/669/6 596/675/6
f 598/677/6 593/671/6 592/670/6 597/676/6
f 599/678/276 594/672/276 593/673/276 598/679/276
f 600/680/227 595/674/227 594/672/227 599/678/227
f 489/553/227 602/681/227 601/682/227 488/554/227
f 602/681/227 489/553/227 396/459/227 565/638/227
f 603/683/227 490/555/227 488/554/227 601/682/227
f 604/684/227 491/557/227 490/555/227 603/683/227
f 605/685/227 492/559/227 491/557/227 604/684/227
f 606/686/227 493/561/227 492/559/227 605/685/227
f 607/687/227 494/563/227 493/561/227 606/686/227
f 608/688/227 495/565/227 494/563/227 607/687/227
f 609/689/227 496/567/227 495/565/227 608/688/227
f 602/681/227 611/690/227 610/691/227 601/682/227
f 611/690/227 602/681/227 565/638/227 570/644/227
f 612/692/227 603/683/227 601/682/227 610/691/227
f 613/693/227 604/684/227 603/683/227 612/692/227
f 614/694/227 605/685/227 604/684/227 613/693/227
f 615/695/227 606/686/227 605/685/227 614/694/227
f 616/696/227 607/687/227 606/686/227 615/695/227
f 617/697/227 608/688/227 607/687/227 616/696/227
f 618/698/227 609/689/227 608/688/227 617/697/227
f 611/690/227 620/699/227 619/700/279 610/691/227
f 620/699/227 611/690/227 570/644/227 575/650/227
f 621/701/279 612/692/227 610/691/227 619/700/279
f 622/702/227 613/693/227 612/692/227 621/701/279
f 623/703/227 614/694/227 613/693/227 622/702/227
f 624/704/227 615/695/227 614/694/227 623/703/227
f 625/705/227 616/696/227 615/695/227 624/704/227
f 626/706/227 617/697/227 616/696/227 625/705/227
f 627/707/227 618/698/227 617/697/227 626/706/227
f 620/699/280 629/708/280 628/709/280 619/700/280
f 629/708/281 620/699/281 575/650/281 580/656/281
f 630/710/282 621/701/279 619/700/279 628/709/282
f 631/711/283 622/702/283 621/701/283 630/710/283
f 632/712/284 623/703/284 622/702/284 631/711/284
f 633/713/285 624/704/285 623/703/285 632/712/285
f 634/714/227 625/705/227 624/704/227 633/713/227
f 635/715/227 626/706/227 625/705/227 634/714/227
f 636/716/227 627/707/227 626/706/227 635/715/227
f 629/708/286 638/717/286 637/718/286 628/709/286
f 638/717/287 629/708/287 580/656/287 585/662/287
f 639/719/288 630/710/282 628/709/282 637/718/288
f 640/720/289 631/711/289 630/710/289 639/719/289
f 641/721/290 632/712/290 631/711/290 640/720/290
f 642/722/291 633/713/291 632/712/291 641/721/291
f 643/723/292 634/714/292 633/713/292 642/722/292
f 644/724/227 635/715/227 634/714/227 643/723/227
f 645/725/227 636/716/227 635/715/227 644/724/227
f 638/717/227 647/726/227 646/727/227 637/718/288
f 647/726/227 638/717/227 585/662/227 590/668/227
f 648/728/227 639/719/288 637/718/288 646/727/227
f 649/729/227 640/720/227 639/719/288 648/728/227
f 650/730/227 641/721/227 640/720/227 649/729/227
f 651/731/293 642/722/293 641/721/293 650/730/293
f 652/732/294 643/723/294 642/722/294 651/731/294
f 653/733/227 644/724/227 643/723/227 652/732/227
f 654/734/227 645/725/227 644/724/227 653/733/227
f 647/726/227 656/735/227 655/736/227 646/727/227
f 656/735/227 647/726/227 590/668/227 595/674/227
f 657/737/227 648/728/227 646/727/227 655/736/227
f 658/738/227 649/729/227 648/728/227 657/737/227
f 659/739/227 650/730/227 649/729/227 658/738/227
f 660/740/227 651/731/227 650/730/227 659/739/227
f 661/741/227 652/732/227 651/731/227 660/740/227
f 662/742/227 653/733/227 652/732/227 661/741/227
f 663/743/227 654/734/227 653/733/227 662/742/227
f 656/735/227 665/744/227 664/745/227 655/736/227
f 665/744/227 656/735/227 595/674/227 600/680/227
f 666/746/227 657/737/227 655/736/227 664/745/227
f 667/747/227 658/738/227 657/737/227 666/746/227
f 668/748/227 659/739/227 658/738/227 667/747/227
f 669/749/227 660/740/227 659/739/227 668/748/227
f 670/750/227 661/741/227 660/740/227 669/749/227
f 671/751/227 662/742/227 661/741/227 670/750/227
f 672/752/227 663/743/227 662/742/227 671/751/227
f 674/753/3 673/754/3 78/100/3 79/99/3
f 673/755/10 676/756/10 88/116/10 78/115/10
f 674/753/295 677/757/295 676/758/295 673/754/295
f 679/759/10 678/760/10 676/756/10 677/761/10
f 675/762/3 679/763/3 677/757/3 674/753/3
f 686/764/3 674/753/3 79/99/3 153/186/3
f 687/765/296 686/764/296 153/186/296 154/187/296
f 688/766/297 687/765/297 154/187/297 155/188/297
f 689/767/298 688/766/298 155/188/298 156/189/298
f 690/768/299 689/769/299 156/191/299 157/190/299
f 691/770/300 690/768/300 157/190/300 158/194/300
f 692/771/301 691/772/301 158/197/302 159/196/302
f 693/773/303 692/771/303 159/196/303 160/198/303
f 694/774/3 675/762/3 674/753/3 686/764/3
f 695/775/304 694/774/304 686/764/304 687/765/304
f 696/776/305 695/775/305 687/765/305 688/766/305
f 697/777/306 696/776/306 688/766/306 689/767/306
f 698/778/307 697/779/307 689/769/307 690/768/307
f 699/780/308 698/778/308 690/768/308 691/770/308
f 700/781/309 699/782/309 691/772/301 692/771/301
f 701/783/310 700/781/310 692/771/310 693/773/310
f 694/774/3 702/784/3 679/763/3 675/762/3
f 695/775/311 703/785/311 702/784/311 694/774/311
f 696/776/312 704/786/312 703/785/312 695/775/312
f 697/777/313 705/787/313 704/786/313 696/776/313
f 698/778/314 706/788/314 705/789/314 697/779/314
f 699/780/315 707/790/315 706/788/315 698/778/315
f 700/781/316 708/791/316 707/792/316 699/782/316
f 701/783/317 709/793/317 708/791/317 700/781/317
f 710/794/3 680/795/3 679/763/3 702/784/3
f 711/796/318 710/794/318 702/784/318 703/785/318
f 712/797/319 711/796/319 703/785/319 704/786/319
f 713/798/320 712/797/320 704/786/320 705/787/320
f 714/799/321 713/800/321 705/789/321 706/788/321
f 715/801/322 714/799/322 706/788/322 707/790/322
f 716/802/323 715/803/323 707/792/323 708/791/323
f 717/804/324 716/802/324 708/791/324 709/793/324
f 718/805/3 681/806/3 680/795/3 710/794/3
f 719/807/3 718/805/3 710/794/3 711/796/3
f 720/808/325 719/807/3 711/796/3 712/797/326
f 721/809/327 720/808/325 712/797/326 713/798/328
f 722/810/329 721/811/329 713/800/329 714/799/329
f 723/812/330 722/813/330 714/814/330 715/803/330
f 724/815/331 723/812/331 715/803/331 716/802/331
f 725/816/332 724/815/332 716/802/332 717/804/332
f 726/817/3 682/818/3 681/806/3 718/805/3
f 727/819/3 726/817/3 718/805/3 719/807/3
f 728/820/3 727/819/3 719/807/3 720/808/325
f 729/821/3 728/820/3 720/808/325 721/809/327
f 730/822/333 729/821/333 721/809/333 722/813/333
f 731/823/334 730/822/334 722/813/334 723/812/334
f 732/824/335 731/825/335 723/826/335 724/827/335
f 733/828/336 732/829/336 724/815/336 725/816/336
f 734/830/3 683/831/3 682/818/3 726/817/3
f 735/832/3 734/830/3 726/817/3 727/819/3
f 736/833/337 735/832/337 727/819/337 728/820/337
f 737/834/338 736/833/338 728/820/338 729/821/338
f 738/835/339 737/834/339 729/821/339 730/822/339
f 739/836/340 738/835/340 730/822/340 731/823/340
f 740/837/341 739/838/341 731/825/341 732/824/341
f 741/839/342 740/840/342 732/829/342 733/828/342
f 742/841/3 684/842/3 683/831/3 734/830/3
f 743/843/3 742/841/3 734/830/3 735/832/3
f 744/844/343 743/843/343 735/832/343 736/833/343
f 745/845/344 744/844/344 736/833/344 737/834/344
f 746/846/345 745/845/345 737/834/345 738/835/345
f 747/847/346 746/846/346 738/835/346 739/836/346
f 748/848/347 747/849/347 739/838/347 740/837/347
f 749/850/348 748/851/348 740/840/349 741/839/349
f 750/852/3 685/853/3 684/842/3 742/841/3
f 751/854/3 750/852/3 742/841/3 743/843/3
f 752/855/350 751/854/350 743/843/350 744/844/350
f 753/856/351 752/855/351 744/844/351 745/845/351
f 754/857/352 753/856/352 745/845/352 746/846/352
f 755/858/353 754/857/353 746/846/353 747/847/353
f 756/859/354 755/858/354 747/847/354 748/851/354
f 757/860/355 756/859/356 748/851/348 749/850/348
f 760/861/3 758/862/3 685/853/3 750/852/3
f 761/863/3 760/861/3 750/852/3 751/854/3
f 762/864/357 761/863/357 751/854/357 752/855/357
f 763/865/358 762/864/358 752/855/358 753/856/358
f 764/866/359 763/865/3 753/856/3 754/857/359
f 765/867/360 764/866/359 754/857/359 755/858/361
f 766/868/48 765/867/360 755/858/361 756/859/356
f 767/869/3 766/868/48 756/859/356 757/860/355
f 768/870/362 759/871/3 758/862/3 760/861/3
f 769/872/3 768/870/362 760/861/3 761/863/3
f 770/873/363 769/872/363 761/863/363 762/864/363
f 771/874/364 770/873/364 762/864/364 763/865/364
f 772/875/3 771/874/3 763/865/3 764/866/359
f 773/876/3 772/875/3 764/866/359 765/867/360
f 774/877/3 773/876/3 765/867/360 766/868/48
f 775/878/3 774/877/3 766/868/48 767/869/3
f 676/756/10 776/879/10 273/319/10 88/116/10
f 678/760/10 777/880/10 776/879/10 676/756/10
f 679/759/10 778/881/10 777/880/10 678/760/10
f 680/882/10 779/883/365 778/881/10 679/759/10
f 681/884/366 780/885/367 779/883/365 680/882/10
f 682/886/368 781/887/368 780/885/367 681/884/366
f 683/888/369 782/889/369 781/887/369 682/886/369
f 684/890/370 783/891/370 782/889/370 683/888/370
f 685/892/371 784/893/372 783/891/373 684/890/373
f 776/879/10 785/894/10 282/328/10 273/319/10
f 777/880/10 786/895/10 785/894/10 776/879/10
f 778/881/10 787/896/10 786/895/10 777/880/10
f 779/883/365 788/897/374 787/896/10 778/881/10
f 780/885/367 789/898/375 788/897/374 779/883/365
f 781/887/376 790/899/376 789/898/376 780/885/376
f 782/889/377 791/900/377 790/899/377 781/887/377
f 783/891/378 792/901/378 791/900/378 782/889/378
f 784/893/379 793/902/379 792/901/379 783/891/379
f 785/894/10 794/903/10 291/337/10 282/328/10
f 786/895/10 795/904/10 794/903/10 785/894/10
f 787/896/10 796/905/10 795/904/10 786/895/10
f 788/897/374 797/906/10 796/905/10 787/896/10
f 789/898/375 798/907/380 797/906/380 788/897/374
f 790/899/381 799/908/381 798/907/381 789/898/381
f 791/900/382 800/909/382 799/908/382 790/899/382
f 792/901/383 801/910/383 800/909/383 791/900/383
f 793/902/384 802/911/384 801/910/384 792/901/384
f 794/903/10 803/912/10 300/346/10 291/337/10
f 795/904/10 804/913/10 803/912/10 794/903/10
f 796/905/10 805/914/10 804/913/10 795/904/10
f 797/906/10 806/915/385 805/914/10 796/905/10
f 798/907/380 807/916/386 806/915/386 797/906/380
f 799/908/387 808/917/387 807/916/387 798/907/387
f 800/909/388 809/918/388 808/917/388 799/908/388
f 801/910/389 810/919/389 809/918/389 800/909/389
f 802/911/390 811/920/390 810/919/390 801/910/390
f 803/912/10 812/921/10 309/355/10 300/346/10
f 804/913/10 813/922/10 812/921/10 803/912/10
f 805/914/10 814/923/10 813/922/10 804/913/10
f 806/915/385 815/924/391 814/923/10 805/914/10
f 807/916/392 816/925/393 815/924/391 806/915/385
f 808/917/394 817/926/394 816/925/394 807/916/394
f 809/918/395 818/927/395 817/926/395 808/917/395
f 810/919/396 819/928/397 818/927/398 809/918/396
f 811/920/399 820/929/399 819/928/399 810/919/399
f 812/921/10 821/930/10 318/364/10 309/355/10
f 813/922/10 822/931/10 821/930/10 812/921/10
f 814/923/10 823/932/10 822/931/10 813/922/10
f 815/924/391 824/933/10 823/932/10 814/923/10
f 816/925/393 825/934/400 824/933/10 815/924/391
f 817/926/401 826/935/402 825/934/400 816/925/393
f 818/927/398 827/936/403 826/935/402 817/926/401
f 819/928/397 828/937/10 827/936/403 818/927/398
f 820/929/10 829/938/10 828/937/10 819/928/397
f 821/930/10 830/939/10 327/373/10 318/364/10
f 822/931/10 831/940/10 830/939/10 821/930/10
f 823/932/10 832/941/10 831/940/10 822/931/10
f 824/933/10 833/942/10 832/941/10 823/932/10
f 825/934/400 834/943/10 833/942/10 824/933/10
f 826/935/402 835/944/10 834/943/10 825/934/400
f 827/936/403 836/945/10 835/944/10 826/935/402
f 828/937/10 837/946/10 836/945/10 827/936/403
f 829/938/10 838/947/10 837/946/10 828/937/10
f 830/939/10 839/948/10 336/382/10 327/373/10
f 831/940/10 840/949/10 839/948/10 830/939/10
f 832/941/10 841/950/10 840/949/10 831/940/10
f 833/942/10 842/951/10 841/950/10 832/941/10
f 834/943/10 843/952/10 842/951/10 833/942/10
f 835/944/10 844/953/10 843/952/10 834/943/10
f 836/945/10 845/954/10 844/953/10 835/944/10
f 837/946/10 846/955/10 845/954/10 836/945/10
f 838/947/10 847/956/10 846/955/10 837/946/10
f 758/957/10 848/958/371 784/893/372 685/892/371
f 759/959/10 849/960/10 848/958/371 758/957/10
f 848/958/371 850/961/404 793/902/405 784/893/372
f 849/960/10 851/962/10 850/961/404 848/958/371
f 850/961/406 852/963/406 802/911/406 793/902/406
f 851/962/10 853/964/10 852/963/10 850/961/404
f 852/963/407 854/965/407 811/920/407 802/911/407
f 853/964/10 855/966/10 854/965/10 852/963/10
f 854/965/408 856/967/408 820/929/408 811/920/408
f 855/966/10 857/968/10 856/967/10 854/965/10
f 856/967/10 858/969/10 829/938/10 820/929/10
f 857/968/10 859/970/409 858/969/10 856/967/10
f 858/969/410 860/971/410 838/947/410 829/938/410
f 859/970/411 861/972/411 860/971/411 858/969/411
f 860/971/412 862/973/412 847/956/412 838/947/412
f 861/972/413 863/974/413 862/973/413 860/971/413
f 768/870/295 864/975/295 849/976/295 759/871/295
f 769/872/3 865/977/414 864/975/414 768/870/362
f 770/873/415 866/978/415 865/977/415 769/872/415
f 771/874/416 867/979/416 866/978/416 770/873/416
f 772/875/3 868/980/3 867/979/3 771/874/3
f 773/876/3 869/981/3 868/980/3 772/875/3
f 774/877/3 870/982/3 869/981/3 773/876/3
f 775/878/3 871/983/3 870/982/3 774/877/3
f 873/984/417 872/985/417 864/986/417 865/987/417
f 874/988/418 873/984/418 865/987/418 866/989/418
f 875/990/419 874/988/419 866/989/419 867/991/419
f 876/992/420 875/990/420 867/991/420 868/993/420
f 877/994/420 876/992/420 868/993/420 869/995/420
f 878/996/420 877/994/420 869/995/420 870/997/420
f 879/998/420 878/996/420 870/997/420 871/999/420
f 864/1000/10 880/1001/10 851/962/10 849/960/10
f 872/985/421 881/1002/421 880/1003/421 864/986/421
f 873/984/422 882/1004/423 881/1002/424 872/985/422
f 874/988/425 883/1005/425 882/1004/425 873/984/425
f 875/990/426 884/1006/426 883/1005/426 874/988/426
f 876/992/427 885/1007/427 884/1006/427 875/990/427
f 877/994/428 886/1008/429 885/1007/430 876/992/430
f 878/996/428 887/1009/431 886/1008/429 877/994/428
f 879/998/428 888/1010/428 887/1009/431 878/996/428
f 880/1001/10 889/1011/10 853/964/10 851/962/10
f 881/1002/432 890/1012/433 889/1013/433 880/1003/432
f 882/1004/423 891/1014/434 890/1012/435 881/1002/424
f 883/1005/436 892/1015/436 891/1014/436 882/1004/436
f 884/1006/437 893/1016/437 892/1015/437 883/1005/437
f 885/1007/438 894/1017/438 893/1016/438 884/1006/438
f 886/1008/439 895/1018/439 894/1017/439 885/1007/439
f 887/1009/431 896/1019/440 895/1018/441 886/1008/429
f 888/1010/428 897/1020/442 896/1019/440 887/1009/431
f 889/1011/10 898/1021/10 855/966/10 853/964/10
f 890/1012/433 899/1022/443 898/1023/443 889/1013/433
f 891/1014/434 900/1024/444 899/1022/428 890/1012/435
f 892/1015/445 901/1025/446 900/1024/444 891/1014/434
f 893/1016/447 902/1026/447 901/1025/447 892/1015/447
f 894/1017/448 903/1027/448 902/1026/448 893/1016/448
f 895/1018/449 904/1028/449 903/1027/449 894/1017/449
f 896/1019/450 905/1029/450 904/1028/450 895/1018/450
f 897/1020/442 906/1030/451 905/1029/452 896/1019/440
f 898/1021/10 907/1031/10 857/968/10 855/966/10
f 899/1022/443 908/1032/443 907/1033/443 898/1023/443
f 900/1024/444 909/1034/453 908/1032/454 899/1022/428
f 901/1025/446 910/1035/455 909/1034/453 900/1024/444
f 902/1026/456 911/1036/456 910/1035/455 901/1025/446
f 903/1027/457 912/1037/457 911/1036/457 902/1026/457
f 904/1028/458 913/1038/458 912/1037/458 903/1027/458
f 905/1029/459 914/1039/459 913/1038/459 904/1028/459
f 906/1030/460 915/1040/460 914/1039/460 905/1029/460
f 907/1031/10 916/1041/461 859/970/409 857/968/10
f 908/1032/443 917/1042/462 916/1043/462 907/1033/443
f 909/1034/453 918/1044/463 917/1042/463 908/1032/454
f 910/1035/464 919/1045/464 918/1044/464 909/1034/464
f 911/1036/465 920/1046/465 919/1045/465 910/1035/465
f 912/1037/466 921/1047/466 920/1046/466 911/1036/466
f 913/1038/467 922/1048/468 921/1047/469 912/1037/467
f 914/1039/470 923/1049/470 922/1048/470 913/1038/470
f 915/1040/471 924/1050/471 923/1049/471 914/1039/471
f 916/1041/461 925/1051/472 861/972/472 859/970/409
f 917/1042/462 926/1052/473 925/1053/473 916/1043/462
f 918/1044/463 927/1054/474 926/1052/474 917/1042/463
f 919/1045/475 928/1055/475 927/1054/475 918/1044/475
f 920/1046/476 929/1056/476 928/1055/476 919/1045/476
f 921/1047/477 930/1057/477 929/1056/477 920/1046/477
f 922/1048/468 931/1058/435 930/1057/428 921/1047/469
f 923/1049/434 932/1059/478 931/1058/435 922/1048/468
f 924/1050/479 933/1060/479 932/1059/479 923/1049/479
f 925/1051/480 934/1061/480 863/974/480 861/972/480
f 926/1052/473 935/1062/481 934/1063/481 925/1053/473
f 927/1054/482 936/1064/482 935/1062/482 926/1052/482
f 928/1055/483 937/1065/483 936/1064/483 927/1054/483
f 929/1056/484 938/1066/484 937/1065/484 928/1055/484
f 930/1057/428 939/1067/428 938/1066/485 929/1056/428
f 931/1058/435 940/1068/428 939/1067/428 930/1057/428
f 932/1059/478 941/1069/428 940/1068/428 931/1058/435
f 933/1060/486 942/1070/424 941/1069/428 932/1059/478
f 943/1071/487 693/773/487 160/198/487 461/524/487
f 944/1072/3 943/1071/3 461/524/3 462/525/3
f 945/1073/3 944/1072/3 462/525/3 463/526/3
f 946/1074/488 945/1073/488 463/526/488 464/527/488
f 947/1075/489 946/1074/489 464/527/489 465/528/489
f 948/1076/3 947/1075/3 465/528/3 466/529/3
f 949/1077/3 948/1076/3 466/529/3 467/530/3
f 950/1078/3 949/1077/3 467/530/3 468/531/3
f 951/1079/490 701/783/490 693/773/490 943/1071/490
f 952/1080/3 951/1079/3 943/1071/3 944/1072/3
f 953/1081/360 952/1080/3 944/1072/3 945/1073/3
f 954/1082/491 953/1081/491 945/1073/491 946/1074/491
f 955/1083/492 954/1082/492 946/1074/492 947/1075/492
f 956/1084/493 955/1083/493 947/1075/493 948/1076/493
f 957/1085/3 956/1084/3 948/1076/3 949/1077/3
f 958/1086/3 957/1085/3 949/1077/3 950/1078/3
f 951/1079/494 959/1087/494 709/793/494 701/783/494
f 952/1080/3 960/1088/3 959/1087/3 951/1079/3
f 953/1081/360 961/1089/360 960/1088/3 952/1080/3
f 954/1082/359 962/1090/360 961/1089/360 953/1081/360
f 955/1083/495 963/1091/495 962/1090/495 954/1082/495
f 956/1084/496 964/1092/496 963/1091/496 955/1083/496
f 957/1085/3 965/1093/3 964/1092/3 956/1084/3
f 958/1086/3 966/1094/3 965/1093/3 957/1085/3
f 967/1095/497 717/804/497 709/793/497 959/1087/497
f 968/1096/3 967/1095/3 959/1087/3 960/1088/3
f 969/1097/3 968/1096/3 960/1088/3 961/1089/360
f 970/1098/3 969/1097/3 961/1089/360 962/1090/360
f 971/1099/498 970/1098/498 962/1090/498 963/1091/498
f 972/1100/499 971/1099/499 963/1091/499 964/1092/499
f 973/1101/3 972/1100/3 964/1092/3 965/1093/3
f 974/1102/3 973/1101/3 965/1093/3 966/1094/3
f 975/1103/500 725/816/500 717/804/500 967/1095/500
f 976/1104/3 975/1103/3 967/1095/3 968/1096/3
f 977/1105/3 976/1104/3 968/1096/3 969/1097/3
f 978/1106/3 977/1105/3 969/1097/3 970/1098/3
f 979/1107/3 978/1106/3 970/1098/3 971/1099/3
f 980/1108/501 979/1107/501 971/1099/501 972/1100/501
f 981/1109/502 980/1108/502 972/1100/502 973/1101/502
f 982/1110/3 981/1109/3 973/1101/3 974/1102/3
f 983/1111/503 733/828/503 725/816/503 975/1103/503
f 984/1112/3 983/1111/3 975/1103/3 976/1104/3
f 985/1113/3 984/1112/3 976/1104/3 977/1105/3
f 986/1114/3 985/1113/3 977/1105/3 978/1106/3
f 987/1115/3 986/1114/3 978/1106/3 979/1107/3
f 988/1116/504 987/1115/504 979/1107/504 980/1108/504
f 989/1117/505 988/1116/505 980/1108/505 981/1109/505
f 990/1118/3 989/1117/3 981/1109/3 982/1110/3
f 991/1119/506 741/839/506 733/828/506 983/1111/506
f 992/1120/3 991/1119/3 983/1111/3 984/1112/3
f 993/1121/3 992/1120/3 984/1112/3 985/1113/3
f 994/1122/3 993/1121/3 985/1113/3 986/1114/3
f 995/1123/3 994/1122/3 986/1114/3 987/1115/3
f 996/1124/507 995/1123/507 987/1115/507 988/1116/507
f 997/1125/508 996/1124/508 988/1116/508 989/1117/508
f 998/1126/3 997/1125/3 989/1117/3 990/1118/3
f 999/1127/509 749/850/509 741/839/509 991/1119/509
f 1000/1128/510 999/1127/510 991/1119/510 992/1120/510
f 1001/1129/3 1000/1128/3 992/1120/3 993/1121/3
f 1002/1130/3 1001/1129/3 993/1121/3 994/1122/3
f 1003/1131/3 1002/1130/3 994/1122/3 995/1123/3
f 1004/1132/511 1003/1131/511 995/1123/511 996/1124/511
f 1005/1133/512 1004/1132/512 996/1124/512 997/1125/512
f 1006/1134/3 1005/1133/3 997/1125/3 998/1126/3
f 1007/1135/513 757/860/513 749/850/513 999/1127/513
f 1008/1136/514 1007/1135/514 999/1127/514 1000/1128/514
f 1009/1137/3 1008/1136/3 1000/1128/3 1001/1129/3
f 1010/1138/3 1009/1137/3 1001/1129/3 1002/1130/3
f 1011/1139/3 1010/1138/3 1002/1130/3 1003/1131/3
f 1012/1140/515 1011/1139/515 1003/1131/515 1004/1132/515
f 1013/1141/516 1012/1140/516 1004/1132/516 1005/1133/516
f 1014/1142/3 1013/1141/3 1005/1133/3 1006/1134/3
f 1015/1143/3 950/1078/3 468/531/3 486/551/3
f 1016/1144/3 1015/1143/3 486/551/3 487/552/3
f 1017/1145/3 958/1086/3 950/1078/3 1015/1143/3
f 1016/1144/226 1019/1146/226 1018/1147/226 1015/1143/226
f 1019/1148/227 1016/1149/227 487/568/227 496/567/227
f 1017/1145/3 1020/1150/3 966/1094/3 958/1086/3
f 1020/1150/3 1017/1145/3 1015/1143/3 1018/1147/3
f 1021/1151/227 1020/1152/227 1018/1153/227 1019/1148/227
f 1022/1154/3 974/1102/3 966/1094/3 1020/1150/3
f 1023/1155/3 982/1110/3 974/1102/3 1022/1154/3
f 1024/1156/3 990/1118/3 982/1110/3 1023/1155/3
f 1025/1157/3 998/1126/3 990/1118/3 1024/1156/3
f 1026/1158/3 1006/1134/3 998/1126/3 1025/1157/3
f 1027/1159/3 1014/1142/3 1006/1134/3 1026/1158/3
f 1028/1160/3 767/869/3 757/860/355 1007/1135/3
f 1029/1161/517 1028/1160/517 1007/1135/517 1008/1136/517
f 1030/1162/518 1029/1161/518 1008/1136/518 1009/1137/518
f 1031/1163/3 1030/1162/3 1009/1137/3 1010/1138/3
f 1032/1164/3 1031/1163/3 1010/1138/3 1011/1139/3
f 1033/1165/519 1032/1164/519 1011/1139/519 1012/1140/519
f 1034/1166/514 1033/1165/514 1012/1140/514 1013/1141/514
f 1035/1167/3 1034/1166/3 1013/1141/3 1014/1142/3
f 1036/1168/3 775/878/3 767/869/3 1028/1160/3
f 1037/1169/520 1036/1168/520 1028/1160/520 1029/1161/520
f 1038/1170/521 1037/1169/521 1029/1161/521 1030/1162/521
f 1039/1171/3 1038/1170/3 1030/1162/3 1031/1163/3
f 1040/1172/3 1039/1171/3 1031/1163/3 1032/1164/3
f 1041/1173/3 1040/1172/3 1032/1164/3 1033/1165/3
f 1042/1174/522 1041/1173/522 1033/1165/522 1034/1166/522
f 1043/1175/523 1042/1174/523 1034/1166/523 1035/1167/523
f 1044/1176/3 1035/1167/3 1014/1142/3 1027/1159/3
f 1045/1177/3 1043/1175/3 1035/1167/3 1044/1176/3
f 1046/1178/227 1019/1148/227 496/567/227 609/689/227
f 1021/1151/227 1048/1179/227 1047/1180/227 1020/1152/227
f 1048/1179/227 1021/1151/227 1019/1148/227 1046/1178/227
f 1049/1181/227 1022/1182/227 1020/1152/227 1047/1180/227
f 1050/1183/227 1023/1184/227 1022/1182/227 1049/1181/227
f 1051/1185/227 1024/1186/227 1023/1184/227 1050/1183/227
f 1052/1187/227 1025/1188/227 1024/1186/227 1051/1185/227
f 1053/1189/227 1026/1190/227 1025/1188/227 1052/1187/227
f 1054/1191/227 1027/1192/227 1026/1190/227 1053/1189/227
f 1055/1193/227 1046/1178/227 609/689/227 618/698/227
f 1048/1179/227 1057/1194/227 1056/1195/227 1047/1180/227
f 1057/1194/227 1048/1179/227 1046/1178/227 1055/1193/227
f 1058/1196/227 1049/1181/227 1047/1180/227 1056/1195/227
f 1059/1197/227 1050/1183/227 1049/1181/227 1058/1196/227
f 1060/1198/227 1051/1185/227 1050/1183/227 1059/1197/227
f 1061/1199/227 1052/1187/227 1051/1185/227 1060/1198/227
f 1062/1200/227 1053/1189/227 1052/1187/227 1061/1199/227
f 1063/1201/227 1054/1191/227 1053/1189/227 1062/1200/227
f 1064/1202/227 1055/1193/227 618/698/227 627/707/227
f 1057/1194/227 1066/1203/227 1065/1204/227 1056/1195/227
f 1066/1203/227 1057/1194/227 1055/1193/227 1064/1202/227
f 1067/1205/227 1058/1196/227 1056/1195/227 1065/1204/227
f 1068/1206/227 1059/1197/227 1058/1196/227 1067/1205/227
f 1069/1207/227 1060/1198/227 1059/1197/227 1068/1206/227
f 1070/1208/227 1061/1199/227 1060/1198/227 1069/1207/227
f 1071/1209/227 1062/1200/227 1061/1199/227 1070/1208/227
f 1072/1210/227 1063/1201/227 1062/1200/227 1071/1209/227
f 1073/1211/227 1064/1202/227 627/707/227 636/716/227
f 1066/1203/227 1075/1212/227 1074/1213/227 1065/1204/227
f 1075/1212/227 1066/1203/227 1064/1202/227 1073/1211/227
f 1076/1214/227 1067/1205/227 1065/1204/227 1074/1213/227
f 1077/1215/227 1068/1206/227 1067/1205/227 1076/1214/227
f 1078/1216/227 1069/1207/227 1068/1206/227 1077/1215/227
f 1079/1217/227 1070/1208/227 1069/1207/227 1078/1216/227
f 1080/1218/227 1071/1209/227 1070/1208/227 1079/1217/227
f 1081/1219/227 1072/1210/227 1071/1209/227 1080/1218/227
f 1082/1220/227 1073/1211/227 636/716/227 645/725/227
f 1075/1212/227 1084/1221/227 1083/1222/227 1074/1213/227
f 1084/1221/227 1075/1212/227 1073/1211/227 1082/1220/227
f 1085/1223/227 1076/1214/227 1074/1213/227 1083/1222/227
f 1086/1224/227 1077/1215/227 1076/1214/227 1085/1223/227
f 1087/1225/227 1078/1216/227 1077/1215/227 1086/1224/227
f 1088/1226/227 1079/1217/227 1078/1216/227 1087/1225/227
f 1089/1227/227 1080/1218/227 1079/1217/227 1088/1226/227
f 1090/1228/227 1081/1219/227 1080/1218/227 1089/1227/227
f 1091/1229/227 1082/1220/227 645/725/227 654/734/227
f 1084/1221/227 1093/1230/227 1092/1231/227 1083/1222/227
f 1093/1230/227 1084/1221/227 1082/1220/227 1091/1229/227
f 1094/1232/227 1085/1223/227 1083/1222/227 1092/1231/227
f 1095/1233/227 1086/1224/227 1085/1223/227 1094/1232/227
f 1096/1234/227 1087/1225/227 1086/1224/227 1095/1233/227
f 1097/1235/227 1088/1226/227 1087/1225/227 1096/1234/227
f 1098/1236/524 1089/1227/524 1088/1226/524 1097/1235/524
f 1099/1237/525 1090/1228/525 1089/1227/525 1098/1236/525
f 1100/1238/227 1091/1229/227 654/734/227 663/743/227
f 1093/1230/227 1102/1239/227 1101/1240/227 1092/1231/227
f 1102/1239/227 1093/1230/227 1091/1229/227 1100/1238/227
f 1103/1241/227 1094/1232/227 1092/1231/227 1101/1240/227
f 1104/1242/526 1095/1233/526 1094/1232/526 1103/1241/526
f 1105/1243/527 1096/1234/527 1095/1233/527 1104/1242/527
f 1106/1244/227 1097/1235/227 1096/1234/227 1105/1243/227
f 1107/1245/528 1098/1236/528 1097/1235/528 1106/1244/528
f 1108/1246/529 1099/1237/529 1098/1236/529 1107/1245/529
f 1109/1247/227 1100/1238/227 663/743/227 672/752/227
f 1102/1239/530 1111/1248/530 1110/1249/530 1101/1240/530
f 1111/1248/531 1102/1239/531 1100/1238/531 1109/1247/531
f 1112/1250/532 1103/1241/532 1101/1240/532 1110/1249/532
f 1113/1251/533 1104/1242/533 1103/1241/533 1112/1250/533
f 1114/1252/534 1105/1243/534 1104/1242/534 1113/1251/534
f 1115/1253/227 1106/1244/227 1105/1243/227 1114/1252/227
f 1116/1254/227 1107/1245/227 1106/1244/227 1115/1253/227
f 1117/1255/227 1108/1246/227 1107/1245/227 1116/1254/227
f 1036/1168/3 1118/1256/3 871/983/3 775/878/3
f 1037/1169/3 1119/1257/3 1118/1256/3 1036/1168/3
f 1038/1170/3 1120/1258/3 1119/1257/3 1037/1169/3
f 1039/1171/3 1121/1259/3 1120/1258/3 1038/1170/3
f 1040/1172/3 1122/1260/3 1121/1259/3 1039/1171/3
f 1041/1173/3 1123/1261/3 1122/1260/3 1040/1172/3
f 1042/1174/535 1124/1262/535 1123/1261/535 1041/1173/535
f 1043/1175/536 1125/1263/536 1124/1262/536 1042/1174/536
f 1126/1264/420 879/998/420 871/999/420 1118/1265/420
f 1127/1266/420 1126/1264/420 1118/1265/420 1119/1267/420
f 1128/1268/420 1127/1266/420 1119/1267/420 1120/1269/420
f 1129/1270/537 1128/1268/420 1120/1269/420 1121/1271/537
f 1130/1272/538 1129/1270/537 1121/1271/537 1122/1273/538
f 1131/1274/539 1130/1272/538 1122/1273/538 1123/1275/539
f 1132/1276/540 1131/1277/540 1123/1261/540 1124/1262/540
f 1133/1278/541 1132/1276/541 1124/1262/541 1125/1263/541
f 1126/1264/428 1135/1279/428 888/1010/428 879/998/428
f 1127/1266/428 1136/1280/428 1135/1279/428 1126/1264/428
f 1128/1268/428 1137/1281/428 1136/1280/428 1127/1266/428
f 1129/1270/428 1138/1282/428 1137/1281/428 1128/1268/428
f 1130/1272/542 1139/1283/542 1138/1282/542 1129/1270/542
f 1131/1274/543 1140/1284/543 1139/1283/543 1130/1272/543
f 1132/1285/544 1141/1286/545 1140/1284/546 1131/1274/547
f 1133/1287/548 1142/1288/548 1141/1286/545 1132/1285/544
f 1142/1288/549 1133/1287/549 1125/1289/549 1134/1290/549
f 1135/1279/428 1144/1291/428 897/1020/442 888/1010/428
f 1136/1280/428 1145/1292/428 1144/1291/428 1135/1279/428
f 1137/1281/428 1146/1293/428 1145/1292/428 1136/1280/428
f 1138/1282/428 1147/1294/550 1146/1293/428 1137/1281/428
f 1139/1283/551 1148/1295/552 1147/1294/553 1138/1282/553
f 1140/1284/554 1149/1296/555 1148/1295/552 1139/1283/551
f 1141/1286/545 1150/1297/556 1149/1296/556 1140/1284/546
f 1142/1288/557 1151/1298/557 1150/1297/557 1141/1286/557
f 1151/1298/558 1142/1288/558 1134/1290/558 1143/1299/558
f 1144/1291/428 1153/1300/429 906/1030/451 897/1020/442
f 1145/1292/428 1154/1301/559 1153/1300/429 1144/1291/428
f 1146/1293/428 1155/1302/428 1154/1301/559 1145/1292/428
f 1147/1294/550 1156/1303/560 1155/1302/428 1146/1293/428
f 1148/1295/561 1157/1304/550 1156/1303/560 1147/1294/550
f 1149/1296/555 1158/1305/562 1157/1304/562 1148/1295/552
f 1150/1297/563 1159/1306/563 1158/1305/563 1149/1296/563
f 1151/1298/564 1160/1307/564 1159/1306/564 1150/1297/564
f 1160/1307/565 1151/1298/565 1143/1299/565 1152/1308/565
f 1153/1300/566 1162/1309/566 915/1040/566 906/1030/566
f 1154/1301/559 1163/1310/567 1162/1309/568 1153/1300/429
f 1155/1302/428 1164/1311/569 1163/1310/567 1154/1301/559
f 1156/1303/560 1165/1312/428 1164/1311/569 1155/1302/428
f 1157/1304/550 1166/1313/428 1165/1312/428 1156/1303/560
f 1158/1305/428 1167/1314/428 1166/1313/428 1157/1304/550
f 1159/1306/428 1168/1315/428 1167/1314/428 1158/1305/428
f 1160/1307/570 1169/1316/570 1168/1315/570 1159/1306/570
f 1169/1317/571 1160/1318/571 1152/1319/571 1161/1320/571
f 1162/1309/572 1171/1321/572 924/1050/572 915/1040/572
f 1163/1310/573 1172/1322/573 1171/1321/573 1162/1309/573
f 1164/1311/569 1173/1323/574 1172/1322/575 1163/1310/567
f 1165/1312/428 1174/1324/576 1173/1323/574 1164/1311/569
f 1166/1313/428 1175/1325/577 1174/1324/576 1165/1312/428
f 1167/1314/428 1176/1326/430 1175/1325/577 1166/1313/428
f 1168/1315/428 1177/1327/428 1176/1326/430 1167/1314/428
f 1169/1316/428 1178/1328/428 1177/1327/428 1168/1315/428
f 1178/1328/578 1169/1316/578 1161/1329/578 1170/1330/578
f 1171/1321/579 1180/1331/579 933/1060/579 924/1050/579
f 1172/1322/580 1181/1332/580 1180/1331/580 1171/1321/580
f 1173/1323/581 1182/1333/581 1181/1332/581 1172/1322/581
f 1174/1324/582 1183/1334/582 1182/1333/582 1173/1323/582
f 1175/1325/577 1184/1335/583 1183/1334/584 1174/1324/576
f 1176/1326/430 1185/1336/585 1184/1335/583 1175/1325/577
f 1177/1327/428 1186/1337/428 1185/1336/585 1176/1326/430
f 1178/1328/428 1187/1338/428 1186/1337/428 1177/1327/428
f 1187/1338/578 1178/1328/578 1170/1330/578 1179/1339/578
f 1180/1331/586 1189/1340/587 942/1070/424 933/1060/486
f 1181/1332/588 1190/1341/588 1189/1340/588 1180/1331/588
f 1182/1333/589 1191/1342/589 1190/1341/589 1181/1332/589
f 1183/1334/590 1192/1343/590 1191/1342/590 1182/1333/590
f 1184/1335/591 1193/1344/591 1192/1343/591 1183/1334/591
f 1185/1336/592 1194/1345/592 1193/1344/592 1184/1335/592
f 1186/1337/593 1195/1346/593 1194/1345/593 1185/1336/593
f 1187/1338/428 1196/1347/428 1195/1346/428 1186/1337/428
f 1196/1347/578 1187/1338/578 1179/1339/578 1188/1348/578
f 1197/1349/594 1044/1350/227 1027/1192/227 1054/1191/227
f 1045/1177/226 1198/1351/226 1125/1263/226 1043/1175/226
f 1198/1352/595 1045/1353/227 1044/1350/227 1197/1349/594
f 1199/1354/594 1197/1349/594 1054/1191/227 1063/1201/227
f 1198/1352/595 1200/1355/596 1134/1356/597 1125/1357/598
f 1200/1355/596 1198/1352/595 1197/1349/594 1199/1354/594
f 1201/1358/599 1199/1354/594 1063/1201/227 1072/1210/227
f 1200/1355/596 1202/1359/600 1143/1360/601 1134/1356/597
f 1202/1359/600 1200/1355/596 1199/1354/594 1201/1358/599
f 1203/1361/602 1201/1358/599 1072/1210/227 1081/1219/227
f 1202/1359/603 1204/1362/603 1152/1319/603 1143/1360/603
f 1204/1362/604 1202/1359/600 1201/1358/599 1203/1361/602
f 1205/1363/605 1203/1361/605 1081/1219/605 1090/1228/605
f 1204/1362/606 1206/1364/606 1161/1320/606 1152/1319/606
f 1206/1364/607 1204/1362/607 1203/1361/607 1205/1363/607
f 1207/1365/608 1205/1363/608 1090/1228/608 1099/1237/608
f 1206/1364/227 1208/1366/227 1170/1367/227 1161/1320/227
f 1208/1366/609 1206/1364/609 1205/1363/609 1207/1365/609
f 1209/1368/227 1207/1365/227 1099/1237/227 1108/1246/227
f 1208/1366/227 1210/1369/227 1179/1370/227 1170/1367/227
f 1210/1369/227 1208/1366/227 1207/1365/227 1209/1368/227
f 1211/1371/227 1209/1368/227 1108/1246/227 1117/1255/227
f 1210/1369/227 1212/1372/227 1188/1373/227 1179/1370/227
f 1212/1372/227 1210/1369/227 1209/1368/227 1211/1371/227
f 1214/1374/6 197/241/6 196/242/6 1213/1375/6
f 1215/1376/6 198/243/6 197/241/6 1214/1374/6
f 199/244/132 1216/1377/610 1213/1378/610 196/245/132
f 200/246/133 1217/1379/611 1216/1377/611 199/244/133
f 1219/1380/6 1214/1374/6 1213/1375/6 1218/1381/6
f 1220/1382/6 1215/1376/6 1214/1374/6 1219/1380/6
f 1216/1377/610 1221/1383/612 1218/1384/613 1213/1378/610
f 1217/1379/614 1222/1385/614 1221/1383/614 1216/1377/614
f 1224/1386/6 1219/1380/6 1218/1381/6 1223/1387/6
f 1225/1388/6 1220/1382/6 1219/1380/6 1224/1386/6
f 1221/1383/612 1226/1389/615 1223/1390/615 1218/1384/613
f 1222/1385/616 1227/1391/616 1226/1389/616 1221/1383/616
f 1229/1392/6 1224/1386/6 1223/1387/6 1228/1393/6
f 1230/1394/6 1225/1388/6 1224/1386/6 1229/1392/6
f 1226/1389/615 1231/1395/617 1228/1396/617 1223/1390/615
f 1227/1391/618 1232/1397/618 1231/1395/618 1226/1389/618
f 1234/1398/6 1229/1392/6 1228/1393/6 1233/1399/6
f 1235/1400/619 1230/1394/619 1229/1392/619 1234/1398/619
f 1231/1395/617 1236/1401/132 1233/1402/132 1228/1396/617
f 1232/1397/620 1237/1403/621 1236/1401/622 1231/1395/620
f 1239/1404/6 1234/1398/6 1233/1399/6 1238/1405/6
f 1240/1406/623 1235/1400/623 1234/1398/623 1239/1404/623
f 1236/1401/132 1241/1407/132 1238/1408/132 1233/1402/132
f 1237/1403/621 1242/1409/10 1241/1407/10 1236/1401/622
f 1244/1410/6 1239/1404/6 1238/1405/6 1243/1411/6
f 1245/1412/6 1240/1406/6 1239/1404/6 1244/1410/6
f 1241/1407/132 1246/1413/132 1243/1414/132 1238/1408/132
f 1242/1409/10 1247/1415/10 1246/1413/10 1241/1407/10
f 1249/1416/624 1244/1410/6 1243/1411/6 1248/1417/6
f 1250/1418/625 1245/1412/6 1244/1410/6 1249/1416/624
f 1246/1413/132 1251/1419/626 1248/1420/626 1243/1414/132
f 1247/1415/10 1252/1421/10 1251/1419/10 1246/1413/10
f 1253/1422/6 257/303/6 198/243/6 1215/1376/6
f 1254/1423/6 258/304/6 257/303/6 1253/1422/6
f 1255/1424/6 259/305/6 258/304/6 1254/1423/6
f 1256/1425/6 260/306/6 259/305/6 1255/1424/6
f 1257/1426/6 261/307/6 260/306/6 1256/1425/6
f 1258/1427/6 262/308/6 261/307/6 1257/1426/6
f 1259/1428/6 263/309/6 262/308/6 1258/1427/6
f 1260/1429/6 264/310/6 263/309/6 1259/1428/6
f 1261/1430/6 1253/1422/6 1215/1376/6 1220/1382/6
f 1262/1431/6 1254/1423/6 1253/1422/6 1261/1430/6
f 1263/1432/6 1255/1424/6 1254/1423/6 1262/1431/6
f 1264/1433/6 1256/1425/6 1255/1424/6 1263/1432/6
f 1265/1434/6 1257/1426/6 1256/1425/6 1264/1433/6
f 1266/1435/6 1258/1427/6 1257/1426/6 1265/1434/6
f 1267/1436/6 1259/1428/6 1258/1427/6 1266/1435/6
f 1268/1437/6 1260/1429/6 1259/1428/6 1267/1436/6
f 1269/1438/6 1261/1430/6 1220/1382/6 1225/1388/6
f 1270/1439/627 1262/1431/6 1261/1430/6 1269/1438/6
f 1271/1440/627 1263/1432/6 1262/1431/6 1270/1439/627
f 1272/1441/6 1264/1433/6 1263/1432/6 1271/1440/627
f 1273/1442/6 1265/1434/6 1264/1433/6 1272/1441/6
f 1274/1443/6 1266/1435/6 1265/1434/6 1273/1442/6
f 1275/1444/6 1267/1436/6 1266/1435/6 1274/1443/6
f 1276/1445/6 1268/1437/6 1267/1436/6 1275/1444/6
f 1277/1446/628 1269/1438/628 1225/1388/628 1230/1394/628
f 1278/1447/629 1270/1439/629 1269/1438/629 1277/1446/629
f 1279/1448/630 1271/1440/627 1270/1439/627 1278/1447/630
f 1280/1449/631 1272/1441/631 1271/1440/631 1279/1448/631
f 1281/1450/632 1273/1442/632 1272/1441/632 1280/1449/632
f 1282/1451/633 1274/1443/633 1273/1442/633 1281/1450/633
f 1283/1452/6 1275/1444/6 1274/1443/6 1282/1451/6
f 1284/1453/6 1276/1445/6 1275/1444/6 1283/1452/6
f 1285/1454/267 1277/1446/267 1230/1394/267 1235/1400/267
f 1286/1455/634 1278/1447/634 1277/1446/634 1285/1454/634
f 1287/1456/635 1279/1448/636 1278/1447/636 1286/1455/635
f 1288/1457/637 1280/1449/637 1279/1448/637 1287/1456/637
f 1289/1458/638 1281/1450/638 1280/1449/638 1288/1457/638
f 1290/1459/639 1282/1451/639 1281/1450/639 1289/1458/639
f 1291/1460/640 1283/1452/640 1282/1451/640 1290/1459/640
f 1292/1461/641 1284/1453/641 1283/1452/641 1291/1460/641
f 1293/1462/642 1285/1454/642 1235/1400/642 1240/1406/642
f 1294/1463/6 1286/1455/635 1285/1454/6 1293/1462/6
f 1295/1464/6 1287/1456/635 1286/1455/635 1294/1463/6
f 1296/1465/6 1288/1457/6 1287/1456/635 1295/1464/6
f 1297/1466/6 1289/1458/6 1288/1457/6 1296/1465/6
f 1298/1467/6 1290/1459/6 1289/1458/6 1297/1466/6
f 1299/1468/643 1291/1460/643 1290/1459/643 1298/1467/643
f 1300/1469/644 1292/1461/644 1291/1460/644 1299/1468/644
f 1301/1470/6 1293/1462/6 1240/1406/6 1245/1412/6
f 1302/1471/6 1294/1463/6 1293/1462/6 1301/1470/6
f 1303/1472/6 1295/1464/6 1294/1463/6 1302/1471/6
f 1304/1473/6 1296/1465/6 1295/1464/6 1303/1472/6
f 1305/1474/6 1297/1466/6 1296/1465/6 1304/1473/6
f 1306/1475/6 1298/1467/6 1297/1466/6 1305/1474/6
f 1307/1476/6 1299/1468/6 1298/1467/6 1306/1475/6
f 1308/1477/645 1300/1469/645 1299/1468/645 1307/1476/645
f 1309/1478/646 1301/1470/6 1245/1412/6 1250/1418/625
f 1310/1479/647 1302/1471/6 1301/1470/6 1309/1478/646
f 1311/1480/6 1303/1472/6 1302/1471/6 1310/1479/647
f 1312/1481/648 1304/1473/6 1303/1472/6 1311/1480/6
f 1313/1482/649 1305/1474/6 1304/1473/6 1312/1481/648
f 1314/1483/650 1306/1475/6 1305/1474/6 1313/1482/649
f 1315/1484/6 1307/1476/6 1306/1475/6 1314/1483/650
f 1316/1485/6 1308/1477/6 1307/1476/6 1315/1484/6
f 328/374/133 1317/1486/651 1217/1379/611 200/246/133
f 329/375/10 1318/1487/652 1317/1486/651 328/374/133
f 330/376/10 1319/1488/653 1318/1487/652 329/375/10
f 331/377/654 1320/1489/654 1319/1488/654 330/376/654
f 332/378/655 1321/1490/655 1320/1489/655 331/377/655
f 333/379/656 1322/1491/656 1321/1490/656 332/378/656
f 334/380/198 1323/1492/657 1322/1491/658 333/379/170
f 335/381/10 1324/1493/10 1323/1492/657 334/380/198
f 336/382/10 1325/1494/10 1324/1493/10 335/381/10
f 1317/1486/659 1326/1495/659 1222/1385/659 1217/1379/659
f 1318/1487/660 1327/1496/660 1326/1495/660 1317/1486/660
f 1319/1488/653 1328/1497/661 1327/1496/661 1318/1487/652
f 1320/1489/662 1329/1498/663 1328/1497/663 1319/1488/662
f 1321/1490/664 1330/1499/664 1329/1498/664 1320/1489/664
f 1322/1491/665 1331/1500/665 1330/1499/665 1321/1490/665
f 1323/1492/657 1332/1501/666 1331/1500/667 1322/1491/658
f 1324/1493/10 1333/1502/10 1332/1501/666 1323/1492/657
f 1325/1494/10 1334/1503/10 1333/1502/10 1324/1493/10
f 1326/1495/668 1335/1504/668 1227/1391/668 1222/1385/668
f 1327/1496/669 1336/1505/669 1335/1504/669 1326/1495/669
f 1328/1497/670 1337/1506/670 1336/1505/670 1327/1496/670
f 1329/1498/663 1338/1507/671 1337/1506/671 1328/1497/663
f 1330/1499/672 1339/1508/672 1338/1507/672 1329/1498/672
f 1331/1500/673 1340/1509/673 1339/1508/673 1330/1499/673
f 1332/1501/666 1341/1510/674 1340/1509/675 1331/1500/667
f 1333/1502/10 1342/1511/10 1341/1510/674 1332/1501/666
f 1334/1503/10 1343/1512/10 1342/1511/10 1333/1502/10
f 1335/1504/676 1344/1513/676 1232/1397/676 1227/1391/676
f 1336/1505/677 1345/1514/677 1344/1513/677 1335/1504/677
f 1337/1506/678 1346/1515/678 1345/1514/678 1336/1505/678
f 1338/1507/671 1347/1516/679 1346/1515/679 1337/1506/671
f 1339/1508/680 1348/1517/680 1347/1516/680 1338/1507/680
f 1340/1509/681 1349/1518/681 1348/1517/681 1339/1508/681
f 1341/1510/682 1350/1519/682 1349/1518/682 1340/1509/682
f 1342/1511/10 1351/1520/10 1350/1519/10 1341/1510/674
f 1343/1512/10 1352/1521/10 1351/1520/10 1342/1511/10
f 1344/1513/683 1353/1522/683 1237/1403/683 1232/1397/683
f 1345/1514/684 1354/1523/684 1353/1522/684 1344/1513/684
f 1346/1515/685 1355/1524/685 1354/1523/685 1345/1514/685
f 1347/1516/679 1356/1525/686 1355/1524/687 1346/1515/679
f 1348/1517/688 1357/1526/688 1356/1525/688 1347/1516/688
f 1349/1518/689 1358/1527/689 1357/1526/689 1348/1517/689
f 1350/1519/690 1359/1528/690 1358/1527/690 1349/1518/690
f 1351/1520/10 1360/1529/10 1359/1528/691 1350/1519/10
f 1352/1521/10 1361/1530/10 1360/1529/10 1351/1520/10
f 1353/1522/692 1362/1531/10 1242/1409/10 1237/1403/621
f 1354/1523/692 1363/1532/692 1362/1531/10 1353/1522/692
f 1355/1524/687 1364/1533/10 1363/1532/692 1354/1523/692
f 1356/1525/686 1365/1534/693 1364/1533/10 1355/1524/687
f 1357/1526/694 1366/1535/695 1365/1534/693 1356/1525/686
f 1358/1527/696 1367/1536/697 1366/1535/695 1357/1526/694
f 1359/1528/691 1368/1537/698 1367/1536/697 1358/1527/696
f 1360/1529/10 1369/1538/10 1368/1537/698 1359/1528/691
f 1361/1530/10 1370/1539/10 1369/1538/10 1360/1529/10
f 1362/1531/10 1371/1540/10 1247/1415/10 1242/1409/10
f 1363/1532/692 1372/1541/10 1371/1540/10 1362/1531/10
f 1364/1533/10 1373/1542/10 1372/1541/10 1363/1532/692
f 1365/1534/693 1374/1543/10 1373/1542/10 1364/1533/10
f 1366/1535/695 1375/1544/10 1374/1543/10 1365/1534/693
f 1367/1536/697 1376/1545/10 1375/1544/10 1366/1535/695
f 1368/1537/698 1377/1546/10 1376/1545/10 1367/1536/697
f 1369/1538/10 1378/1547/10 1377/1546/10 1368/1537/698
f 1370/1539/10 1379/1548/10 1378/1547/10 1369/1538/10
f 1371/1540/10 1380/1549/10 1252/1421/10 1247/1415/10
f 1372/1541/10 1381/1550/10 1380/1549/10 1371/1540/10
f 1373/1542/10 1382/1551/10 1381/1550/10 1372/1541/10
f 1374/1543/10 1383/1552/10 1382/1551/10 1373/1542/10
f 1375/1544/10 1384/1553/10 1383/1552/10 1374/1543/10
f 1376/1545/10 1385/1554/10 1384/1553/10 1375/1544/10
f 1377/1546/10 1386/1555/10 1385/1554/10 1376/1545/10
f 1378/1547/10 1387/1556/10 1386/1555/10 1377/1546/10
f 1379/1548/10 1388/1557/10 1387/1556/10 1378/1547/10
f 1390/1558/699 1249/1416/624 1248/1417/6 1389/1559/6
f 1391/1560/700 1250/1418/625 1249/1416/624 1390/1558/699
f 1251/1419/626 1392/1561/701 1389/1562/701 1248/1420/626
f 1252/1421/10 1393/1563/10 1392/1561/10 1251/1419/10
f 1395/1564/6 1390/1558/699 1389/1559/6 1394/1565/6
f 1396/1566/702 1391/1560/702 1390/1558/702 1395/1564/702
f 1392/1561/701 1397/1567/703 1394/1568/703 1389/1562/701
f 1393/1563/10 1398/1569/10 1397/1567/10 1392/1561/10
f 1401/1570/6 1395/1564/6 1394/1565/6 1400/1571/6
f 1402/1572/704 1396/1566/704 1395/1564/704 1401/1570/704
f 1397/1567/703 1403/1573/705 1400/1574/705 1394/1568/703
f 1403/1575/706 1404/1576/706 1401/1577/706 1400/1578/706
f 1404/1576/707 1405/1579/707 1402/1580/707 1401/1577/707
f 1398/1569/10 1406/1581/10 1403/1573/10 1397/1567/10
f 1406/1582/708 1407/1583/708 1404/1576/708 1403/1575/708
f 1399/1584/709 1407/1583/709 1406/1582/709 1398/1585/709
f 1407/1583/710 1408/1586/710 1405/1579/710 1404/1576/710
f 1409/1587/711 1309/1478/646 1250/1418/625 1391/1560/700
f 1410/1588/712 1310/1479/647 1309/1478/646 1409/1587/711
f 1411/1589/6 1311/1480/6 1310/1479/647 1410/1588/712
f 1412/1590/713 1312/1481/648 1311/1480/6 1411/1589/6
f 1413/1591/714 1313/1482/649 1312/1481/648 1412/1590/713
f 1414/1592/715 1314/1483/650 1313/1482/649 1413/1591/714
f 1415/1593/716 1315/1484/6 1314/1483/650 1414/1592/715
f 1416/1594/6 1316/1485/6 1315/1484/6 1415/1593/716
f 1417/1595/717 1409/1587/717 1391/1560/717 1396/1566/717
f 1418/1596/718 1410/1588/718 1409/1587/718 1417/1595/718
f 1419/1597/6 1411/1589/6 1410/1588/712 1418/1596/6
f 1420/1598/719 1412/1590/713 1411/1589/6 1419/1597/6
f 1421/1599/720 1413/1591/714 1412/1590/713 1420/1598/720
f 1422/1600/721 1414/1592/715 1413/1591/714 1421/1599/722
f 1423/1601/723 1415/1593/716 1414/1592/715 1422/1600/721
f 1424/1602/6 1416/1594/6 1415/1593/716 1423/1601/723
f 1425/1603/724 1417/1595/724 1396/1566/724 1402/1572/724
f 1426/1604/725 1418/1596/725 1417/1595/725 1425/1603/725
f 1427/1605/6 1419/1597/6 1418/1596/6 1426/1604/6
f 1428/1606/726 1420/1598/719 1419/1597/6 1427/1605/6
f 1429/1607/727 1421/1599/728 1420/1598/719 1428/1606/726
f 1430/1608/729 1422/1600/729 1421/1599/728 1429/1607/727
f 1431/1609/730 1423/1601/723 1422/1600/721 1430/1608/731
f 1432/1610/6 1424/1602/6 1423/1601/723 1431/1609/730
f 1405/1611/732 1433/1612/732 1425/1603/732 1402/1572/732
f 1433/1613/733 1434/1614/733 1426/1615/733 1425/1616/733
f 1434/1614/734 1435/1617/735 1427/1618/735 1426/1615/734
f 1435/1617/735 1436/1619/736 1428/1620/736 1427/1618/735
f 1436/1619/737 1437/1621/737 1429/1622/737 1428/1620/737
f 1437/1623/738 1438/1624/738 1430/1608/738 1429/1607/738
f 1438/1625/739 1439/1626/739 1431/1627/739 1430/1628/739
f 1439/1626/734 1440/1629/734 1432/1630/734 1431/1627/734
f 1408/1586/740 1441/1631/740 1433/1613/740 1405/1579/740
f 1441/1632/741 1442/1633/741 1434/1634/741 1433/1635/741
f 1442/1636/742 1443/1637/742 1435/1617/742 1434/1614/742
f 1443/1637/743 1444/1638/743 1436/1619/743 1435/1617/743
f 1444/1639/744 1445/1640/744 1437/1641/744 1436/1642/744
f 1445/1643/745 1446/1644/745 1438/1625/745 1437/1621/745
f 1446/1644/746 1447/1645/746 1439/1626/746 1438/1625/746
f 1447/1645/708 1448/1646/708 1440/1629/708 1439/1626/708
f 1380/1549/10 1449/1647/10 1393/1563/10 1252/1421/10
f 1381/1550/10 1450/1648/10 1449/1647/10 1380/1549/10
f 1382/1551/10 1451/1649/10 1450/1648/10 1381/1550/10
f 1383/1552/10 1452/1650/10 1451/1649/10 1382/1551/10
f 1384/1553/10 1453/1651/10 1452/1650/10 1383/1552/10
f 1385/1554/10 1454/1652/10 1453/1651/10 1384/1553/10
f 1386/1555/10 1455/1653/10 1454/1652/10 1385/1554/10
f 1387/1556/10 1456/1654/10 1455/1653/10 1386/1555/10
f 1388/1557/10 1457/1655/10 1456/1654/10 1387/1556/10
f 1449/1647/10 1458/1656/10 1398/1569/10 1393/1563/10
f 1458/1656/10 1459/1657/10 1399/1658/10 1398/1569/10
f 1450/1648/10 1459/1657/10 1458/1656/10 1449/1647/10
f 1451/1649/10 1461/1659/10 1459/1657/10 1450/1648/10
f 1461/1660/708 1462/1661/708 1460/1662/708 1459/1663/708
f 1452/1650/10 1463/1664/10 1461/1659/10 1451/1649/10
f 1463/1665/708 1464/1666/708 1462/1661/708 1461/1660/708
f 1453/1651/10 1465/1667/10 1463/1664/10 1452/1650/10
f 1465/1668/708 1466/1669/747 1464/1666/708 1463/1665/708
f 1454/1652/10 1467/1670/10 1465/1667/10 1453/1651/10
f 1467/1671/708 1468/1672/747 1466/1669/747 1465/1668/708
f 1455/1653/10 1469/1673/10 1467/1670/10 1454/1652/10
f 1469/1674/708 1470/1675/748 1468/1672/747 1467/1671/708
f 1456/1654/10 1471/1676/10 1469/1673/10 1455/1653/10
f 1471/1677/708 1472/1678/708 1470/1675/748 1469/1674/708
f 1457/1655/10 1473/1679/10 1471/1676/10 1456/1654/10
f 1473/1680/708 1474/1681/708 1472/1678/708 1471/1677/708
f 1459/1663/708 1475/1682/749 1407/1583/750 1399/1584/708
f 1475/1682/749 1476/1683/751 1408/1586/752 1407/1583/750
f 1460/1662/708 1476/1683/751 1475/1682/749 1459/1663/708
f 1462/1684/753 1485/1685/753 1477/1686/753 1460/1687/753
f 1485/1688/754 1486/1689/754 1478/1690/754 1477/1691/754
f 1486/1689/755 1487/1692/755 1479/1693/755 1478/1690/755
f 1487/1692/756 1488/1694/756 1480/1695/756 1479/1693/756
f 1488/1694/757 1489/1696/757 1481/1697/757 1480/1695/757
f 1489/1696/758 1490/1698/708 1482/1699/708 1481/1697/708
f 1490/1698/759 1491/1700/759 1483/1701/759 1482/1699/759
f 1491/1700/760 1492/1702/760 1484/1703/760 1483/1701/760
f 1464/1666/761 1493/1704/761 1485/1688/761 1462/1661/761
f 1493/1704/762 1494/1705/762 1486/1689/762 1485/1688/762
f 1494/1705/763 1495/1706/763 1487/1692/763 1486/1689/763
f 1495/1706/764 1496/1707/764 1488/1694/764 1487/1692/764
f 1496/1707/758 1497/1708/765 1489/1696/758 1488/1694/766
f 1497/1708/765 1498/1709/708 1490/1698/708 1489/1696/758
f 1498/1709/767 1499/1710/767 1491/1700/767 1490/1698/767
f 1499/1710/768 1500/1711/768 1492/1702/768 1491/1700/768
f 1466/1669/747 1501/1712/747 1493/1704/708 1464/1666/708
f 1501/1712/769 1502/1713/769 1494/1705/769 1493/1704/769
f 1502/1713/770 1503/1714/770 1495/1706/770 1494/1705/770
f 1503/1714/771 1504/1715/771 1496/1707/771 1495/1706/771
f 1504/1715/708 1505/1716/708 1497/1708/765 1496/1707/758
f 1505/1716/708 1506/1717/708 1498/1709/708 1497/1708/765
f 1506/1717/772 1507/1718/772 1499/1710/772 1498/1709/772
f 1507/1718/773 1508/1719/773 1500/1711/773 1499/1710/773
f 1468/1672/747 1509/1720/774 1501/1712/747 1466/1669/747
f 1509/1721/775 1510/1722/775 1502/1723/775 1501/1724/775
f 1510/1725/776 1511/1726/776 1503/1714/776 1502/1713/776
f 1511/1726/777 1512/1727/777 1504/1715/777 1503/1714/777
f 1512/1727/708 1513/1728/708 1505/1716/708 1504/1715/708
f 1513/1728/708 1514/1729/708 1506/1717/708 1505/1716/708
f 1514/1729/778 1515/1730/778 1507/1718/778 1506/1717/778
f 1515/1730/779 1516/1731/779 1508/1719/779 1507/1718/779
f 1470/1675/748 1517/1732/748 1509/1720/774 1468/1672/747
f 1517/1733/780 1518/1734/780 1510/1722/780 1509/1721/780
f 1518/1735/781 1519/1736/781 1511/1726/781 1510/1725/781
f 1519/1736/782 1520/1737/782 1512/1727/782 1511/1726/782
f 1520/1737/708 1521/1738/708 1513/1728/708 1512/1727/708
f 1521/1738/708 1522/1739/708 1514/1729/708 1513/1728/708
f 1522/1739/708 1523/1740/708 1515/1730/708 1514/1729/708
f 1523/1740/783 1524/1741/783 1516/1731/783 1515/1730/783
f 1472/1678/708 1525/1742/708 1517/1732/748 1470/1675/748
f 1525/1742/784 1526/1743/784 1518/1735/784 1517/1732/784
f 1526/1743/785 1527/1744/785 1519/1736/785 1518/1735/785
f 1527/1744/786 1528/1745/786 1520/1737/786 1519/1736/786
f 1528/1745/708 1529/1746/708 1521/1738/708 1520/1737/708
f 1529/1746/708 1530/1747/708 1522/1739/708 1521/1738/708
f 1530/1747/708 1531/1748/708 1523/1740/708 1522/1739/708
f 1531/1748/787 1532/1749/787 1524/1741/787 1523/1740/787
f 1474/1681/708 1533/1750/708 1525/1742/708 1472/1678/708
f 1533/1750/708 1534/1751/708 1526/1743/708 1525/1742/708
f 1534/1751/788 1535/1752/788 1527/1744/788 1526/1743/788
f 1535/1752/789 1536/1753/789 1528/1745/789 1527/1744/789
f 1536/1753/708 1537/1754/708 1529/1746/708 1528/1745/708
f 1537/1754/708 1538/1755/708 1530/1747/708 1529/1746/708
f 1538/1755/790 1539/1756/790 1531/1748/790 1530/1747/790
f 1539/1756/791 1540/1757/791 1532/1749/791 1531/1748/791
f 1476/1758/792 1541/1759/792 1441/1632/792 1408/1760/792
f 1477/1686/793 1541/1759/793 1476/1758/793 1460/1687/793
f 1541/1759/794 1542/1761/794 1442/1633/794 1441/1632/794
f 1478/1762/795 1542/1761/795 1541/1759/795 1477/1686/795
f 1542/1763/796 1543/1764/796 1443/1765/796 1442/1766/796
f 1479/1693/797 1543/1767/797 1542/1768/797 1478/1690/797
f 1543/1767/798 1544/1769/798 1444/1638/798 1443/1637/798
f 1480/1695/799 1544/1769/799 1543/1767/799 1479/1693/799
f 1544/1769/800 1545/1770/800 1445/1643/800 1444/1638/800
f 1481/1697/801 1545/1770/801 1544/1769/801 1480/1695/801
f 1545/1770/802 1546/1771/802 1446/1644/802 1445/1643/802
f 1482/1699/708 1546/1771/708 1545/1770/708 1481/1697/708
f 1546/1771/766 1547/1772/766 1447/1645/766 1446/1644/766
f 1483/1701/803 1547/1772/803 1546/1771/803 1482/1699/803
f 1547/1772/804 1548/1773/804 1448/1646/804 1447/1645/804
f 1484/1703/805 1548/1773/805 1547/1772/805 1483/1701/805
f 1549/1774/6 553/625/6 264/310/6 1260/1429/6
f 1550/1775/6 554/626/6 553/625/6 1549/1774/6
f 1551/1776/6 555/627/6 554/626/6 1550/1775/6
f 1552/1777/6 556/628/6 555/627/6 1551/1776/6
f 1553/1778/6 557/629/6 556/628/6 1552/1777/6
f 1554/1779/6 558/630/6 557/629/6 1553/1778/6
f 1555/1780/6 559/631/6 558/630/6 1554/1779/6
f 1556/1781/6 560/632/6 559/631/6 1555/1780/6
f 1557/1782/6 1549/1774/6 1260/1429/6 1268/1437/6
f 1558/1783/6 1550/1775/6 1549/1774/6 1557/1782/6
f 1559/1784/6 1551/1776/6 1550/1775/6 1558/1783/6
f 1560/1785/6 1552/1777/6 1551/1776/6 1559/1784/6
f 1561/1786/6 1553/1778/6 1552/1777/6 1560/1785/6
f 1562/1787/6 1554/1779/6 1553/1778/6 1561/1786/6
f 1563/1788/6 1555/1780/6 1554/1779/6 1562/1787/6
f 1564/1789/6 1556/1781/6 1555/1780/6 1563/1788/6
f 1565/1790/6 1557/1782/6 1268/1437/6 1276/1445/6
f 1566/1791/6 1558/1783/6 1557/1782/6 1565/1790/6
f 1567/1792/6 1559/1784/6 1558/1783/6 1566/1791/6
f 1568/1793/6 1560/1785/6 1559/1784/6 1567/1792/6
f 1569/1794/6 1561/1786/6 1560/1785/6 1568/1793/6
f 1570/1795/6 1562/1787/6 1561/1786/6 1569/1794/6
f 1571/1796/6 1563/1788/6 1562/1787/6 1570/1795/6
f 1572/1797/6 1564/1789/6 1563/1788/6 1571/1796/6
f 1573/1798/6 1565/1790/6 1276/1445/6 1284/1453/6
f 1574/1799/6 1566/1791/6 1565/1790/6 1573/1798/6
f 1575/1800/6 1567/1792/6 1566/1791/6 1574/1799/6
f 1576/1801/6 1568/1793/6 1567/1792/6 1575/1800/6
f 1577/1802/6 1569/1794/6 1568/1793/6 1576/1801/6
f 1578/1803/6 1570/1795/6 1569/1794/6 1577/1802/6
f 1579/1804/6 1571/1796/6 1570/1795/6 1578/1803/6
f 1580/1805/806 1572/1797/6 1571/1796/6 1579/1804/6
f 1581/1806/6 1573/1798/6 1284/1453/6 1292/1461/6
f 1582/1807/6 1574/1799/6 1573/1798/6 1581/1806/6
f 1583/1808/6 1575/1800/6 1574/1799/6 1582/1807/6
f 1584/1809/6 1576/1801/6 1575/1800/6 1583/1808/6
f 1585/1810/6 1577/1802/6 1576/1801/6 1584/1809/6
f 1586/1811/6 1578/1803/6 1577/1802/6 1585/1810/6
f 1587/1812/6 1579/1804/6 1578/1803/6 1586/1811/6
f 1588/1813/807 1580/1805/806 1579/1804/6 1587/1812/6
f 1589/1814/808 1581/1806/808 1292/1461/808 1300/1469/808
f 1590/1815/6 1582/1807/6 1581/1806/6 1589/1814/6
f 1591/1816/6 1583/1808/6 1582/1807/6 1590/1815/6
f 1592/1817/6 1584/1809/6 1583/1808/6 1591/1816/6
f 1593/1818/6 1585/1810/6 1584/1809/6 1592/1817/6
f 1594/1819/6 1586/1811/6 1585/1810/6 1593/1818/6
f 1595/1820/6 1587/1812/6 1586/1811/6 1594/1819/6
f 1596/1821/809 1588/1813/807 1587/1812/6 1595/1820/6
f 1597/1822/810 1589/1814/810 1300/1469/810 1308/1477/810
f 1598/1823/811 1590/1815/811 1589/1814/811 1597/1822/811
f 1599/1824/812 1591/1816/812 1590/1815/812 1598/1823/812
f 1600/1825/6 1592/1817/6 1591/1816/6 1599/1824/6
f 1601/1826/6 1593/1818/6 1592/1817/6 1600/1825/6
f 1602/1827/6 1594/1819/6 1593/1818/6 1601/1826/6
f 1603/1828/6 1595/1820/6 1594/1819/6 1602/1827/6
f 1604/1829/6 1596/1821/809 1595/1820/6 1603/1828/6
f 1605/1830/6 1597/1822/6 1308/1477/6 1316/1485/6
f 1606/1831/813 1598/1823/813 1597/1822/813 1605/1830/813
f 1607/1832/814 1599/1824/814 1598/1823/814 1606/1831/814
f 1608/1833/815 1600/1825/815 1599/1824/815 1607/1832/815
f 1609/1834/816 1601/1826/816 1600/1825/816 1608/1833/816
f 1610/1835/817 1602/1827/817 1601/1826/817 1609/1834/817
f 1611/1836/818 1603/1828/818 1602/1827/818 1610/1835/818
f 1612/1837/819 1604/1829/819 1603/1828/819 1611/1836/819
f 1613/1838/6 596/675/6 560/632/6 1556/1781/6
f 1614/1839/6 597/676/6 596/675/6 1613/1838/6
f 1615/1840/6 598/677/6 597/676/6 1614/1839/6
f 1616/1841/276 599/678/276 598/679/276 1615/1842/276
f 1617/1843/227 600/680/227 599/678/227 1616/1841/227
f 1618/1844/6 1613/1838/6 1556/1781/6 1564/1789/6
f 1619/1845/6 1614/1839/6 1613/1838/6 1618/1844/6
f 1620/1846/6 1615/1840/6 1614/1839/6 1619/1845/6
f 1621/1847/276 1616/1841/276 1615/1842/276 1620/1848/276
f 1622/1849/227 1617/1843/227 1616/1841/227 1621/1847/227
f 1623/1850/6 1618/1844/6 1564/1789/6 1572/1797/6
f 1624/1851/6 1619/1845/6 1618/1844/6 1623/1850/6
f 1625/1852/6 1620/1846/6 1619/1845/6 1624/1851/6
f 1626/1853/276 1621/1847/276 1620/1848/276 1625/1854/276
f 1627/1855/227 1622/1849/227 1621/1847/227 1626/1853/227
f 1628/1856/820 1623/1850/6 1572/1797/6 1580/1805/806
f 1629/1857/821 1624/1851/6 1623/1850/6 1628/1856/820
f 1630/1858/6 1625/1852/6 1624/1851/6 1629/1857/821
f 1631/1859/276 1626/1853/276 1625/1854/276 1630/1860/276
f 1632/1861/227 1627/1855/227 1626/1853/227 1631/1859/227
f 1633/1862/822 1628/1856/820 1580/1805/806 1588/1813/822
f 1634/1863/823 1629/1857/821 1628/1856/820 1633/1862/824
f 1635/1864/6 1630/1858/6 1629/1857/821 1634/1863/823
f 1636/1865/276 1631/1859/276 1630/1860/276 1635/1866/276
f 1637/1867/227 1632/1861/227 1631/1859/227 1636/1865/227
f 1638/1868/825 1633/1862/826 1588/1813/807 1596/1821/809
f 1639/1869/827 1634/1863/823 1633/1862/828 1638/1868/828
f 1640/1870/6 1635/1864/6 1634/1863/823 1639/1869/827
f 1641/1871/829 1636/1865/829 1635/1866/829 1640/1872/829
f 1642/1873/830 1637/1867/830 1636/1865/830 1641/1871/830
f 1643/1874/6 1638/1868/825 1596/1821/809 1604/1829/6
f 1644/1875/831 1639/1869/831 1638/1868/831 1643/1874/831
f 1645/1876/832 1640/1870/832 1639/1869/832 1644/1875/832
f 1646/1877/833 1641/1871/833 1640/1872/833 1645/1878/833
f 1647/1879/834 1642/1873/834 1641/1871/834 1646/1877/834
f 1648/1880/835 1643/1874/835 1604/1829/835 1612/1837/835
f 1649/1881/836 1644/1875/836 1643/1874/836 1648/1880/836
f 1650/1882/837 1645/1876/837 1644/1875/837 1649/1881/837
f 1651/1883/838 1646/1877/838 1645/1878/838 1650/1884/838
f 1652/1885/839 1647/1879/839 1646/1877/839 1651/1883/839
f 665/744/227 1654/1886/227 1653/1887/227 664/745/227
f 1654/1886/227 665/744/227 600/680/227 1617/1843/227
f 1655/1888/227 666/746/227 664/745/227 1653/1887/227
f 1656/1889/227 667/747/227 666/746/227 1655/1888/227
f 1657/1890/227 668/748/227 667/747/227 1656/1889/227
f 1658/1891/227 669/749/227 668/748/227 1657/1890/227
f 1659/1892/227 670/750/227 669/749/227 1658/1891/227
f 1660/1893/227 671/751/227 670/750/227 1659/1892/227
f 1661/1894/840 672/752/840 671/751/840 1660/1893/840
f 1654/1886/227 1663/1895/227 1662/1896/227 1653/1887/227
f 1663/1895/227 1654/1886/227 1617/1843/227 1622/1849/227
f 1664/1897/227 1655/1888/227 1653/1887/227 1662/1896/227
f 1665/1898/227 1656/1889/227 1655/1888/227 1664/1897/227
f 1666/1899/227 1657/1890/227 1656/1889/227 1665/1898/227
f 1667/1900/227 1658/1891/227 1657/1890/227 1666/1899/227
f 1668/1901/227 1659/1892/227 1658/1891/227 1667/1900/227
f 1669/1902/227 1660/1893/227 1659/1892/227 1668/1901/227
f 1670/1903/841 1661/1894/841 1660/1893/841 1669/1902/841
f 1663/1895/227 1672/1904/227 1671/1905/227 1662/1896/227
f 1672/1904/227 1663/1895/227 1622/1849/227 1627/1855/227
f 1673/1906/227 1664/1897/227 1662/1896/227 1671/1905/227
f 1674/1907/227 1665/1898/227 1664/1897/227 1673/1906/227
f 1675/1908/227 1666/1899/227 1665/1898/227 1674/1907/227
f 1676/1909/227 1667/1900/227 1666/1899/227 1675/1908/227
f 1677/1910/227 1668/1901/227 1667/1900/227 1676/1909/227
f 1678/1911/227 1669/1902/227 1668/1901/227 1677/1910/227
f 1679/1912/227 1670/1903/227 1669/1902/227 1678/1911/227
f 1672/1904/227 1681/1913/227 1680/1914/227 1671/1905/227
f 1681/1913/227 1672/1904/227 1627/1855/227 1632/1861/227
f 1682/1915/227 1673/1906/227 1671/1905/227 1680/1914/227
f 1683/1916/227 1674/1907/227 1673/1906/227 1682/1915/227
f 1684/1917/227 1675/1908/227 1674/1907/227 1683/1916/227
f 1685/1918/227 1676/1909/227 1675/1908/227 1684/1917/227
f 1686/1919/227 1677/1910/227 1676/1909/227 1685/1918/227
f 1687/1920/227 1678/1911/227 1677/1910/227 1686/1919/227
f 1688/1921/227 1679/1912/227 1678/1911/227 1687/1920/227
f 1681/1913/227 1690/1922/227 1689/1923/227 1680/1914/227
f 1690/1922/227 1681/1913/227 1632/1861/227 1637/1867/227
f 1691/1924/227 1682/1915/227 1680/1914/227 1689/1923/227
f 1692/1925/227 1683/1916/227 1682/1915/227 1691/1924/227
f 1693/1926/227 1684/1917/227 1683/1916/227 1692/1925/227
f 1694/1927/227 1685/1918/227 1684/1917/227 1693/1926/227
f 1695/1928/227 1686/1919/227 1685/1918/227 1694/1927/227
f 1696/1929/227 1687/1920/227 1686/1919/227 1695/1928/227
f 1697/1930/227 1688/1921/227 1687/1920/227 1696/1929/227
f 1690/1922/227 1699/1931/227 1698/1932/227 1689/1923/227
f 1699/1931/227 1690/1922/227 1637/1867/227 1642/1873/227
f 1700/1933/227 1691/1924/227 1689/1923/227 1698/1932/227
f 1701/1934/227 1692/1925/227 1691/1924/227 1700/1933/227
f 1702/1935/227 1693/1926/227 1692/1925/227 1701/1934/227
f 1703/1936/227 1694/1927/227 1693/1926/227 1702/1935/227
f 1704/1937/227 1695/1928/227 1694/1927/227 1703/1936/227
f 1705/1938/227 1696/1929/227 1695/1928/227 1704/1937/227
f 1706/1939/227 1697/1930/227 1696/1929/227 1705/1938/227
f 1699/1931/842 1708/1940/842 1707/1941/842 1698/1932/842
f 1708/1940/843 1699/1931/843 1642/1873/843 1647/1879/843
f 1709/1942/227 1700/1933/227 1698/1932/227 1707/1941/227
f 1710/1943/844 1701/1934/844 1700/1933/844 1709/1942/844
f 1711/1944/845 1702/1935/845 1701/1934/845 1710/1943/845
f 1712/1945/227 1703/1936/227 1702/1935/227 1711/1944/227
f 1713/1946/227 1704/1937/227 1703/1936/227 1712/1945/227
f 1714/1947/227 1705/1938/227 1704/1937/227 1713/1946/227
f 1715/1948/227 1706/1939/227 1705/1938/227 1714/1947/227
f 1708/1940/846 1717/1949/846 1716/1950/846 1707/1941/846
f 1717/1949/847 1708/1940/847 1647/1879/847 1652/1885/847
f 1718/1951/227 1709/1942/227 1707/1941/227 1716/1950/848
f 1719/1952/849 1710/1943/849 1709/1942/849 1718/1951/849
f 1720/1953/850 1711/1944/850 1710/1943/850 1719/1952/850
f 1721/1954/227 1712/1945/227 1711/1944/227 1720/1953/227
f 1722/1955/227 1713/1946/227 1712/1945/227 1721/1954/227
f 1723/1956/851 1714/1947/851 1713/1946/851 1722/1955/851
f 1724/1957/852 1715/1948/852 1714/1947/852 1723/1956/852
f 1725/1958/853 1605/1830/6 1316/1485/6 1416/1594/6
f 1726/1959/854 1606/1831/6 1605/1830/6 1725/1958/853
f 1727/1960/855 1607/1832/6 1606/1831/6 1726/1959/854
f 1728/1961/856 1608/1833/856 1607/1832/856 1727/1960/856
f 1729/1962/857 1609/1834/857 1608/1833/857 1728/1961/857
f 1730/1963/858 1610/1835/858 1609/1834/858 1729/1962/858
f 1731/1964/859 1611/1836/859 1610/1835/859 1730/1963/859
f 1732/1965/860 1612/1837/860 1611/1836/860 1731/1964/860
f 1733/1966/861 1725/1958/853 1416/1594/6 1424/1602/6
f 1734/1967/862 1726/1959/854 1725/1958/853 1733/1966/863
f 1735/1968/864 1727/1960/855 1726/1959/854 1734/1967/862
f 1736/1969/6 1728/1961/6 1727/1960/855 1735/1968/864
f 1737/1970/6 1729/1962/6 1728/1961/6 1736/1969/6
f 1738/1971/6 1730/1963/6 1729/1962/6 1737/1970/6
f 1739/1972/865 1731/1964/866 1730/1963/6 1738/1971/6
f 1740/1973/867 1732/1965/868 1731/1964/866 1739/1972/865
f 1741/1974/869 1733/1966/861 1424/1602/6 1432/1610/6
f 1742/1975/870 1734/1967/870 1733/1966/861 1741/1974/869
f 1743/1976/871 1735/1968/864 1734/1967/870 1742/1975/870
f 1744/1977/6 1736/1969/6 1735/1968/864 1743/1976/871
f 1745/1978/6 1737/1970/6 1736/1969/6 1744/1977/6
f 1746/1979/6 1738/1971/6 1737/1970/6 1745/1978/6
f 1747/1980/872 1739/1972/865 1738/1971/6 1746/1979/6
f 1748/1981/873 1740/1973/867 1739/1972/865 1747/1980/872
f 1440/1629/734 1749/1982/734 1741/1983/734 1432/1630/734
f 1749/1982/734 1750/1984/734 1742/1985/734 1741/1983/734
f 1750/1984/734 1751/1986/734 1743/1987/734 1742/1985/734
f 1751/1986/734 1752/1988/734 1744/1989/734 1743/1987/734
f 1752/1988/734 1753/1990/734 1745/1991/734 1744/1989/734
f 1753/1990/734 1754/1992/734 1746/1993/734 1745/1991/734
f 1754/1992/874 1755/1994/874 1747/1995/874 1746/1993/874
f 1755/1994/875 1756/1996/875 1748/1997/875 1747/1995/875
f 1448/1646/708 1757/1998/708 1749/1982/708 1440/1629/708
f 1757/1998/708 1758/1999/708 1750/1984/708 1749/1982/708
f 1758/1999/708 1759/2000/708 1751/1986/708 1750/1984/708
f 1759/2000/708 1760/2001/708 1752/1988/708 1751/1986/708
f 1760/2001/708 1761/2002/876 1753/1990/877 1752/1988/708
f 1761/2002/876 1762/2003/774 1754/1992/878 1753/1990/877
f 1762/2004/879 1763/2005/879 1755/2006/879 1754/2007/879
f 1763/2005/880 1764/2008/880 1756/2009/880 1755/2006/880
f 1765/2010/881 1648/1880/881 1612/1837/881 1732/1965/881
f 1766/2011/882 1649/1881/882 1648/1880/882 1765/2010/882
f 1767/2012/883 1650/1882/883 1649/1881/883 1766/2011/883
f 1768/2013/884 1651/1883/884 1650/1884/884 1767/2014/884
f 1769/2015/885 1652/1885/885 1651/1883/885 1768/2013/885
f 1770/2016/886 1765/2010/886 1732/1965/886 1740/1973/886
f 1771/2017/887 1766/2011/887 1765/2010/887 1770/2016/887
f 1772/2018/888 1767/2012/888 1766/2011/888 1771/2017/888
f 1773/2019/889 1768/2020/889 1767/2012/889 1772/2018/889
f 1775/2021/890 1769/2015/890 1768/2013/890 1773/2022/890
f 1776/2023/891 1770/2016/892 1740/1973/893 1748/1981/893
f 1777/2024/894 1771/2017/894 1770/2016/892 1776/2023/891
f 1778/2025/895 1772/2018/895 1771/2017/895 1777/2024/895
f 1756/2009/896 1779/2026/896 1776/2023/896 1748/1981/896
f 1779/2026/897 1780/2027/897 1777/2024/897 1776/2023/897
f 1780/2027/898 1781/2028/898 1778/2025/898 1777/2024/898
f 1781/2029/899 1773/2022/899 1772/2030/899 1778/2031/899
f 1764/2008/900 1782/2032/900 1779/2026/900 1756/2009/900
f 1782/2033/901 1783/2034/901 1780/2035/901 1779/2036/901
f 1783/2034/902 1784/2037/902 1781/2038/902 1780/2035/902
f 1775/2021/903 1784/2039/903 1783/2040/903 1774/2041/903
f 1784/2039/904 1775/2021/904 1773/2022/904 1781/2029/904
f 1492/1702/905 1793/2042/905 1785/2043/905 1484/1703/905
f 1793/2042/906 1794/2044/906 1786/2045/906 1785/2043/906
f 1794/2044/907 1795/2046/907 1787/2047/907 1786/2045/907
f 1795/2046/908 1796/2048/908 1788/2049/908 1787/2047/908
f 1796/2048/708 1797/2050/708 1789/2051/708 1788/2049/708
f 1797/2050/708 1798/2052/909 1790/2053/910 1789/2051/708
f 1798/2052/909 1799/2054/911 1791/2055/912 1790/2053/910
f 1799/2056/913 1800/2057/913 1792/2058/913 1791/2059/913
f 1500/1711/914 1801/2060/914 1793/2042/914 1492/1702/914
f 1801/2060/915 1802/2061/915 1794/2044/915 1793/2042/915
f 1802/2061/916 1803/2062/916 1795/2046/916 1794/2044/916
f 1803/2062/917 1804/2063/917 1796/2048/917 1795/2046/917
f 1804/2063/708 1805/2064/708 1797/2050/708 1796/2048/708
f 1805/2064/708 1806/2065/918 1798/2052/909 1797/2050/708
f 1806/2065/918 1807/2066/919 1799/2054/911 1798/2052/909
f 1807/2067/920 1808/2068/920 1800/2057/920 1799/2056/920
f 1508/1719/921 1809/2069/921 1801/2060/921 1500/1711/921
f 1809/2069/922 1810/2070/922 1802/2061/922 1801/2060/922
f 1810/2070/923 1811/2071/923 1803/2062/923 1802/2061/923
f 1811/2071/924 1812/2072/924 1804/2063/924 1803/2062/924
f 1812/2072/708 1813/2073/708 1805/2064/708 1804/2063/708
f 1813/2073/708 1814/2074/925 1806/2065/918 1805/2064/708
f 1814/2074/925 1815/2075/926 1807/2066/919 1806/2065/918
f 1815/2076/927 1816/2077/927 1808/2068/927 1807/2067/927
f 1516/1731/928 1817/2078/928 1809/2069/928 1508/1719/928
f 1817/2078/747 1818/2079/708 1810/2070/708 1809/2069/747
f 1818/2079/708 1819/2080/708 1811/2071/929 1810/2070/708
f 1819/2080/708 1820/2081/708 1812/2072/708 1811/2071/929
f 1820/2081/708 1821/2082/708 1813/2073/708 1812/2072/708
f 1821/2082/930 1822/2083/930 1814/2074/930 1813/2073/930
f 1822/2083/931 1823/2084/931 1815/2075/931 1814/2074/931
f 1823/2084/932 1824/2085/932 1816/2086/932 1815/2075/932
f 1524/1741/933 1825/2087/933 1817/2078/933 1516/1731/933
f 1825/2087/934 1826/2088/934 1818/2079/934 1817/2078/934
f 1826/2088/935 1827/2089/935 1819/2080/935 1818/2079/935
f 1827/2089/708 1828/2090/708 1820/2081/708 1819/2080/708
f 1828/2090/708 1829/2091/708 1821/2082/708 1820/2081/708
f 1829/2091/936 1830/2092/936 1822/2083/936 1821/2082/936
f 1830/2092/937 1831/2093/937 1823/2084/937 1822/2083/937
f 1831/2093/938 1832/2094/938 1824/2085/938 1823/2084/938
f 1532/1749/939 1833/2095/939 1825/2087/939 1524/1741/939
f 1833/2095/940 1834/2096/940 1826/2088/940 1825/2087/940
f 1834/2096/941 1835/2097/941 1827/2089/941 1826/2088/941
f 1835/2097/708 1836/2098/708 1828/2090/708 1827/2089/708
f 1836/2098/708 1837/2099/708 1829/2091/708 1828/2090/708
f 1837/2099/942 1838/2100/942 1830/2092/942 1829/2091/942
f 1838/2100/943 1839/2101/943 1831/2093/943 1830/2092/943
f 1839/2101/944 1840/2102/944 1832/2094/944 1831/2093/944
f 1540/1757/945 1841/2103/945 1833/2095/945 1532/1749/945
f 1841/2103/946 1842/2104/946 1834/2096/946 1833/2095/946
f 1842/2104/947 1843/2105/947 1835/2097/947 1834/2096/947
f 1843/2105/708 1844/2106/708 1836/2098/708 1835/2097/708
f 1844/2106/948 1845/2107/948 1837/2099/948 1836/2098/948
f 1845/2107/949 1846/2108/949 1838/2100/949 1837/2099/949
f 1846/2108/950 1847/2109/950 1839/2101/950 1838/2100/950
f 1847/2109/951 1848/2110/951 1840/2102/951 1839/2101/951
f 1548/1773/952 1849/2111/952 1757/1998/952 1448/1646/952
f 1785/2043/953 1849/2111/953 1548/1773/953 1484/1703/953
f 1849/2111/954 1850/2112/954 1758/1999/954 1757/1998/954
f 1786/2045/955 1850/2112/955 1849/2111/955 1785/2043/955
f 1850/2112/708 1851/2113/708 1759/2000/708 1758/1999/708
f 1787/2047/708 1851/2113/708 1850/2112/708 1786/2045/708
f 1851/2113/708 1852/2114/708 1760/2001/708 1759/2000/708
f 1788/2049/708 1852/2114/708 1851/2113/708 1787/2047/708
f 1852/2114/708 1853/2115/748 1761/2002/876 1760/2001/708
f 1789/2051/708 1853/2115/748 1852/2114/708 1788/2049/708
f 1853/2115/748 1854/2116/925 1762/2003/774 1761/2002/876
f 1790/2053/910 1854/2116/925 1853/2115/748 1789/2051/708
f 1854/2117/956 1855/2118/956 1763/2005/956 1762/2004/956
f 1791/2055/957 1855/2119/957 1854/2116/957 1790/2053/957
f 1855/2118/958 1856/2120/958 1764/2008/958 1763/2005/958
f 1792/2058/959 1856/2121/959 1855/2122/959 1791/2059/959
f 1717/1949/960 1858/2123/961 1857/2124/962 1716/1950/848
f 1858/2123/963 1717/1949/963 1652/1885/963 1769/2015/963
f 1859/2125/227 1718/1951/227 1716/1950/848 1857/2124/962
f 1860/2126/227 1719/1952/227 1718/1951/227 1859/2125/227
f 1861/2127/964 1720/1953/964 1719/1952/964 1860/2126/964
f 1862/2128/965 1721/1954/965 1720/1953/965 1861/2127/965
f 1863/2129/227 1722/1955/227 1721/1954/227 1862/2128/227
f 1864/2130/966 1723/1956/966 1722/1955/966 1863/2129/966
f 1865/2131/967 1724/1957/967 1723/1956/967 1864/2130/967
f 1867/2132/968 1868/2133/969 1775/2021/970 1774/2041/970
f 1858/2123/961 1868/2133/969 1867/2132/968 1857/2124/962
f 1868/2133/971 1858/2123/971 1769/2015/971 1775/2021/971
f 1800/2134/972 1869/2135/972 1866/2136/972 1792/2137/972
f 1869/2135/973 1870/2138/973 1867/2139/973 1866/2136/973
f 1870/2140/227 1859/2125/227 1857/2124/962 1867/2132/968
f 1808/2068/974 1871/2141/974 1869/2142/974 1800/2057/974
f 1871/2143/975 1872/2144/975 1870/2138/975 1869/2135/975
f 1872/2145/227 1860/2126/227 1859/2125/227 1870/2140/227
f 1816/2086/976 1873/2146/976 1871/2147/976 1808/2148/976
f 1873/2149/977 1874/2150/977 1872/2145/977 1871/2151/977
f 1874/2150/978 1861/2127/978 1860/2126/978 1872/2145/978
f 1824/2085/979 1875/2152/979 1873/2146/979 1816/2086/979
f 1875/2152/980 1876/2153/980 1874/2154/980 1873/2146/980
f 1876/2155/981 1862/2128/981 1861/2127/981 1874/2150/981
f 1832/2094/925 1877/2156/765 1875/2152/982 1824/2085/983
f 1877/2156/765 1878/2157/984 1876/2153/985 1875/2152/982
f 1878/2158/227 1863/2129/227 1862/2128/227 1876/2155/227
f 1840/2102/708 1879/2159/708 1877/2156/765 1832/2094/925
f 1879/2159/708 1880/2160/708 1878/2157/984 1877/2156/765
f 1880/2161/227 1864/2130/227 1863/2129/227 1878/2158/227
f 1848/2110/708 1881/2162/708 1879/2159/708 1840/2102/708
f 1881/2162/708 1882/2163/708 1880/2160/708 1879/2159/708
f 1882/2164/227 1865/2131/227 1864/2130/227 1880/2161/227
f 1856/2165/986 1883/2166/986 1782/2167/986 1764/2168/986
f 1866/2136/987 1883/2166/987 1856/2165/987 1792/2137/987
f 1883/2169/988 1884/2170/988 1783/2171/988 1782/2172/988
f 1867/2173/989 1884/2170/989 1883/2169/989 1866/2174/989
f 1884/2175/990 1867/2176/990 1774/2177/990 1783/2178/990
f 839/948/10 1885/2179/10 1325/1494/10 336/382/10
f 840/949/10 1886/2180/10 1885/2179/10 839/948/10
f 841/950/10 1887/2181/10 1886/2180/10 840/949/10
f 842/951/10 1888/2182/10 1887/2181/10 841/950/10
f 843/952/10 1889/2183/10 1888/2182/10 842/951/10
f 844/953/10 1890/2184/10 1889/2183/10 843/952/10
f 845/954/10 1891/2185/10 1890/2184/10 844/953/10
f 846/955/10 1892/2186/10 1891/2185/10 845/954/10
f 847/956/10 1893/2187/10 1892/2186/10 846/955/10
f 1885/2179/10 1894/2188/10 1334/1503/10 1325/1494/10
f 1886/2180/10 1895/2189/10 1894/2188/10 1885/2179/10
f 1887/2181/10 1896/2190/10 1895/2189/10 1886/2180/10
f 1888/2182/10 1897/2191/10 1896/2190/10 1887/2181/10
f 1889/2183/10 1898/2192/10 1897/2191/10 1888/2182/10
f 1890/2184/10 1899/2193/10 1898/2192/10 1889/2183/10
f 1891/2185/10 1900/2194/10 1899/2193/10 1890/2184/10
f 1892/2186/10 1901/2195/10 1900/2194/10 1891/2185/10
f 1893/2187/10 1902/2196/621 1901/2195/10 1892/2186/10
f 1894/2188/10 1903/2197/10 1343/1512/10 1334/1503/10
f 1895/2189/10 1904/2198/10 1903/2197/10 1894/2188/10
f 1896/2190/10 1905/2199/10 1904/2198/10 1895/2189/10
f 1897/2191/10 1906/2200/10 1905/2199/10 1896/2190/10
f 1898/2192/10 1907/2201/10 1906/2200/10 1897/2191/10
f 1899/2193/10 1908/2202/991 1907/2201/10 1898/2192/10
f 1900/2194/10 1909/2203/992 1908/2202/991 1899/2193/10
f 1901/2195/10 1910/2204/993 1909/2203/992 1900/2194/10
f 1902/2196/621 1911/2205/994 1910/2204/993 1901/2195/10
f 1903/2197/10 1912/2206/10 1352/1521/10 1343/1512/10
f 1904/2198/10 1913/2207/10 1912/2206/10 1903/2197/10
f 1905/2199/10 1914/2208/10 1913/2207/10 1904/2198/10
f 1906/2200/10 1915/2209/10 1914/2208/10 1905/2199/10
f 1907/2201/10 1916/2210/10 1915/2209/10 1906/2200/10
f 1908/2202/991 1917/2211/995 1916/2210/10 1907/2201/10
f 1909/2203/992 1918/2212/996 1917/2211/995 1908/2202/991
f 1910/2204/997 1919/2213/997 1918/2212/996 1909/2203/992
f 1911/2205/994 1920/2214/998 1919/2213/999 1910/2204/993
f 1912/2206/10 1921/2215/10 1361/1530/10 1352/1521/10
f 1913/2207/10 1922/2216/10 1921/2215/10 1912/2206/10
f 1914/2208/10 1923/2217/10 1922/2216/10 1913/2207/10
f 1915/2209/10 1924/2218/10 1923/2217/10 1914/2208/10
f 1916/2210/10 1925/2219/10 1924/2218/10 1915/2209/10
f 1917/2211/995 1926/2220/10 1925/2219/10 1916/2210/10
f 1918/2212/1000 1927/2221/1000 1926/2220/1000 1917/2211/1000
f 1919/2213/1001 1928/2222/1001 1927/2221/1001 1918/2212/1001
f 1920/2214/1002 1929/2223/1002 1928/2222/1002 1919/2213/1002
f 1921/2215/10 1930/2224/10 1370/1539/10 1361/1530/10
f 1922/2216/10 1931/2225/10 1930/2224/10 1921/2215/10
f 1923/2217/10 1932/2226/10 1931/2225/10 1922/2216/10
f 1924/2218/10 1933/2227/10 1932/2226/10 1923/2217/10
f 1925/2219/10 1934/2228/10 1933/2227/10 1924/2218/10
f 1926/2220/10 1935/2229/1003 1934/2228/10 1925/2219/10
f 1927/2221/1004 1936/2230/1004 1935/2229/1004 1926/2220/1004
f 1928/2222/1005 1937/2231/1005 1936/2230/1005 1927/2221/1005
f 1929/2223/1006 1938/2232/1006 1937/2231/1006 1928/2222/1006
f 1930/2224/10 1939/2233/10 1379/1548/10 1370/1539/10
f 1931/2225/10 1940/2234/10 1939/2233/10 1930/2224/10
f 1932/2226/10 1941/2235/10 1940/2234/10 1931/2225/10
f 1933/2227/10 1942/2236/10 1941/2235/10 1932/2226/10
f 1934/2228/10 1943/2237/10 1942/2236/10 1933/2227/10
f 1935/2229/1003 1944/2238/1007 1943/2237/10 1934/2228/10
f 1936/2230/1008 1945/2239/1003 1944/2238/1007 1935/2229/1003
f 1937/2231/1009 1946/2240/1009 1945/2239/1009 1936/2230/1009
f 1938/2232/1010 1947/2241/1010 1946/2240/1010 1937/2231/1010
f 1939/2233/10 1948/2242/10 1388/1557/10 1379/1548/10
f 1940/2234/10 1949/2243/10 1948/2242/10 1939/2233/10
f 1941/2235/10 1950/2244/10 1949/2243/10 1940/2234/10
f 1942/2236/10 1951/2245/10 1950/2244/10 1941/2235/10
f 1943/2237/10 1952/2246/10 1951/2245/10 1942/2236/10
f 1944/2238/1007 1953/2247/10 1952/2246/10 1943/2237/10
f 1945/2239/1003 1954/2248/10 1953/2247/10 1944/2238/1007
f 1946/2240/10 1955/2249/10 1954/2248/10 1945/2239/1003
f 1947/2241/10 1956/2250/10 1955/2249/10 1946/2240/10
f 862/973/1011 1957/2251/1011 1893/2187/1011 847/956/1011
f 863/974/1012 1958/2252/1012 1957/2251/1012 862/973/1012
f 1957/2251/1013 1959/2253/1013 1902/2196/1013 1893/2187/1013
f 1958/2252/1014 1960/2254/1014 1959/2253/1014 1957/2251/1014
f 1959/2253/1015 1961/2255/181 1911/2205/994 1902/2196/621
f 1960/2254/1016 1962/2256/1016 1961/2255/1016 1959/2253/1016
f 1961/2255/181 1963/2257/1017 1920/2214/998 1911/2205/994
f 1962/2256/1018 1964/2258/1018 1963/2257/1018 1961/2255/1018
f 1963/2257/1019 1965/2259/1019 1929/2223/1019 1920/2214/1019
f 1964/2258/658 1966/2260/1020 1965/2259/1021 1963/2257/1022
f 1965/2259/1023 1967/2261/1023 1938/2232/1023 1929/2223/1023
f 1966/2260/1020 1968/2262/1024 1967/2261/1025 1965/2259/1021
f 1967/2261/1026 1969/2263/1026 1947/2241/1026 1938/2232/1026
f 1968/2262/1024 1970/2264/10 1969/2263/10 1967/2261/1025
f 1969/2263/10 1971/2265/10 1956/2250/10 1947/2241/10
f 1970/2264/10 1972/2266/10 1971/2265/10 1969/2263/10
f 934/1061/1027 1973/2267/1027 1958/2252/1027 863/974/1027
f 935/1062/1028 1974/2268/1028 1973/2269/1028 934/1063/1028
f 936/1064/1029 1975/2270/1029 1974/2268/1029 935/1062/1029
f 937/1065/1030 1976/2271/1030 1975/2270/1030 936/1064/1030
f 938/1066/485 1977/2272/1031 1976/2271/1032 937/1065/1033
f 939/1067/428 1978/2273/428 1977/2272/1031 938/1066/485
f 940/1068/428 1979/2274/428 1978/2273/428 939/1067/428
f 941/1069/428 1980/2275/428 1979/2274/428 940/1068/428
f 942/1070/424 1981/2276/428 1980/2275/428 941/1069/428
f 1973/2267/1034 1982/2277/1034 1960/2254/1034 1958/2252/1034
f 1974/2278/1035 1983/2279/1035 1982/2277/1035 1973/2267/1035
f 1975/2270/1036 1984/2280/1036 1983/2281/1036 1974/2268/1036
f 1976/2271/1032 1985/2282/1037 1984/2280/1038 1975/2270/1039
f 1977/2272/1031 1986/2283/1040 1985/2282/1037 1976/2271/1032
f 1978/2273/428 1987/2284/1041 1986/2283/1040 1977/2272/1031
f 1979/2274/428 1988/2285/1042 1987/2284/1041 1978/2273/428
f 1980/2275/428 1989/2286/430 1988/2285/1042 1979/2274/428
f 1981/2276/428 1990/2287/430 1989/2286/430 1980/2275/428
f 1982/2277/1043 1991/2288/1043 1962/2256/1043 1960/2254/1043
f 1983/2279/1044 1992/2289/1044 1991/2288/1044 1982/2277/1044
f 1984/2280/1045 1993/2290/1045 1992/2291/1045 1983/2281/1045
f 1985/2282/1037 1994/2292/1046 1993/2290/1047 1984/2280/1038
f 1986/2283/1040 1995/2293/1048 1994/2292/1046 1985/2282/1037
f 1987/2284/1041 1996/2294/1049 1995/2293/1048 1986/2283/1040
f 1988/2285/1042 1997/2295/1050 1996/2294/1049 1987/2284/1041
f 1989/2286/430 1998/2296/1051 1997/2295/1050 1988/2285/1042
f 1990/2287/430 1999/2297/1052 1998/2296/1051 1989/2286/430
f 1991/2288/1053 2000/2298/1053 1964/2258/1053 1962/2256/1053
f 1992/2291/1054 2001/2299/1054 2000/2300/1054 1991/2301/1054
f 1993/2290/1055 2002/2302/1055 2001/2299/1055 1992/2291/1055
f 1994/2292/1046 2003/2303/1056 2002/2302/1057 1993/2290/1047
f 1995/2293/1048 2004/2304/428 2003/2303/1056 1994/2292/1046
f 1996/2294/1058 2005/2305/1058 2004/2304/1058 1995/2293/1058
f 1997/2295/1059 2006/2306/1059 2005/2305/1060 1996/2294/1060
f 1998/2296/1061 2007/2307/1061 2006/2306/1059 1997/2295/1059
f 1999/2297/1062 2008/2308/1062 2007/2307/1062 1998/2296/1062
f 2000/2298/10 2009/2309/10 1966/2260/1020 1964/2258/658
f 2001/2299/443 2010/2310/443 2009/2311/443 2000/2300/443
f 2002/2302/428 2011/2312/428 2010/2310/428 2001/2299/428
f 2003/2303/1063 2012/2313/1063 2011/2312/1063 2002/2302/1063
f 2004/2304/1064 2013/2314/1064 2012/2313/1064 2003/2303/1064
f 2005/2305/1065 2014/2315/1065 2013/2314/1066 2004/2304/1066
f 2006/2306/1067 2015/2316/1067 2014/2315/1065 2005/2305/1065
f 2007/2307/1068 2016/2317/1068 2015/2316/1068 2006/2306/1068
f 2008/2308/1069 2017/2318/1069 2016/2317/1069 2007/2307/1069
f 2009/2309/10 2018/2319/10 1968/2262/1024 1966/2260/1020
f 2010/2310/443 2019/2320/1070 2018/2321/1070 2009/2311/443
f 2011/2312/428 2020/2322/428 2019/2320/428 2010/2310/428
f 2012/2313/1071 2021/2323/1071 2020/2322/1071 2011/2312/1071
f 2013/2314/1072 2022/2324/1072 2021/2323/1072 2012/2313/1072
f 2014/2315/1073 2023/2325/1074 2022/2324/1075 2013/2314/1075
f 2015/2316/1076 2024/2326/1076 2023/2325/1074 2014/2315/1073
f 2016/2317/1077 2025/2327/1077 2024/2326/1077 2015/2316/1077
f 2017/2318/1078 2026/2328/1078 2025/2327/1078 2016/2317/1078
f 2018/2319/10 2027/2329/10 1970/2264/10 1968/2262/1024
f 2019/2320/1070 2028/2330/1079 2027/2331/1079 2018/2321/1070
f 2020/2322/428 2029/2332/428 2028/2330/428 2019/2320/428
f 2021/2323/1080 2030/2333/1080 2029/2332/1080 2020/2322/1080
f 2022/2324/1081 2031/2334/1081 2030/2333/1081 2021/2323/1081
f 2023/2325/1082 2032/2335/1082 2031/2334/1082 2022/2324/1082
f 2024/2326/1083 2033/2336/1083 2032/2335/1083 2023/2325/1083
f 2025/2327/1084 2034/2337/1084 2033/2336/1084 2024/2326/1084
f 2026/2328/1085 2035/2338/1085 2034/2337/1085 2025/2327/1085
f 2027/2329/10 2036/2339/10 1972/2266/10 1970/2264/10
f 2028/2330/1086 2044/2340/1086 2036/2341/1086 2027/2331/1086
f 2044/2340/1087 2045/2342/1087 2037/2343/1087 2036/2341/1087
f 2029/2332/428 2045/2342/428 2044/2340/428 2028/2330/428
f 2045/2342/1088 2046/2344/1089 2038/2345/1089 2037/2343/1088
f 2030/2333/428 2046/2344/428 2045/2342/428 2029/2332/428
f 2046/2344/1089 2047/2346/1090 2039/2347/1090 2038/2345/1089
f 2031/2334/428 2047/2346/428 2046/2344/428 2030/2333/428
f 2047/2346/1091 2048/2348/1091 2040/2349/1091 2039/2347/1091
f 2032/2335/1092 2048/2348/1092 2047/2346/1092 2031/2334/1092
f 2048/2348/1093 2049/2350/1093 2041/2351/1093 2040/2349/1093
f 2033/2336/1094 2049/2350/1094 2048/2348/1094 2032/2335/1094
f 2049/2350/1090 2050/2352/1095 2042/2353/1095 2041/2351/1090
f 2034/2337/1096 2050/2352/1096 2049/2350/435 2033/2336/435
f 2050/2352/1095 2051/2354/1097 2043/2355/1097 2042/2353/1095
f 2035/2338/1098 2051/2354/1098 2050/2352/1096 2034/2337/1096
f 1948/2242/10 2052/2356/10 1457/1655/10 1388/1557/10
f 1949/2243/10 2054/2357/10 2052/2356/10 1948/2242/10
f 2054/2357/10 2055/2358/10 2053/2359/10 2052/2356/10
f 1950/2244/10 2055/2358/10 2054/2357/10 1949/2243/10
f 1951/2245/10 2056/2360/10 2055/2358/10 1950/2244/10
f 1952/2246/10 2057/2361/10 2056/2360/10 1951/2245/10
f 1953/2247/10 2058/2362/10 2057/2361/10 1952/2246/10
f 1954/2248/10 2059/2363/10 2058/2362/10 1953/2247/10
f 1955/2249/10 2060/2364/10 2059/2363/10 1954/2248/10
f 1956/2250/10 2061/2365/10 2060/2364/10 1955/2249/10
f 2052/2356/10 2062/2366/10 1473/1679/10 1457/1655/10
f 2062/2367/708 2063/2368/708 1474/1681/708 1473/1680/708
f 2053/2369/709 2063/2368/709 2062/2367/709 2052/2370/709
f 2055/2371/708 2064/2372/708 2063/2368/708 2053/2369/708
f 2056/2373/1099 2073/2374/1099 2065/2375/708 2055/2371/708
f 2073/2374/1100 2074/2376/1100 2066/2377/1100 2065/2375/1100
f 2074/2376/1101 2075/2378/1101 2067/2379/1101 2066/2377/1101
f 2075/2378/1102 2076/2380/1102 2068/2381/1102 2067/2379/1102
f 2076/2380/708 2077/2382/708 2069/2383/708 2068/2381/708
f 2077/2382/708 2078/2384/708 2070/2385/708 2069/2383/708
f 2078/2384/708 2079/2386/1103 2071/2387/1104 2070/2385/708
f 2079/2386/1103 2080/2388/1105 2072/2389/1106 2071/2387/1104
f 2057/2390/1107 2081/2391/1107 2073/2374/1107 2056/2373/1107
f 2081/2391/1108 2082/2392/1108 2074/2376/1108 2073/2374/1108
f 2082/2392/1109 2083/2393/1109 2075/2378/1109 2074/2376/1109
f 2083/2393/1110 2084/2394/1110 2076/2380/1110 2075/2378/1110
f 2084/2394/708 2085/2395/708 2077/2382/708 2076/2380/708
f 2085/2395/708 2086/2396/708 2078/2384/708 2077/2382/708
f 2086/2396/708 2087/2397/1111 2079/2386/1103 2078/2384/708
f 2087/2397/1111 2088/2398/1112 2080/2388/1105 2079/2386/1103
f 2058/2399/1113 2089/2400/1113 2081/2391/1113 2057/2390/1113
f 2089/2400/1114 2090/2401/1114 2082/2392/1114 2081/2391/1114
f 2090/2401/1115 2091/2402/1115 2083/2393/1115 2082/2392/1115
f 2091/2402/708 2092/2403/708 2084/2394/708 2083/2393/708
f 2092/2403/708 2093/2404/708 2085/2395/708 2084/2394/708
f 2093/2404/708 2094/2405/708 2086/2396/708 2085/2395/708
f 2094/2405/708 2095/2406/1116 2087/2397/1111 2086/2396/708
f 2095/2406/1116 2096/2407/919 2088/2398/1112 2087/2397/1111
f 2059/2408/1117 2097/2409/1117 2089/2400/1117 2058/2399/1117
f 2097/2409/1118 2098/2410/1118 2090/2401/1118 2089/2400/1118
f 2098/2410/1119 2099/2411/1119 2091/2402/1119 2090/2401/1119
f 2099/2411/929 2100/2412/708 2092/2403/708 2091/2402/708
f 2100/2412/708 2101/2413/708 2093/2404/708 2092/2403/708
f 2101/2413/708 2102/2414/708 2094/2405/708 2093/2404/708
f 2102/2414/708 2103/2415/748 2095/2406/1116 2094/2405/708
f 2103/2415/748 2104/2416/925 2096/2407/919 2095/2406/1116
f 2060/2417/748 2105/2418/1120 2097/2409/1121 2059/2408/1121
f 2105/2418/1122 2106/2419/1122 2098/2410/1122 2097/2409/1122
f 2106/2419/1123 2107/2420/1123 2099/2411/1123 2098/2410/1123
f 2107/2420/1124 2108/2421/1124 2100/2412/1124 2099/2411/1124
f 2108/2421/1125 2109/2422/1125 2101/2413/1125 2100/2412/1125
f 2109/2422/708 2110/2423/708 2102/2414/708 2101/2413/708
f 2110/2423/708 2111/2424/747 2103/2415/748 2102/2414/708
f 2111/2424/747 2112/2425/876 2104/2416/925 2103/2415/748
f 2061/2426/708 2113/2427/926 2105/2418/1120 2060/2417/748
f 2113/2427/1126 2114/2428/1126 2106/2419/1126 2105/2418/1126
f 2114/2428/1127 2115/2429/1127 2107/2420/1127 2106/2419/1127
f 2115/2429/1128 2116/2430/1128 2108/2421/1128 2107/2420/1128
f 2116/2430/1129 2117/2431/1129 2109/2422/1129 2108/2421/1129
f 2117/2431/708 2118/2432/708 2110/2423/708 2109/2422/708
f 2118/2432/708 2119/2433/747 2111/2424/747 2110/2423/708
f 2119/2433/747 2120/2434/878 2112/2425/876 2111/2424/747
f 2063/2368/708 2121/2435/708 1533/1750/708 1474/1681/708
f 2121/2435/708 2122/2436/708 1534/1751/708 1533/1750/708
f 2122/2436/1130 2123/2437/1130 1535/1752/1130 1534/1751/1130
f 2123/2437/1131 2124/2438/1131 1536/1753/1131 1535/1752/1131
f 2124/2438/708 2125/2439/708 1537/1754/708 1536/1753/708
f 2125/2439/708 2126/2440/708 1538/1755/708 1537/1754/708
f 2126/2440/1132 2127/2441/1132 1539/1756/1132 1538/1755/1132
f 2127/2441/1133 2128/2442/1133 1540/1757/1133 1539/1756/1133
f 2064/2372/708 2129/2443/708 2121/2435/708 2063/2368/708
f 2065/2375/708 2129/2443/708 2064/2372/708 2055/2371/708
f 2129/2443/708 2130/2444/747 2122/2436/708 2121/2435/708
f 2066/2377/1134 2130/2444/1134 2129/2443/1134 2065/2375/1134
f 2130/2444/747 2131/2445/1135 2123/2437/1135 2122/2436/708
f 2067/2379/1136 2131/2445/1136 2130/2444/1136 2066/2377/1136
f 2131/2445/1135 2132/2446/708 2124/2438/708 2123/2437/1135
f 2068/2381/1137 2132/2446/1137 2131/2445/1137 2067/2379/1137
f 2132/2446/708 2133/2447/708 2125/2439/708 2124/2438/708
f 2069/2383/708 2133/2447/708 2132/2446/708 2068/2381/708
f 2133/2447/708 2134/2448/708 2126/2440/708 2125/2439/708
f 2070/2385/708 2134/2448/708 2133/2447/708 2069/2383/708
f 2134/2448/1138 2135/2449/1138 2127/2441/1138 2126/2440/1138
f 2071/2387/1139 2135/2449/1139 2134/2448/1139 2070/2385/1139
f 2135/2449/1140 2136/2450/1140 2128/2442/1140 2127/2441/1140
f 2072/2389/1141 2136/2450/1141 2135/2449/1141 2071/2387/1141
f 1971/2265/10 2137/2451/10 2061/2365/10 1956/2250/10
f 1972/2266/10 2138/2452/10 2137/2451/10 1971/2265/10
f 2137/2453/708 2139/2454/1142 2113/2427/926 2061/2426/708
f 2139/2454/1142 2140/2455/926 2114/2428/1143 2113/2427/926
f 2140/2455/1144 2141/2456/1144 2115/2429/1144 2114/2428/1144
f 2141/2456/1145 2142/2457/1145 2116/2430/1145 2115/2429/1145
f 2142/2457/1146 2143/2458/1146 2117/2431/1146 2116/2430/1146
f 2143/2458/1147 2144/2459/1147 2118/2432/1147 2117/2431/1147
f 2144/2459/708 2145/2460/708 2119/2433/747 2118/2432/708
f 2145/2460/1148 2146/2461/1148 2120/2434/1148 2119/2433/1148
f 2138/2462/708 2147/2463/708 2139/2454/1142 2137/2453/708
f 2036/2464/709 2147/2463/709 2138/2462/709 1972/2465/709
f 2147/2463/708 2148/2466/708 2140/2455/926 2139/2454/1142
f 2037/2467/708 2148/2466/708 2147/2463/708 2036/2464/708
f 2148/2466/708 2149/2468/708 2141/2456/708 2140/2455/926
f 2038/2469/708 2149/2468/708 2148/2466/708 2037/2467/708
f 2149/2468/708 2150/2470/708 2142/2457/708 2141/2456/708
f 2039/2471/708 2150/2470/708 2149/2468/708 2038/2469/708
f 2150/2470/1149 2151/2472/1149 2143/2458/1149 2142/2457/1149
f 2040/2473/1150 2151/2472/1150 2150/2470/1150 2039/2471/1150
f 2151/2472/1151 2152/2474/1151 2144/2459/1151 2143/2458/1151
f 2041/2475/1152 2152/2474/1152 2151/2472/1152 2040/2473/1152
f 2152/2474/708 2153/2476/708 2145/2460/708 2144/2459/708
f 2042/2477/708 2153/2476/708 2152/2474/708 2041/2475/708
f 2153/2476/1153 2154/2478/1153 2146/2461/1153 2145/2460/1153
f 2043/2479/1154 2154/2478/1154 2153/2476/1154 2042/2477/1154
f 2155/2480/1155 1109/1247/1155 672/752/1155 1661/1894/1155
f 1111/1248/1156 2157/2481/1156 2156/2482/1156 1110/1249/1156
f 2157/2481/1157 1111/1248/1157 1109/1247/1157 2155/2480/1157
f 2158/2483/1158 1112/1250/1158 1110/1249/1158 2156/2482/1158
f 2159/2484/227 1113/1251/227 1112/1250/227 2158/2483/227
f 2160/2485/227 1114/1252/227 1113/1251/227 2159/2484/227
f 2161/2486/227 1115/1253/227 1114/1252/227 2160/2485/227
f 2162/2487/227 1116/1254/227 1115/1253/227 2161/2486/227
f 2163/2488/227 1117/1255/227 1116/1254/227 2162/2487/227
f 2164/2489/1159 2155/2480/1159 1661/1894/1159 1670/1903/1159
f 2157/2481/227 2166/2490/227 2165/2491/227 2156/2482/227
f 2166/2490/227 2157/2481/227 2155/2480/227 2164/2489/227
f 2167/2492/227 2158/2483/227 2156/2482/227 2165/2491/227
f 2168/2493/227 2159/2484/227 2158/2483/227 2167/2492/227
f 2169/2494/227 2160/2485/227 2159/2484/227 2168/2493/227
f 2170/2495/227 2161/2486/227 2160/2485/227 2169/2494/227
f 2171/2496/227 2162/2487/227 2161/2486/227 2170/2495/227
f 2172/2497/227 2163/2488/227 2162/2487/227 2171/2496/227
f 2173/2498/227 2164/2489/227 1670/1903/227 1679/1912/227
f 2166/2490/227 2175/2499/227 2174/2500/227 2165/2491/227
f 2175/2499/227 2166/2490/227 2164/2489/227 2173/2498/227
f 2176/2501/227 2167/2492/227 2165/2491/227 2174/2500/227
f 2177/2502/227 2168/2493/227 2167/2492/227 2176/2501/227
f 2178/2503/227 2169/2494/227 2168/2493/227 2177/2502/227
f 2179/2504/227 2170/2495/227 2169/2494/227 2178/2503/227
f 2180/2505/227 2171/2496/227 2170/2495/227 2179/2504/227
f 2181/2506/1160 2172/2497/1160 2171/2496/1160 2180/2505/1160
f 2182/2507/227 2173/2498/227 1679/1912/227 1688/1921/227
f 2175/2499/227 2184/2508/227 2183/2509/227 2174/2500/227
f 2184/2508/227 2175/2499/227 2173/2498/227 2182/2507/227
f 2185/2510/227 2176/2501/227 2174/2500/227 2183/2509/227
f 2186/2511/227 2177/2502/227 2176/2501/227 2185/2510/227
f 2187/2512/227 2178/2503/227 2177/2502/227 2186/2511/227
f 2188/2513/1161 2179/2504/1161 2178/2503/1161 2187/2512/1161
f 2189/2514/1162 2180/2505/1162 2179/2504/1162 2188/2513/1162
f 2190/2515/1163 2181/2506/1163 2180/2505/1163 2189/2514/1163
f 2191/2516/227 2182/2507/227 1688/1921/227 1697/1930/227
f 2184/2508/227 2193/2517/227 2192/2518/227 2183/2509/227
f 2193/2517/227 2184/2508/227 2182/2507/227 2191/2516/227
f 2194/2519/227 2185/2510/227 2183/2509/227 2192/2518/227
f 2195/2520/227 2186/2511/227 2185/2510/227 2194/2519/227
f 2196/2521/1164 2187/2512/1164 2186/2511/1164 2195/2520/1164
f 2197/2522/1165 2188/2513/1165 2187/2512/1165 2196/2521/1165
f 2198/2523/1166 2189/2514/1166 2188/2513/1166 2197/2522/1166
f 2199/2524/1167 2190/2515/1167 2189/2514/1167 2198/2523/1167
f 2200/2525/227 2191/2516/227 1697/1930/227 1706/1939/227
f 2193/2517/227 2202/2526/227 2201/2527/227 2192/2518/227
f 2202/2526/227 2193/2517/227 2191/2516/227 2200/2525/227
f 2203/2528/227 2194/2519/227 2192/2518/227 2201/2527/227
f 2204/2529/227 2195/2520/227 2194/2519/227 2203/2528/227
f 2205/2530/1168 2196/2521/1168 2195/2520/1168 2204/2529/1168
f 2206/2531/1169 2197/2522/1169 2196/2521/1169 2205/2530/1169
f 2207/2532/227 2198/2523/227 2197/2522/227 2206/2531/227
f 2208/2533/227 2199/2524/227 2198/2523/227 2207/2532/227
f 2209/2534/227 2200/2525/227 1706/1939/227 1715/1948/227
f 2202/2526/227 2211/2535/227 2210/2536/227 2201/2527/227
f 2211/2535/227 2202/2526/227 2200/2525/227 2209/2534/227
f 2212/2537/227 2203/2528/227 2201/2527/227 2210/2536/227
f 2213/2538/227 2204/2529/227 2203/2528/227 2212/2537/227
f 2214/2539/227 2205/2530/227 2204/2529/227 2213/2538/227
f 2215/2540/227 2206/2531/227 2205/2530/227 2214/2539/227
f 2216/2541/227 2207/2532/227 2206/2531/227 2215/2540/227
f 2217/2542/227 2208/2533/227 2207/2532/227 2216/2541/227
f 2218/2543/1170 2209/2534/1170 1715/1948/1170 1724/1957/1170
f 2211/2535/1171 2220/2544/1171 2219/2545/1171 2210/2536/1171
f 2220/2544/1172 2211/2535/1172 2209/2534/1172 2218/2543/1172
f 2221/2546/1173 2212/2537/1173 2210/2536/1173 2219/2545/1173
f 2222/2547/227 2213/2538/227 2212/2537/227 2221/2546/227
f 2223/2548/227 2214/2539/227 2213/2538/227 2222/2547/227
f 2224/2549/227 2215/2540/227 2214/2539/227 2223/2548/227
f 2225/2550/227 2216/2541/227 2215/2540/227 2224/2549/227
f 2226/2551/227 2217/2542/227 2216/2541/227 2225/2550/227
f 1189/1340/587 2228/2552/428 1981/2276/428 942/1070/424
f 1190/1341/435 2229/2553/428 2228/2552/428 1189/1340/587
f 1191/1342/1174 2230/2554/1174 2229/2553/1174 1190/1341/1174
f 1192/1343/1175 2231/2555/1175 2230/2554/1175 1191/1342/1175
f 1193/1344/1176 2232/2556/1176 2231/2555/1176 1192/1343/1176
f 1194/1345/1177 2233/2557/1177 2232/2556/1177 1193/1344/1177
f 1195/1346/1178 2234/2558/1178 2233/2557/1178 1194/1345/1178
f 1196/1347/428 2235/2559/428 2234/2558/428 1195/1346/428
f 2235/2559/578 1196/1347/578 1188/1348/578 2227/2560/578
f 2228/2552/428 2237/2561/428 1990/2287/430 1981/2276/428
f 2229/2553/428 2238/2562/1179 2237/2561/428 2228/2552/428
f 2230/2554/435 2239/2563/1180 2238/2562/1179 2229/2553/428
f 2231/2555/1181 2240/2564/1182 2239/2563/1180 2230/2554/435
f 2232/2556/1183 2241/2565/1183 2240/2564/1182 2231/2555/1181
f 2233/2557/1184 2242/2566/1185 2241/2565/1183 2232/2556/1183
f 2234/2558/1186 2243/2567/1187 2242/2566/1185 2233/2557/1184
f 2235/2559/1188 2244/2568/1188 2243/2567/1188 2234/2558/1188
f 2244/2569/1189 2235/2570/1189 2227/2571/1189 2236/2572/1189
f 2237/2561/1190 2246/2573/1190 1999/2297/1190 1990/2287/1190
f 2238/2562/1191 2247/2574/1191 2246/2573/1191 2237/2561/1191
f 2239/2563/1180 2248/2575/1192 2247/2574/1193 2238/2562/1179
f 2240/2564/1182 2249/2576/1194 2248/2575/1192 2239/2563/1180
f 2241/2565/1195 2250/2577/1195 2249/2576/1195 2240/2564/1195
f 2242/2566/1196 2251/2578/1196 2250/2577/1196 2241/2565/1196
f 2243/2567/1187 2252/2579/428 2251/2578/428 2242/2566/1185
f 2244/2568/1197 2253/2580/1197 2252/2579/1197 2243/2567/1197
f 2253/2581/1198 2244/2569/1198 2236/2572/1198 2245/2582/1198
f 2246/2573/1199 2255/2583/1199 2008/2308/1199 1999/2297/1199
f 2247/2574/1200 2256/2584/1200 2255/2583/1200 2246/2573/1200
f 2248/2575/1192 2257/2585/1201 2256/2584/1202 2247/2574/1193
f 2249/2576/1194 2258/2586/1203 2257/2585/1201 2248/2575/1192
f 2250/2577/1204 2259/2587/1204 2258/2586/1204 2249/2576/1204
f 2251/2578/1205 2260/2588/1205 2259/2587/1205 2250/2577/1205
f 2252/2579/428 2261/2589/428 2260/2588/428 2251/2578/428
f 2253/2580/428 2262/2590/428 2261/2589/428 2252/2579/428
f 2262/2590/578 2253/2580/578 2245/2591/578 2254/2592/578
f 2255/2583/1206 2264/2593/1206 2017/2318/1206 2008/2308/1206
f 2256/2584/1207 2265/2594/1207 2264/2593/1207 2255/2583/1207
f 2257/2585/1208 2266/2595/1208 2265/2594/1208 2256/2584/1208
f 2258/2586/1209 2267/2596/1210 2266/2595/1211 2257/2585/1211
f 2259/2587/1212 2268/2597/1212 2267/2596/1210 2258/2586/1209
f 2260/2588/1213 2269/2598/1213 2268/2597/1213 2259/2587/1213
f 2261/2589/1214 2270/2599/1214 2269/2598/1214 2260/2588/1214
f 2262/2590/428 2271/2600/428 2270/2599/428 2261/2589/428
f 2271/2600/578 2262/2590/578 2254/2592/578 2263/2601/578
f 2264/2593/1215 2273/2602/1215 2026/2328/1215 2017/2318/1215
f 2265/2594/1216 2274/2603/1216 2273/2602/1216 2264/2593/1216
f 2266/2595/1217 2275/2604/1217 2274/2603/1217 2265/2594/1217
f 2267/2596/1218 2276/2605/1219 2275/2604/1220 2266/2595/1220
f 2268/2597/1221 2277/2606/1221 2276/2605/1219 2267/2596/1218
f 2269/2598/1222 2278/2607/1222 2277/2606/1222 2268/2597/1222
f 2270/2599/1223 2279/2608/1223 2278/2607/1223 2269/2598/1223
f 2271/2600/428 2280/2609/428 2279/2608/1224 2270/2599/428
f 2280/2609/1225 2271/2600/578 2263/2601/578 2272/2610/1225
f 2273/2602/1226 2282/2611/1226 2035/2338/1226 2026/2328/1226
f 2274/2603/1227 2283/2612/1227 2282/2611/1227 2273/2602/1227
f 2275/2604/1228 2284/2613/1228 2283/2612/1228 2274/2603/1228
f 2276/2605/1229 2285/2614/1230 2284/2613/1231 2275/2604/1231
f 2277/2606/1232 2286/2615/1232 2285/2614/1230 2276/2605/1229
f 2278/2607/1233 2287/2616/1234 2286/2615/1232 2277/2606/1232
f 2279/2608/1224 2288/2617/485 2287/2616/1234 2278/2607/1233
f 2280/2609/428 2289/2618/428 2288/2617/485 2279/2608/1224
f 2289/2618/1235 2280/2609/1225 2272/2610/1225 2281/2619/1235
f 2051/2354/1097 2298/2620/1236 2290/2621/1236 2043/2355/1097
f 2282/2611/1237 2298/2620/1237 2051/2354/1237 2035/2338/1237
f 2298/2620/1238 2299/2622/1238 2291/2623/1238 2290/2621/1238
f 2283/2612/1239 2299/2622/1239 2298/2620/1239 2282/2611/1239
f 2299/2622/1240 2300/2624/1240 2292/2625/1240 2291/2623/1240
f 2284/2613/1241 2300/2624/1241 2299/2622/1241 2283/2612/1241
f 2300/2624/1242 2301/2626/1242 2293/2627/1242 2292/2625/1242
f 2285/2614/1243 2301/2626/1243 2300/2624/1243 2284/2613/1243
f 2301/2628/1244 2302/2629/1244 2294/2630/1244 2293/2631/1244
f 2286/2615/1245 2302/2632/1245 2301/2626/1245 2285/2614/1245
f 2302/2629/1246 2303/2633/1246 2295/2634/1246 2294/2630/1246
f 2287/2616/1247 2303/2635/1247 2302/2632/1247 2286/2615/1247
f 2303/2635/1248 2304/2636/1248 2296/2637/1248 2295/2638/1248
f 2288/2617/485 2304/2636/428 2303/2635/428 2287/2616/1234
f 2304/2636/1249 2305/2639/1249 2297/2640/1249 2296/2637/1249
f 2289/2618/428 2305/2639/428 2304/2636/428 2288/2617/485
f 2305/2639/1250 2289/2618/1250 2281/2619/1250 2297/2640/1250
f 2306/2641/227 1211/1371/227 1117/1255/227 2163/2488/227
f 1212/1372/227 2307/2642/227 2227/2571/227 1188/1373/227
f 2307/2642/227 1212/1372/227 1211/1371/227 2306/2641/227
f 2308/2643/227 2306/2641/227 2163/2488/227 2172/2497/227
f 2307/2642/1251 2309/2644/1251 2236/2572/1251 2227/2571/1251
f 2309/2644/1252 2307/2642/1252 2306/2641/1252 2308/2643/1252
f 2310/2645/1253 2308/2643/1253 2172/2497/1253 2181/2506/1253
f 2309/2644/1254 2311/2646/1254 2245/2582/1254 2236/2572/1254
f 2311/2646/1255 2309/2644/1255 2308/2643/1255 2310/2645/1255
f 2312/2647/1256 2310/2645/1256 2181/2506/1256 2190/2515/1256
f 2311/2646/227 2313/2648/227 2254/2649/227 2245/2582/227
f 2313/2648/1257 2311/2646/1257 2310/2645/1257 2312/2647/1257
f 2314/2650/227 2312/2647/227 2190/2515/227 2199/2524/227
f 2313/2648/227 2315/2651/227 2263/2652/227 2254/2649/227
f 2315/2651/227 2313/2648/227 2312/2647/227 2314/2650/227
f 2316/2653/227 2314/2650/227 2199/2524/227 2208/2533/227
f 2315/2651/227 2317/2654/227 2272/2655/227 2263/2652/227
f 2317/2654/227 2315/2651/227 2314/2650/227 2316/2653/227
f 2318/2656/227 2316/2653/227 2208/2533/227 2217/2542/227
f 2317/2654/227 2319/2657/227 2281/2658/227 2272/2655/227
f 2319/2657/227 2317/2654/227 2316/2653/227 2318/2656/227
f 2320/2659/227 2318/2656/227 2217/2542/227 2226/2551/227
f 2319/2657/227 2321/2660/227 2297/2661/227 2281/2658/227
f 2321/2660/227 2319/2657/227 2318/2656/227 2320/2659/227
f 2080/2388/1258 2330/2662/1258 2322/2663/1258 2072/2389/1258
f 2330/2662/1259 2331/2664/1259 2323/2665/1259 2322/2663/1259
f 2331/2664/1260 2332/2666/1260 2324/2667/1260 2323/2665/1260
f 2332/2666/1261 2333/2668/1261 2325/2669/1261 2324/2667/1261
f 2333/2668/1262 2334/2670/1262 2326/2671/1262 2325/2669/1262
f 2334/2670/1263 2335/2672/1263 2327/2673/1263 2326/2671/1263
f 2335/2672/1264 2336/2674/1264 2328/2675/1264 2327/2673/1264
f 2336/2674/708 2337/2676/708 2329/2677/708 2328/2675/708
f 2088/2398/1265 2338/2678/1265 2330/2662/1265 2080/2388/1265
f 2338/2678/1266 2339/2679/1266 2331/2664/1266 2330/2662/1266
f 2339/2679/1267 2340/2680/1267 2332/2666/1267 2331/2664/1267
f 2340/2680/1268 2341/2681/1268 2333/2668/1268 2332/2666/1268
f 2341/2682/1269 2342/2683/1269 2334/2684/1269 2333/2685/1269
f 2342/2686/1270 2343/2687/1270 2335/2672/1270 2334/2670/1270
f 2343/2687/1271 2344/2688/1271 2336/2674/1271 2335/2672/1271
f 2344/2688/708 2345/2689/1272 2337/2676/708 2336/2674/708
f 2096/2407/1273 2346/2690/1274 2338/2678/1274 2088/2398/1274
f 2346/2690/1275 2347/2691/1275 2339/2679/1275 2338/2678/1275
f 2347/2691/1276 2348/2692/1276 2340/2680/1276 2339/2679/1276
f 2348/2692/1277 2349/2693/1278 2341/2681/1279 2340/2680/1279
f 2349/2693/1280 2350/2694/1280 2342/2686/1280 2341/2681/1280
f 2350/2694/1281 2351/2695/1281 2343/2687/1281 2342/2686/1281
f 2351/2695/1282 2352/2696/1282 2344/2688/1282 2343/2687/1282
f 2352/2696/1283 2353/2697/1283 2345/2689/1283 2344/2688/1283
f 2104/2416/1284 2354/2698/1284 2346/2690/1274 2096/2407/1273
f 2354/2698/1285 2355/2699/1285 2347/2691/1285 2346/2690/1285
f 2355/2699/1286 2356/2700/1286 2348/2692/1286 2347/2691/1286
f 2356/2700/708 2357/2701/708 2349/2693/1278 2348/2692/1277
f 2357/2701/708 2358/2702/748 2350/2694/925 2349/2693/1278
f 2358/2702/1287 2359/2703/1287 2351/2695/1287 2350/2694/1287
f 2359/2704/1288 2360/2705/1288 2352/2706/1288 2351/2707/1288
f 2360/2708/1289 2361/2709/1289 2353/2710/1289 2352/2711/1289
f 2112/2425/1290 2362/2712/1290 2354/2698/1290 2104/2416/1290
f 2362/2712/1291 2363/2713/1291 2355/2699/1291 2354/2698/1291
f 2363/2713/1292 2364/2714/1292 2356/2700/1292 2355/2699/1292
f 2364/2714/708 2365/2715/708 2357/2701/708 2356/2700/708
f 2365/2715/708 2366/2716/708 2358/2702/748 2357/2701/708
f 2366/2716/1293 2367/2717/1293 2359/2703/1293 2358/2702/1293
f 2367/2717/1294 2368/2718/1294 2360/2719/1294 2359/2703/1294
f 2368/2718/1295 2369/2720/1295 2361/2721/1295 2360/2719/1295
f 2120/2434/1296 2370/2722/1296 2362/2712/1296 2112/2425/1296
f 2370/2722/1297 2371/2723/1297 2363/2713/1297 2362/2712/1297
f 2371/2723/708 2372/2724/747 2364/2714/708 2363/2713/708
f 2372/2724/747 2373/2725/747 2365/2715/708 2364/2714/708
f 2373/2725/1298 2374/2726/1298 2366/2716/1298 2365/2715/1298
f 2374/2726/1299 2375/2727/1299 2367/2717/1299 2366/2716/1299
f 2375/2727/1300 2376/2728/1300 2368/2718/1300 2367/2717/1300
f 2376/2728/1301 2377/2729/1301 2369/2720/1301 2368/2718/1301
f 2128/2442/1302 2378/2730/1302 1841/2103/1302 1540/1757/1302
f 2378/2730/1303 2379/2731/1303 1842/2104/1303 1841/2103/1303
f 2379/2731/1304 2380/2732/1304 1843/2105/1304 1842/2104/1304
f 2380/2732/1305 2381/2733/1305 1844/2106/1305 1843/2105/1305
f 2381/2733/749 2382/2734/749 1845/2107/749 1844/2106/749
f 2382/2734/1306 2383/2735/1306 1846/2108/1306 1845/2107/1306
f 2383/2735/1307 2384/2736/1307 1847/2109/1307 1846/2108/1307
f 2384/2736/1308 2385/2737/1308 1848/2110/1308 1847/2109/1308
f 2136/2450/1309 2386/2738/1309 2378/2730/1309 2128/2442/1309
f 2322/2663/1310 2386/2738/1310 2136/2450/1310 2072/2389/1310
f 2386/2738/1311 2387/2739/1311 2379/2731/1311 2378/2730/1311
f 2323/2665/1312 2387/2739/1312 2386/2738/1312 2322/2663/1312
f 2387/2739/708 2388/2740/708 2380/2732/708 2379/2731/708
f 2324/2667/708 2388/2740/708 2387/2739/708 2323/2665/708
f 2388/2740/1313 2389/2741/1313 2381/2733/1313 2380/2732/1313
f 2325/2669/1314 2389/2741/1314 2388/2740/1314 2324/2667/1314
f 2389/2741/1315 2390/2742/1315 2382/2734/1315 2381/2733/1315
f 2326/2671/1316 2390/2742/1316 2389/2741/1316 2325/2669/1316
f 2390/2743/1317 2391/2744/1317 2383/2745/1317 2382/2746/1317
f 2327/2673/1318 2391/2747/1318 2390/2742/1318 2326/2671/1318
f 2391/2744/1319 2392/2748/1319 2384/2746/1319 2383/2745/1319
f 2328/2675/1320 2392/2749/1320 2391/2747/1320 2327/2673/1320
f 2392/2749/708 2393/2750/708 2385/2737/708 2384/2736/708
f 2329/2677/708 2393/2750/708 2392/2749/708 2328/2675/708
f 2395/2751/1321 2218/2543/1321 1724/1957/1321 1865/2131/1321
f 2396/2752/1322 2397/2753/1322 2395/2751/1322 2394/2754/1322
f 2220/2544/1323 2397/2753/1323 2396/2752/1323 2219/2545/1323
f 2397/2753/1324 2220/2544/1324 2218/2543/1324 2395/2751/1324
f 2337/2676/708 2398/2755/708 2396/2756/708 2329/2677/708
f 2398/2757/1325 2221/2546/1325 2219/2545/1325 2396/2752/1325
f 2345/2689/1272 2399/2758/1326 2398/2755/708 2337/2676/708
f 2399/2759/227 2222/2547/227 2221/2546/227 2398/2757/227
f 2353/2697/1327 2400/2760/1327 2399/2758/1326 2345/2689/1272
f 2400/2761/227 2223/2548/227 2222/2547/227 2399/2759/227
f 2361/2721/1328 2401/2762/1328 2400/2760/1328 2353/2697/1328
f 2401/2763/227 2224/2549/227 2223/2548/227 2400/2761/227
f 2369/2720/1329 2402/2764/1329 2401/2762/1329 2361/2721/1329
f 2402/2765/227 2225/2550/227 2224/2549/227 2401/2763/227
f 2377/2729/1330 2403/2766/1330 2402/2764/1330 2369/2720/1330
f 2403/2767/227 2226/2551/227 2225/2550/227 2402/2765/227
f 2385/2737/708 2404/2768/708 1881/2162/708 1848/2110/708
f 2404/2768/708 2405/2769/708 1882/2163/708 1881/2162/708
f 2395/2751/1331 2405/2770/1331 2404/2771/1331 2394/2754/1331
f 2405/2770/227 2395/2751/227 1865/2131/227 1882/2164/227
f 2393/2750/708 2406/2772/708 2404/2768/708 2385/2737/708
f 2396/2756/708 2406/2772/708 2393/2750/708 2329/2677/708
f 2406/2772/708 2396/2756/708 2394/2773/708 2404/2768/708
f 2146/2461/1332 2407/2774/1332 2370/2722/1332 2120/2434/1332
f 2407/2774/1333 2408/2775/1333 2371/2723/1333 2370/2722/1333
f 2408/2775/708 2409/2776/747 2372/2724/747 2371/2723/708
f 2409/2776/747 2410/2777/877 2373/2725/747 2372/2724/747
f 2410/2778/1334 2411/2779/1334 2374/2780/1334 2373/2781/1334
f 2411/2782/1335 2412/2783/1335 2375/2727/1335 2374/2726/1335
f 2412/2783/1336 2413/2784/1336 2376/2728/1336 2375/2727/1336
f 2413/2784/1337 2414/2785/1337 2377/2729/1337 2376/2728/1337
f 2154/2478/1338 2415/2786/1338 2407/2774/1338 2146/2461/1338
f 2290/2787/1339 2415/2786/1339 2154/2478/1339 2043/2479/1339
f 2415/2786/1340 2416/2788/1340 2408/2775/1340 2407/2774/1340
f 2291/2789/1341 2416/2788/1341 2415/2786/1341 2290/2787/1341
f 2416/2788/1342 2417/2790/1342 2409/2776/1342 2408/2775/1342
f 2292/2791/1343 2417/2790/1343 2416/2788/1343 2291/2789/1343
f 2417/2790/1344 2418/2792/1344 2410/2777/1344 2409/2776/1344
f 2293/2631/1345 2418/2792/1345 2417/2790/1345 2292/2791/1345
f 2418/2792/1346 2419/2793/1346 2411/2782/1346 2410/2777/1346
f 2294/2630/1347 2419/2793/1347 2418/2792/1347 2293/2631/1347
f 2419/2793/1348 2420/2794/1348 2412/2783/1348 2411/2782/1348
f 2295/2634/1349 2420/2794/1349 2419/2793/1349 2294/2630/1349
f 2420/2794/1350 2421/2795/766 2413/2784/1350 2412/2783/1351
f 2296/2796/708 2421/2795/766 2420/2794/1350 2295/2634/708
f 2421/2795/766 2422/2797/708 2414/2785/708 2413/2784/1350
f 2297/2798/708 2422/2797/708 2421/2795/766 2296/2796/708
f 2414/2785/708 2423/2799/708 2403/2766/708 2377/2729/708
f 2423/2800/227 2320/2659/227 2226/2551/227 2403/2767/227
f 2422/2797/708 2424/2801/708 2423/2799/708 2414/2785/708
f 2321/2802/1331 2424/2801/1331 2422/2797/1331 2297/2798/1331
f 2424/2803/227 2321/2660/227 2320/2659/227 2423/2800/227
usemtl Material.004
f 2429/2804/1352 2428/2805/1352 2425/2806/1352 2426/2807/1352
f 2430/2808/1353 2429/2804/1352 2426/2807/1352 2427/2809/1352
f 2432/2810/1352 2431/2811/1352 2428/2805/1352 2429/2804/1352
f 2433/2812/1354 2432/2810/1352 2429/2804/1352 2430/2808/1353
f 2435/2804/6 2426/2807/6 2425/2806/6 2434/2805/6
f 2436/2808/6 2427/2809/6 2426/2807/6 2435/2804/6
f 2428/2807/1355 2437/2804/1355 2434/2805/1355 2425/2806/1355
f 2431/2809/1355 2438/2808/1355 2437/2804/1355 2428/2807/1355
f 2440/2810/6 2435/2804/6 2434/2805/6 2439/2811/6
f 2441/2812/6 2436/2808/6 2435/2804/6 2440/2810/6
f 2437/2804/1355 2442/2810/1355 2439/2811/1355 2434/2805/1355
f 2438/2808/1355 2443/2812/1355 2442/2810/1355 2437/2804/1355
f 2452/2813/1356 2430/2808/1353 2427/2809/1352 2444/2814/1352
f 2453/2815/1352 2452/2813/1356 2444/2814/1352 2445/2816/1352
f 2454/2817/1352 2453/2815/1352 2445/2816/1352 2446/2818/1352
f 2455/2819/1352 2454/2817/1352 2446/2818/1352 2447/2820/1352
f 2456/2821/1357 2455/2819/1357 2447/2820/1357 2448/2822/1357
f 2457/2823/1358 2456/2821/1358 2448/2822/1358 2449/2824/1358
f 2458/2825/1359 2457/2823/1359 2449/2824/1359 2450/2826/1359
f 2459/2827/1352 2458/2825/1352 2450/2826/1352 2451/2828/1352
f 2460/2829/1360 2433/2812/1354 2430/2808/1353 2452/2813/1356
f 2461/2830/1361 2460/2829/1361 2452/2813/1361 2453/2815/1361
f 2462/2831/1362 2461/2830/1362 2453/2815/1362 2454/2817/1362
f 2463/2832/1352 2462/2831/1352 2454/2817/1352 2455/2819/1352
f 2464/2833/1363 2463/2832/1363 2455/2819/1363 2456/2821/1363
f 2465/2834/1364 2464/2833/1364 2456/2821/1364 2457/2823/1364
f 2466/2835/1365 2465/2834/1365 2457/2823/1365 2458/2825/1365
f 2467/2836/1352 2466/2835/1352 2458/2825/1352 2459/2827/1352
f 2468/2813/6 2444/2814/6 2427/2809/6 2436/2808/6
f 2469/2815/6 2445/2816/6 2444/2814/6 2468/2813/6
f 2470/2817/6 2446/2818/6 2445/2816/6 2469/2815/6
f 2471/2819/1366 2447/2820/1367 2446/2818/6 2470/2817/6
f 2472/2837/1368 2448/2838/1369 2447/2820/1367 2471/2819/1366
f 2473/2839/1370 2449/2840/1371 2448/2838/1369 2472/2837/1368
f 2474/2825/1372 2450/2826/1373 2449/2840/1371 2473/2839/1370
f 2475/2827/6 2451/2828/6 2450/2826/1373 2474/2825/1372
f 2476/2841/6 2468/2813/6 2436/2808/6 2441/2812/6
f 2477/2842/6 2469/2815/6 2468/2813/6 2476/2841/6
f 2478/2831/6 2470/2817/6 2469/2815/6 2477/2842/6
f 2479/2832/1374 2471/2819/1366 2470/2817/6 2478/2831/6
f 2480/2843/1375 2472/2837/1368 2471/2819/1366 2479/2832/1374
f 2481/2844/1376 2473/2839/1370 2472/2837/1368 2480/2843/1375
f 2482/2835/1377 2474/2825/1372 2473/2839/1370 2481/2844/1376
f 2483/2836/6 2475/2827/6 2474/2825/1372 2482/2835/1377
f 2485/2845/1378 2484/2846/1379 2431/2811/1352 2432/2810/1352
f 2486/2847/1380 2485/2845/1378 2432/2810/1352 2433/2812/1354
f 2488/2848/1381 2487/2849/1379 2484/2846/1379 2485/2845/1378
f 2489/2850/1382 2488/2848/1381 2485/2845/1378 2486/2847/1382
f 2491/2851/1383 2490/2852/1383 2487/2849/1383 2488/2848/1383
f 2492/2853/1384 2491/2851/1384 2488/2848/1384 2489/2850/1384
f 2494/2854/1385 2493/2855/1385 2490/2852/1385 2491/2851/1385
f 2495/2856/1386 2494/2857/1386 2491/2858/1386 2492/2859/1386
f 2497/2860/1387 2496/2861/1387 2493/2862/1387 2494/2863/1387
f 2498/2864/1388 2497/2865/1388 2494/2854/1388 2495/2866/1388
f 2500/2867/1389 2499/2868/1389 2496/2869/1389 2497/2870/1389
f 2501/2871/1390 2500/2867/1390 2497/2870/1390 2498/2872/1390
f 2503/2873/1391 2502/2874/1391 2499/2875/1391 2500/2876/1391
f 2504/2877/1392 2503/2873/1392 2500/2876/1392 2501/2878/1392
f 2506/2879/1393 2505/2880/1393 2502/2874/1394 2503/2873/1393
f 2507/2881/1352 2506/2879/1393 2503/2873/1393 2504/2877/1393
f 2484/2814/1355 2508/2813/1355 2438/2808/1355 2431/2809/1355
f 2487/2816/1355 2509/2882/1355 2508/2813/1355 2484/2814/1355
f 2490/2883/1395 2510/2884/1396 2509/2882/1397 2487/2816/1395
f 2493/2862/1398 2511/2885/1398 2510/2884/1398 2490/2883/1398
f 2496/2861/1399 2512/2886/1399 2511/2885/1399 2493/2862/1399
f 2499/2887/1400 2513/2888/1400 2512/2886/1400 2496/2861/1400
f 2502/2889/1401 2514/2890/1401 2513/2888/1401 2499/2887/1401
f 2505/2828/1402 2515/2827/1403 2514/2890/1404 2502/2889/1405
f 2508/2813/1355 2516/2841/1355 2443/2812/1355 2438/2808/1355
f 2509/2882/1355 2517/2842/1406 2516/2841/1355 2508/2813/1355
f 2510/2884/1396 2518/2891/1407 2517/2842/1407 2509/2882/1397
f 2511/2885/1408 2519/2892/1408 2518/2891/1408 2510/2884/1408
f 2512/2886/1409 2520/2893/1409 2519/2892/1409 2511/2885/1409
f 2513/2888/1410 2521/2894/1410 2520/2893/1410 2512/2886/1410
f 2514/2890/1411 2522/2895/1411 2521/2894/1411 2513/2888/1411
f 2515/2827/1403 2523/2836/1412 2522/2895/1413 2514/2890/1404
f 2524/2896/1414 2486/2847/1380 2433/2812/1354 2460/2829/1360
f 2525/2897/1415 2524/2896/1415 2460/2829/1415 2461/2830/1415
f 2526/2898/1416 2525/2897/1416 2461/2830/1416 2462/2831/1416
f 2527/2899/1417 2526/2898/1417 2462/2831/1417 2463/2832/1417
f 2528/2900/1418 2527/2899/1418 2463/2832/1418 2464/2833/1418
f 2529/2901/1419 2528/2900/1419 2464/2833/1419 2465/2834/1419
f 2530/2902/1420 2529/2901/1420 2465/2834/1420 2466/2835/1420
f 2531/2903/1421 2530/2902/1421 2466/2835/1421 2467/2836/1421
f 2532/2904/1422 2489/2850/1382 2486/2847/1382 2524/2896/1422
f 2533/2905/1423 2532/2904/1423 2524/2896/1423 2525/2897/1423
f 2534/2906/1424 2533/2905/1424 2525/2897/1424 2526/2898/1424
f 2535/2907/1425 2534/2906/1425 2526/2898/1425 2527/2899/1425
f 2536/2908/1426 2535/2907/1426 2527/2899/1426 2528/2900/1426
f 2537/2909/1427 2536/2908/1427 2528/2900/1427 2529/2901/1427
f 2538/2910/1428 2537/2909/1428 2529/2901/1428 2530/2902/1428
f 2539/2911/1429 2538/2910/1429 2530/2902/1429 2531/2903/1429
f 2540/2912/1430 2492/2853/1430 2489/2850/1430 2532/2904/1430
f 2541/2913/1431 2540/2912/1431 2532/2904/1431 2533/2905/1431
f 2542/2914/1432 2541/2913/1432 2533/2905/1432 2534/2906/1432
f 2543/2915/1433 2542/2914/1433 2534/2906/1433 2535/2907/1433
f 2544/2916/1434 2543/2915/1434 2535/2907/1434 2536/2908/1434
f 2545/2917/1435 2544/2916/1435 2536/2908/1435 2537/2909/1435
f 2546/2918/1436 2545/2917/1436 2537/2909/1436 2538/2910/1436
f 2547/2919/1437 2546/2918/1437 2538/2910/1437 2539/2911/1437
f 2548/2920/1438 2495/2866/1438 2492/2853/1438 2540/2912/1438
f 2549/2921/1439 2548/2920/1439 2540/2912/1439 2541/2913/1439
f 2550/2922/1440 2549/2921/1440 2541/2913/1440 2542/2914/1440
f 2551/2923/1441 2550/2922/1441 2542/2914/1441 2543/2915/1441
f 2552/2924/1442 2551/2923/1442 2543/2915/1442 2544/2916/1442
f 2553/2925/1443 2552/2924/1443 2544/2916/1443 2545/2917/1443
f 2554/2926/1444 2553/2925/1444 2545/2917/1444 2546/2918/1444
f 2555/2927/1445 2554/2926/1445 2546/2918/1445 2547/2919/1445
f 2556/2928/1446 2498/2864/1446 2495/2866/1446 2548/2920/1446
f 2557/2929/1447 2556/2928/1447 2548/2920/1447 2549/2921/1447
f 2558/2930/1448 2557/2929/1448 2549/2921/1448 2550/2922/1448
f 2559/2931/1449 2558/2930/1449 2550/2922/1449 2551/2923/1449
f 2560/2932/1450 2559/2931/1450 2551/2923/1450 2552/2924/1450
f 2561/2933/1393 2560/2932/1393 2552/2924/1394 2553/2925/1394
f 2562/2934/1451 2561/2933/1451 2553/2925/1451 2554/2926/1451
f 2563/2935/1452 2562/2934/1452 2554/2926/1452 2555/2927/1452
f 2564/2936/1453 2501/2878/1453 2498/2864/1453 2556/2928/1453
f 2565/2937/1454 2564/2936/1454 2556/2928/1454 2557/2929/1454
f 2566/2938/1352 2565/2937/1352 2557/2929/1352 2558/2930/1352
f 2567/2939/1352 2566/2938/1352 2558/2930/1352 2559/2931/1352
f 2568/2940/1352 2567/2939/1352 2559/2931/1352 2560/2932/1393
f 2569/2941/1352 2568/2940/1352 2560/2932/1393 2561/2933/1393
f 2570/2942/1455 2569/2941/1455 2561/2933/1455 2562/2934/1455
f 2571/2943/1456 2570/2942/1456 2562/2934/1456 2563/2935/1456
f 2572/2944/1457 2504/2877/1457 2501/2878/1457 2564/2936/1457
f 2573/2945/1352 2572/2944/1352 2564/2936/1352 2565/2937/1352
f 2574/2946/1352 2573/2945/1352 2565/2937/1352 2566/2938/1352
f 2575/2947/1352 2574/2946/1352 2566/2938/1352 2567/2939/1352
f 2576/2948/1352 2575/2947/1352 2567/2939/1352 2568/2940/1352
f 2577/2949/1352 2576/2948/1352 2568/2940/1352 2569/2941/1352
f 2578/2950/1352 2577/2949/1352 2569/2941/1352 2570/2942/1352
f 2579/2951/1352 2578/2950/1352 2570/2942/1352 2571/2943/1352
f 2580/2952/1352 2507/2881/1352 2504/2877/1393 2572/2944/1352
f 2581/2953/1352 2580/2952/1352 2572/2944/1352 2573/2945/1352
f 2582/2954/1352 2581/2953/1352 2573/2945/1352 2574/2946/1352
f 2583/2955/1352 2582/2954/1352 2574/2946/1352 2575/2947/1352
f 2584/2956/1352 2583/2955/1352 2575/2947/1352 2576/2948/1352
f 2585/2957/1352 2584/2956/1352 2576/2948/1352 2577/2949/1352
f 2586/2958/1352 2585/2957/1352 2577/2949/1352 2578/2950/1352
f 2587/2959/1458 2586/2958/1458 2578/2950/1458 2579/2951/1458
f 2589/2845/6 2440/2810/6 2439/2811/6 2588/2846/6
f 2590/2847/6 2441/2812/6 2440/2810/6 2589/2845/6
f 2442/2810/1355 2591/2845/1355 2588/2846/1355 2439/2811/1355
f 2443/2812/1355 2592/2847/1355 2591/2845/1355 2442/2810/1355
f 2594/2960/1459 2589/2845/6 2588/2846/6 2593/2849/1460
f 2595/2961/1461 2590/2847/6 2589/2845/6 2594/2960/1459
f 2591/2845/1355 2596/2960/1355 2593/2849/1355 2588/2846/1355
f 2592/2847/1355 2597/2961/1355 2596/2960/1355 2591/2845/1355
f 2599/2962/1462 2594/2960/1459 2593/2849/1460 2598/2963/1463
f 2600/2964/1464 2595/2961/1461 2594/2960/1459 2599/2962/1462
f 2596/2960/1355 2601/2965/1355 2598/2963/1355 2593/2849/1355
f 2597/2961/1355 2602/2966/1355 2601/2965/1355 2596/2960/1355
f 2604/2967/1465 2599/2962/1462 2598/2963/1463 2603/2968/1465
f 2605/2969/1466 2600/2964/1466 2599/2962/1466 2604/2967/1466
f 2601/2965/1355 2606/2970/1355 2603/2971/1355 2598/2963/1355
f 2602/2966/1355 2607/2972/1355 2606/2970/1355 2601/2965/1355
f 2609/2973/1467 2604/2967/1465 2603/2968/1465 2608/2974/1467
f 2610/2975/1468 2605/2969/1468 2604/2967/1468 2609/2973/1468
f 2606/2970/1355 2611/2976/1355 2608/2977/1355 2603/2971/1355
f 2607/2972/1355 2612/2978/1355 2611/2976/1355 2606/2970/1355
f 2614/2979/1469 2609/2973/1467 2608/2974/1467 2613/2980/1470
f 2615/2981/1471 2610/2975/1471 2609/2973/1471 2614/2979/1471
f 2611/2976/1355 2616/2979/1355 2613/2980/1355 2608/2977/1355
f 2612/2978/1355 2617/2981/1355 2616/2979/1355 2611/2976/1355
f 2619/2982/6 2614/2979/1469 2613/2980/1470 2618/2983/6
f 2620/2877/6 2615/2981/6 2614/2979/1469 2619/2982/6
f 2616/2979/1355 2621/2982/1355 2618/2983/1355 2613/2980/1355
f 2617/2981/1355 2622/2877/1355 2621/2982/1355 2616/2979/1355
f 2624/2984/6 2619/2982/6 2618/2983/6 2623/2880/6
f 2625/2881/6 2620/2877/6 2619/2982/6 2624/2984/6
f 2621/2982/1355 2626/2984/1355 2623/2880/1355 2618/2983/1355
f 2622/2877/1355 2627/2881/1355 2626/2984/1355 2621/2982/1355
f 2628/2985/6 2476/2841/6 2441/2812/6 2590/2847/6
f 2629/2986/6 2477/2842/6 2476/2841/6 2628/2985/6
f 2630/2987/6 2478/2831/6 2477/2842/6 2629/2986/6
f 2631/2988/6 2479/2832/1374 2478/2831/6 2630/2987/6
f 2632/2989/6 2480/2843/1375 2479/2832/1374 2631/2988/6
f 2633/2990/6 2481/2844/1376 2480/2843/1375 2632/2989/6
f 2634/2991/6 2482/2835/1377 2481/2844/1376 2633/2990/6
f 2635/2903/6 2483/2836/6 2482/2835/1377 2634/2991/6
f 2636/2992/6 2628/2985/6 2590/2847/6 2595/2961/1461
f 2637/2993/6 2629/2986/6 2628/2985/6 2636/2992/6
f 2638/2994/6 2630/2987/6 2629/2986/6 2637/2993/6
f 2639/2995/6 2631/2988/6 2630/2987/6 2638/2994/6
f 2640/2996/1472 2632/2989/6 2631/2988/6 2639/2995/6
f 2641/2997/1473 2633/2990/6 2632/2989/6 2640/2996/1472
f 2642/2998/1474 2634/2991/6 2633/2990/6 2641/2997/1473
f 2643/2911/1475 2635/2903/6 2634/2991/6 2642/2998/1474
f 2644/2999/1476 2636/2992/1476 2595/2961/1476 2600/2964/1476
f 2645/3000/1477 2637/2993/1477 2636/2992/1477 2644/2999/1477
f 2646/3001/1478 2638/2994/1479 2637/2993/1480 2645/3000/1480
f 2647/3002/1481 2639/2995/1481 2638/2994/1479 2646/3001/1478
f 2648/3003/1482 2640/2996/1482 2639/2995/1482 2647/3002/1482
f 2649/3004/1483 2641/2997/1473 2640/2996/1472 2648/3003/1484
f 2650/3005/1485 2642/2998/1474 2641/2997/1473 2649/3004/1483
f 2651/3006/1486 2643/2911/1475 2642/2998/1474 2650/3005/1485
f 2652/3007/1487 2644/3008/1487 2600/3009/1487 2605/3010/1487
f 2653/3011/1488 2645/3012/1488 2644/3008/1488 2652/3007/1488
f 2654/3013/1489 2646/3014/1489 2645/3012/1489 2653/3011/1489
f 2655/3015/1490 2647/3002/1490 2646/3001/1490 2654/3016/1490
f 2656/3017/1491 2648/3003/1491 2647/3002/1491 2655/3015/1491
f 2657/3018/1492 2649/3004/1492 2648/3003/1492 2656/3017/1492
f 2658/3019/1493 2650/3005/1493 2649/3004/1493 2657/3018/1493
f 2659/3020/1494 2651/3006/1494 2650/3005/1494 2658/3019/1494
f 2660/3021/1495 2652/3007/1495 2605/3010/1495 2610/3022/1495
f 2661/3023/1496 2653/3011/1497 2652/3007/1498 2660/3021/1498
f 2662/3024/1499 2654/3013/1500 2653/3011/1497 2661/3023/1496
f 2663/3025/1501 2655/3026/1501 2654/3013/1500 2662/3024/1499
f 2664/3027/1502 2656/3028/1502 2655/3026/1502 2663/3025/1502
f 2665/3029/1503 2657/3018/1503 2656/3017/1503 2664/3030/1503
f 2666/3031/1504 2658/3019/1504 2657/3018/1504 2665/3029/1504
f 2667/3032/1505 2659/3020/1506 2658/3019/1507 2666/3031/1507
f 2668/2936/1508 2660/3033/1508 2610/2975/1508 2615/2981/1508
f 2669/2937/1509 2661/3034/1510 2660/3033/1511 2668/2936/1512
f 2670/2938/1513 2662/3035/1514 2661/3034/1510 2669/2937/1509
f 2671/2939/1515 2663/3036/1516 2662/3035/1514 2670/2938/1513
f 2672/2940/1517 2664/3030/1518 2663/3036/1516 2671/2939/1515
f 2673/3037/1519 2665/3029/1520 2664/3030/1518 2672/2940/1517
f 2674/3038/1521 2666/3031/1521 2665/3029/1521 2673/3037/1521
f 2675/3039/1522 2667/3032/1522 2666/3031/1522 2674/3038/1522
f 2676/2944/6 2668/2936/1512 2615/2981/6 2620/2877/6
f 2677/2945/6 2669/2937/1509 2668/2936/1512 2676/2944/6
f 2678/2946/6 2670/2938/1513 2669/2937/1509 2677/2945/6
f 2679/2947/6 2671/2939/1515 2670/2938/1513 2678/2946/6
f 2680/2948/6 2672/2940/1517 2671/2939/1515 2679/2947/6
f 2681/2949/1523 2673/3037/1519 2672/2940/1517 2680/2948/6
f 2682/3040/1524 2674/3038/1524 2673/3037/1524 2681/2949/1524
f 2683/3041/1525 2675/3039/1525 2674/3038/1525 2682/3040/1525
f 2684/2952/6 2676/2944/6 2620/2877/6 2625/2881/6
f 2685/2953/6 2677/2945/6 2676/2944/6 2684/2952/6
f 2686/2954/6 2678/2946/6 2677/2945/6 2685/2953/6
f 2687/2955/6 2679/2947/6 2678/2946/6 2686/2954/6
f 2688/2956/1526 2680/2948/6 2679/2947/6 2687/2955/6
f 2689/2957/1527 2681/2949/1523 2680/2948/6 2688/2956/1526
f 2690/2958/1528 2682/3040/1528 2681/2949/1523 2689/2957/1527
f 2691/3042/1529 2683/3041/1529 2682/3040/1529 2690/2958/1529
f 2516/2841/1355 2692/2985/1355 2592/2847/1355 2443/2812/1355
f 2517/2842/1406 2693/2986/1530 2692/2985/1355 2516/2841/1355
f 2518/2891/1531 2694/3043/1532 2693/2986/1530 2517/2842/1406
f 2519/2892/1533 2695/3044/1533 2694/3043/1533 2518/2891/1533
f 2520/2893/1534 2696/3045/1534 2695/3044/1534 2519/2892/1534
f 2521/2894/1535 2697/3046/1535 2696/3045/1535 2520/2893/1535
f 2522/2895/1536 2698/2991/1536 2697/3046/1536 2521/2894/1536
f 2523/2836/1412 2699/2903/1355 2698/2991/1537 2522/2895/1413
f 2692/2985/1355 2700/2992/1355 2597/2961/1355 2592/2847/1355
f 2693/2986/1530 2701/2993/1355 2700/2992/1355 2692/2985/1355
f 2694/3043/1532 2702/2994/1538 2701/2993/1355 2693/2986/1530
f 2695/3044/1539 2703/2995/1540 2702/2994/1538 2694/3043/1532
f 2696/3045/1541 2704/2996/1542 2703/2995/1540 2695/3044/1539
f 2697/3046/1543 2705/2997/1544 2704/2996/1542 2696/3045/1545
f 2698/2991/1537 2706/2998/1546 2705/2997/1544 2697/3046/1543
f 2699/2903/1355 2707/2911/1355 2706/2998/1546 2698/2991/1537
f 2700/2992/1355 2708/3047/1355 2602/2966/1355 2597/2961/1355
f 2701/2993/1355 2709/3048/1355 2708/3047/1355 2700/2992/1355
f 2702/2994/1538 2710/3049/1355 2709/3048/1355 2701/2993/1355
f 2703/2995/1540 2711/3050/1355 2710/3049/1355 2702/2994/1538
f 2704/2996/1542 2712/2916/1355 2711/3050/1355 2703/2995/1540
f 2705/2997/1544 2713/3051/1355 2712/2916/1355 2704/2996/1542
f 2706/2998/1546 2714/3052/1355 2713/3051/1355 2705/2997/1544
f 2707/2911/1355 2715/2919/1355 2714/3052/1355 2706/2998/1546
f 2708/3047/1355 2716/3053/1355 2607/2972/1355 2602/2966/1355
f 2709/3048/1355 2717/3054/1355 2716/3053/1355 2708/3047/1355
f 2710/3049/1355 2718/3055/1355 2717/3054/1355 2709/3048/1355
f 2711/3050/1355 2719/3056/1355 2718/3055/1355 2710/3049/1355
f 2712/2916/1355 2720/2924/1355 2719/3056/1355 2711/3050/1355
f 2713/3051/1355 2721/3057/1355 2720/2924/1355 2712/2916/1355
f 2714/3052/1355 2722/3058/1355 2721/3057/1355 2713/3051/1355
f 2715/2919/1355 2723/3059/1355 2722/3058/1355 2714/3052/1355
f 2716/3053/1355 2724/3060/1355 2612/2978/1355 2607/2972/1355
f 2717/3054/1355 2725/2929/1355 2724/3060/1355 2716/3053/1355
f 2718/3055/1355 2726/3061/1355 2725/2929/1355 2717/3054/1355
f 2719/3056/1355 2727/2931/1355 2726/3061/1355 2718/3055/1355
f 2720/2924/1355 2728/2932/1355 2727/2931/1355 2719/3056/1355
f 2721/3057/1355 2729/2933/1355 2728/2932/1355 2720/2924/1355
f 2722/3058/1355 2730/3062/1355 2729/2933/1355 2721/3057/1355
f 2723/3059/1355 2731/3063/1355 2730/3062/1355 2722/3058/1355
f 2724/3060/1355 2732/2936/1355 2617/2981/1355 2612/2978/1355
f 2725/2929/1355 2733/2937/1355 2732/2936/1355 2724/3060/1355
f 2726/3061/1355 2734/2938/1355 2733/2937/1355 2725/2929/1355
f 2727/2931/1355 2735/2939/1355 2734/2938/1355 2726/3061/1355
f 2728/2932/1355 2736/2940/1355 2735/2939/1355 2727/2931/1355
f 2729/2933/1355 2737/2941/1355 2736/2940/1355 2728/2932/1355
f 2730/3062/1355 2738/2942/1355 2737/2941/1355 2729/2933/1355
f 2731/3063/1355 2739/2943/1355 2738/2942/1355 2730/3062/1355
f 2732/2936/1355 2740/2944/1355 2622/2877/1355 2617/2981/1355
f 2733/2937/1355 2741/2945/1355 2740/2944/1355 2732/2936/1355
f 2734/2938/1355 2742/2946/1355 2741/2945/1355 2733/2937/1355
f 2735/2939/1355 2743/2947/1355 2742/2946/1355 2734/2938/1355
f 2736/2940/1355 2744/2948/1355 2743/2947/1355 2735/2939/1355
f 2737/2941/1355 2745/2949/1355 2744/2948/1355 2736/2940/1355
f 2738/2942/1355 2746/2950/1355 2745/2949/1355 2737/2941/1355
f 2739/2943/1355 2747/2951/1355 2746/2950/1355 2738/2942/1355
f 2740/2944/1355 2748/2952/1355 2627/2881/1355 2622/2877/1355
f 2741/2945/1355 2749/2953/1355 2748/2952/1355 2740/2944/1355
f 2742/2946/1355 2750/2954/1355 2749/2953/1355 2741/2945/1355
f 2743/2947/1355 2751/2955/1355 2750/2954/1355 2742/2946/1355
f 2744/2948/1355 2752/2956/1355 2751/2955/1355 2743/2947/1355
f 2745/2949/1355 2753/2957/1355 2752/2956/1355 2744/2948/1355
f 2746/2950/1355 2754/2958/1355 2753/2957/1355 2745/2949/1355
f 2747/2951/1355 2755/3064/1355 2754/2958/1355 2746/2950/1355
f 2764/3065/1352 2459/2827/1352 2451/2828/1352 2756/3066/1352
f 2765/3067/1352 2764/3065/1352 2756/3066/1352 2757/3068/1352
f 2766/3069/1352 2765/3067/1352 2757/3068/1352 2758/3070/1352
f 2767/3071/1352 2766/3069/1352 2758/3070/1352 2759/3072/1352
f 2768/3073/1352 2767/3071/1352 2759/3072/1352 2760/3074/1352
f 2769/3075/1352 2768/3073/1352 2760/3074/1352 2761/3076/1352
f 2770/3077/1352 2769/3075/1352 2761/3076/1352 2762/3078/1352
f 2771/3079/1352 2770/3077/1352 2762/3078/1352 2763/3080/1352
f 2772/3081/1352 2467/2836/1352 2459/2827/1352 2764/3065/1352
f 2773/3082/1352 2772/3081/1352 2764/3065/1352 2765/3067/1352
f 2774/3083/1352 2773/3082/1352 2765/3067/1352 2766/3069/1352
f 2775/3084/1352 2774/3083/1352 2766/3069/1352 2767/3071/1352
f 2776/3085/1356 2775/3084/1352 2767/3071/1352 2768/3073/1352
f 2777/3086/1378 2776/3085/1356 2768/3073/1352 2769/3075/1352
f 2778/3087/1352 2777/3086/1378 2769/3075/1352 2770/3077/1352
f 2779/3088/1352 2778/3087/1352 2770/3077/1352 2771/3079/1352
f 2780/3065/6 2756/3066/6 2451/2828/6 2475/2827/6
f 2781/3067/6 2757/3068/6 2756/3066/6 2780/3065/6
f 2782/3069/6 2758/3070/6 2757/3068/6 2781/3067/6
f 2783/3071/6 2759/3072/6 2758/3070/6 2782/3069/6
f 2784/3073/6 2760/3074/6 2759/3072/6 2783/3071/6
f 2785/3075/6 2761/3076/6 2760/3074/6 2784/3073/6
f 2786/3077/6 2762/3078/6 2761/3076/6 2785/3075/6
f 2787/3079/6 2763/3080/6 2762/3078/6 2786/3077/6
f 2788/3081/6 2780/3065/6 2475/2827/6 2483/2836/6
f 2789/3082/6 2781/3067/6 2780/3065/6 2788/3081/6
f 2790/3083/6 2782/3069/6 2781/3067/6 2789/3082/6
f 2791/3084/6 2783/3071/6 2782/3069/6 2790/3083/6
f 2792/3089/6 2784/3073/6 2783/3071/6 2791/3084/6
f 2793/3090/6 2785/3075/6 2784/3073/6 2792/3089/6
f 2794/3091/6 2786/3077/6 2785/3075/6 2793/3090/6
f 2795/3092/6 2787/3079/6 2786/3077/6 2794/3091/6
f 2799/3093/1352 2771/3079/1352 2763/3080/1352 2796/3094/1352
f 2800/3095/1352 2799/3093/1352 2796/3094/1352 2797/3096/1352
f 2801/3097/1352 2800/3095/1352 2797/3096/1352 2798/3098/1352
f 2802/3099/1352 2779/3088/1352 2771/3079/1352 2799/3093/1352
f 2803/3100/1352 2802/3099/1352 2799/3093/1352 2800/3095/1352
f 2804/3101/1352 2803/3100/1352 2800/3095/1352 2801/3097/1352
f 2805/3093/6 2796/3094/6 2763/3080/6 2787/3079/6
f 2806/3095/6 2797/3096/6 2796/3094/6 2805/3093/6
f 2807/3097/6 2798/3098/6 2797/3096/6 2806/3095/6
f 2808/3102/1547 2801/3103/1547 2798/3104/1547 2807/3105/1547
f 2809/3106/1547 2804/3107/1547 2801/3103/1547 2808/3102/1547
f 2810/3108/6 2805/3093/6 2787/3079/6 2795/3092/6
f 2811/3109/6 2806/3095/6 2805/3093/6 2810/3108/6
f 2812/3110/6 2807/3097/6 2806/3095/6 2811/3109/6
f 2813/3111/1547 2808/3102/1547 2807/3105/1547 2812/3112/1547
f 2814/3113/1547 2809/3106/1547 2808/3102/1547 2813/3111/1547
f 2815/3114/1352 2531/2903/1352 2467/2836/1352 2772/3081/1352
f 2816/3115/1352 2815/3114/1352 2772/3081/1352 2773/3082/1352
f 2817/3116/1352 2816/3115/1352 2773/3082/1352 2774/3083/1352
f 2818/3117/1352 2817/3116/1352 2774/3083/1352 2775/3084/1352
f 2819/3118/1352 2818/3117/1352 2775/3084/1352 2776/3085/1356
f 2820/3119/1548 2819/3118/1548 2776/3085/1356 2777/3086/1378
f 2821/3120/1549 2820/3119/1549 2777/3086/1549 2778/3087/1549
f 2822/3121/1550 2821/3120/1550 2778/3087/1550 2779/3088/1550
f 2823/3122/1352 2539/2911/1352 2531/2903/1352 2815/3114/1352
f 2824/3123/1352 2823/3122/1352 2815/3114/1352 2816/3115/1352
f 2825/3124/1352 2824/3123/1352 2816/3115/1352 2817/3116/1352
f 2826/3125/1352 2825/3124/1352 2817/3116/1352 2818/3117/1352
f 2827/3126/1551 2826/3125/1352 2818/3117/1352 2819/3118/1352
f 2828/3127/1552 2827/3126/1552 2819/3118/1548 2820/3119/1548
f 2829/3128/1553 2828/3127/1553 2820/3119/1553 2821/3120/1553
f 2830/3129/1554 2829/3128/1554 2821/3120/1554 2822/3121/1554
f 2831/3130/1352 2547/2919/1352 2539/2911/1352 2823/3122/1352
f 2832/3131/1352 2831/3130/1352 2823/3122/1352 2824/3123/1352
f 2833/3132/1352 2832/3131/1352 2824/3123/1352 2825/3124/1352
f 2834/3133/1352 2833/3132/1352 2825/3124/1352 2826/3125/1352
f 2835/3134/1555 2834/3133/1352 2826/3125/1352 2827/3126/1551
f 2836/3135/1556 2835/3134/1555 2827/3126/1551 2828/3127/1556
f 2837/3136/1557 2836/3135/1557 2828/3127/1557 2829/3128/1557
f 2838/3137/1558 2837/3136/1558 2829/3128/1558 2830/3129/1558
f 2839/3138/1559 2555/2927/1559 2547/2919/1559 2831/3130/1559
f 2840/3139/1352 2839/3138/1352 2831/3130/1352 2832/3131/1352
f 2841/3140/1560 2840/3139/1560 2832/3131/1560 2833/3132/1560
f 2842/3141/1561 2841/3140/1561 2833/3132/1561 2834/3133/1561
f 2843/3142/1562 2842/3141/1562 2834/3133/1562 2835/3134/1562
f 2844/3143/1563 2843/3142/1563 2835/3134/1563 2836/3135/1563
f 2845/3144/1564 2844/3143/1564 2836/3135/1564 2837/3136/1564
f 2846/3145/1565 2845/3144/1565 2837/3136/1565 2838/3137/1565
f 2847/3146/1566 2563/2935/1566 2555/2927/1566 2839/3138/1566
f 2848/3147/1567 2847/3146/1567 2839/3138/1567 2840/3139/1567
f 2849/3148/1568 2848/3147/1568 2840/3139/1568 2841/3140/1568
f 2850/3149/1569 2849/3148/1569 2841/3140/1569 2842/3141/1569
f 2851/3150/1570 2850/3149/1570 2842/3141/1570 2843/3142/1570
f 2852/3151/1380 2851/3150/1380 2843/3142/1414 2844/3143/1414
f 2853/3152/1571 2852/3151/1571 2844/3143/1571 2845/3144/1571
f 2854/3153/1572 2853/3152/1572 2845/3144/1572 2846/3145/1572
f 2855/3154/1573 2571/2943/1573 2563/2935/1573 2847/3146/1573
f 2856/3155/1574 2855/3154/1574 2847/3146/1574 2848/3147/1574
f 2857/3156/1575 2856/3155/1575 2848/3147/1575 2849/3148/1575
f 2858/3157/1576 2857/3156/1576 2849/3148/1576 2850/3149/1576
f 2859/3158/1577 2858/3157/1577 2850/3149/1577 2851/3150/1577
f 2860/3159/1352 2859/3158/1352 2851/3150/1380 2852/3151/1380
f 2861/3160/1578 2860/3159/1578 2852/3151/1578 2853/3152/1578
f 2862/3161/1579 2861/3160/1579 2853/3152/1579 2854/3153/1579
f 2863/3162/1580 2579/2951/1580 2571/2943/1580 2855/3154/1580
f 2864/3163/1581 2863/3162/1581 2855/3154/1581 2856/3155/1581
f 2865/3164/1582 2864/3163/1582 2856/3155/1582 2857/3156/1582
f 2866/3165/1583 2865/3164/1583 2857/3156/1583 2858/3157/1583
f 2867/3166/1352 2866/3165/1352 2858/3157/1352 2859/3158/1352
f 2868/3167/1352 2867/3166/1352 2859/3158/1352 2860/3159/1352
f 2869/3168/1584 2868/3167/1584 2860/3159/1584 2861/3160/1584
f 2870/3169/1585 2869/3168/1585 2861/3160/1585 2862/3161/1585
f 2871/3170/1586 2587/2959/1586 2579/2951/1586 2863/3162/1586
f 2872/3171/1587 2871/3170/1587 2863/3162/1587 2864/3163/1587
f 2873/3172/1588 2872/3171/1588 2864/3163/1588 2865/3164/1588
f 2874/3173/1352 2873/3172/1393 2865/3164/1352 2866/3165/1352
f 2875/3174/1352 2874/3173/1352 2866/3165/1352 2867/3166/1352
f 2876/3175/1589 2875/3174/1589 2867/3166/1589 2868/3167/1589
f 2877/3176/1590 2876/3175/1590 2868/3167/1590 2869/3168/1590
f 2878/3177/1591 2877/3176/1591 2869/3168/1591 2870/3169/1591
f 2879/3178/1352 2822/3121/1352 2779/3088/1352 2802/3099/1352
f 2880/3179/1352 2879/3178/1352 2802/3099/1352 2803/3100/1352
f 2881/3180/1352 2880/3179/1352 2803/3100/1352 2804/3101/1352
f 2882/3181/1352 2830/3129/1352 2822/3121/1352 2879/3178/1352
f 2883/3182/1352 2882/3181/1352 2879/3178/1352 2880/3179/1352
f 2884/3183/1352 2883/3182/1352 2880/3179/1352 2881/3180/1352
f 2885/3184/1352 2838/3137/1352 2830/3129/1352 2882/3181/1352
f 2886/3185/1352 2885/3184/1352 2882/3181/1352 2883/3182/1352
f 2887/3186/1352 2886/3185/1352 2883/3182/1352 2884/3183/1352
f 2888/3187/1352 2846/3145/1352 2838/3137/1352 2885/3184/1352
f 2889/3188/1352 2888/3187/1352 2885/3184/1352 2886/3185/1352
f 2890/3189/1352 2889/3188/1352 2886/3185/1352 2887/3186/1352
f 2891/3190/1352 2854/3153/1352 2846/3145/1352 2888/3187/1352
f 2892/3191/1352 2891/3190/1352 2888/3187/1352 2889/3188/1352
f 2893/3192/1352 2892/3191/1352 2889/3188/1352 2890/3189/1352
f 2894/3193/1592 2862/3161/1592 2854/3153/1592 2891/3190/1592
f 2895/3194/1593 2894/3193/1593 2891/3190/1593 2892/3191/1593
f 2896/3195/1594 2895/3194/1594 2892/3191/1594 2893/3192/1594
f 2897/3196/1595 2870/3169/1595 2862/3161/1595 2894/3193/1595
f 2898/3197/1596 2897/3196/1596 2894/3193/1596 2895/3194/1596
f 2899/3198/1597 2898/3197/1597 2895/3194/1597 2896/3195/1597
f 2900/3199/1598 2878/3177/1598 2870/3169/1598 2897/3196/1598
f 2901/3200/1599 2900/3199/1599 2897/3196/1599 2898/3197/1599
f 2902/3201/1352 2901/3200/1352 2898/3197/1352 2899/3198/1352
f 2903/3202/1547 2881/3203/1547 2804/3107/1547 2809/3106/1547
f 2904/3204/1547 2884/3205/1547 2881/3203/1547 2903/3202/1547
f 2905/3206/1547 2887/3207/1547 2884/3205/1547 2904/3204/1547
f 2906/3208/1547 2890/3209/1547 2887/3207/1547 2905/3206/1547
f 2907/3210/1547 2893/3211/1547 2890/3209/1547 2906/3208/1547
f 2908/3212/1547 2896/3213/1547 2893/3211/1547 2907/3210/1547
f 2909/3214/1547 2899/3215/1547 2896/3213/1547 2908/3212/1547
f 2910/3216/1547 2902/3217/1547 2899/3215/1547 2909/3214/1547
f 2911/3218/1547 2903/3202/1547 2809/3106/1547 2814/3113/1547
f 2912/3219/1547 2904/3204/1547 2903/3202/1547 2911/3218/1547
f 2913/3220/1547 2905/3206/1547 2904/3204/1547 2912/3219/1547
f 2914/3221/1547 2906/3208/1547 2905/3206/1547 2913/3220/1547
f 2915/3222/1547 2907/3210/1547 2906/3208/1547 2914/3221/1547
f 2916/3223/1547 2908/3212/1547 2907/3210/1547 2915/3222/1547
f 2917/3224/1547 2909/3214/1547 2908/3212/1547 2916/3223/1547
f 2918/3225/1547 2910/3216/1547 2909/3214/1547 2917/3224/1547
f 2919/3114/6 2788/3081/6 2483/2836/6 2635/2903/6
f 2920/3115/6 2789/3082/6 2788/3081/6 2919/3114/6
f 2921/3116/6 2790/3083/6 2789/3082/6 2920/3115/6
f 2922/3117/6 2791/3084/6 2790/3083/6 2921/3116/6
f 2923/3118/6 2792/3089/6 2791/3084/6 2922/3117/6
f 2924/3119/6 2793/3090/6 2792/3089/6 2923/3118/6
f 2925/3226/6 2794/3091/6 2793/3090/6 2924/3119/6
f 2926/3121/6 2795/3092/6 2794/3091/6 2925/3226/6
f 2927/3122/1600 2919/3114/6 2635/2903/6 2643/2911/1475
f 2928/3123/6 2920/3115/6 2919/3114/6 2927/3122/1600
f 2929/3124/6 2921/3116/6 2920/3115/6 2928/3123/6
f 2930/3125/1526 2922/3117/6 2921/3116/6 2929/3124/6
f 2931/3126/1526 2923/3118/6 2922/3117/6 2930/3125/1526
f 2932/3227/1526 2924/3119/6 2923/3118/6 2931/3126/1526
f 2933/3228/1601 2925/3226/1601 2924/3119/1601 2932/3227/1601
f 2934/3229/1602 2926/3121/1602 2925/3226/1602 2933/3228/1602
f 2935/3130/1603 2927/3122/1600 2643/2911/1475 2651/3006/1486
f 2936/3131/6 2928/3123/6 2927/3122/1600 2935/3130/1603
f 2937/3132/1604 2929/3124/6 2928/3123/6 2936/3131/6
f 2938/3133/1605 2930/3125/1526 2929/3124/6 2937/3132/1604
f 2939/3230/1460 2931/3126/1526 2930/3125/1526 2938/3133/1605
f 2940/3231/1460 2932/3227/1526 2931/3126/1526 2939/3230/1460
f 2941/3232/1606 2933/3228/1606 2932/3227/1606 2940/3231/1606
f 2942/3233/1607 2934/3229/1607 2933/3228/1607 2941/3232/1607
f 2943/3138/1608 2935/3130/1603 2651/3006/1486 2659/3020/1609
f 2944/3139/1610 2936/3131/6 2935/3130/1603 2943/3138/1608
f 2945/3234/1611 2937/3132/1604 2936/3131/6 2944/3139/1610
f 2946/3235/1612 2938/3133/1605 2937/3132/1604 2945/3234/1611
f 2947/3236/1613 2939/3230/1613 2938/3133/1613 2946/3235/1613
f 2948/3237/1614 2940/3231/1614 2939/3230/1614 2947/3236/1614
f 2949/3238/1615 2941/3232/1615 2940/3231/1615 2948/3237/1615
f 2950/3239/1616 2942/3233/1616 2941/3232/1616 2949/3238/1616
f 2951/3240/1617 2943/3138/1617 2659/3020/1506 2667/3032/1505
f 2952/3241/1618 2944/3139/1610 2943/3138/1608 2951/3240/1619
f 2953/3242/1620 2945/3234/1611 2944/3139/1610 2952/3241/1618
f 2954/3243/1621 2946/3235/1621 2945/3234/1621 2953/3242/1621
f 2955/3244/1622 2947/3236/1622 2946/3235/1622 2954/3243/1622
f 2956/3245/1623 2948/3237/1623 2947/3236/1623 2955/3244/1623
f 2957/3246/1624 2949/3238/1624 2948/3237/1624 2956/3245/1624
f 2958/3153/1625 2950/3239/1626 2949/3238/1627 2957/3246/1628
f 2959/3247/1629 2951/3240/1629 2667/3032/1629 2675/3039/1629
f 2960/3248/1630 2952/3249/1631 2951/3250/1632 2959/3251/1632
f 2961/3252/1633 2953/3253/1633 2952/3249/1631 2960/3248/1630
f 2962/3254/1634 2954/3243/1634 2953/3242/1634 2961/3255/1634
f 2963/3256/1635 2955/3244/1635 2954/3243/1635 2962/3254/1635
f 2964/3257/1636 2956/3258/1636 2955/3259/1636 2963/3260/1636
f 2965/3261/1637 2957/3246/1637 2956/3245/1637 2964/3262/1637
f 2966/3263/1638 2958/3153/1625 2957/3246/1628 2965/3261/1639
f 2967/3264/1640 2959/3247/1640 2675/3039/1640 2683/3041/1640
f 2968/3265/1641 2960/3266/1641 2959/3247/1641 2967/3264/1641
f 2969/3267/1642 2961/3255/1642 2960/3266/1642 2968/3265/1642
f 2970/3268/1643 2962/3269/1643 2961/3270/1643 2969/3271/1643
f 2971/3272/1644 2963/3256/1644 2962/3254/1644 2970/3273/1644
f 2972/3167/1645 2964/3262/1646 2963/3256/1647 2971/3272/1648
f 2973/3274/1649 2965/3261/1639 2964/3262/1646 2972/3167/1645
f 2974/3275/6 2966/3263/1638 2965/3261/1639 2973/3274/1649
f 2975/3276/1650 2967/3264/1650 2683/3041/1650 2691/3042/1650
f 2976/3277/1651 2968/3278/1651 2967/3279/1651 2975/3280/1651
f 2977/3281/1652 2969/3267/1652 2968/3265/1652 2976/3282/1652
f 2978/3283/1653 2970/3273/1653 2969/3267/1653 2977/3281/1653
f 2979/3284/1654 2971/3272/1654 2970/3273/1654 2978/3283/1654
f 2980/3285/1655 2972/3167/1645 2971/3272/1648 2979/3284/1656
f 2981/3286/1526 2973/3274/1649 2972/3167/1645 2980/3285/1655
f 2982/3177/6 2974/3275/6 2973/3274/1649 2981/3286/1526
f 2983/3178/6 2810/3108/6 2795/3092/6 2926/3121/6
f 2984/3179/6 2811/3109/6 2810/3108/6 2983/3178/6
f 2985/3180/6 2812/3110/6 2811/3109/6 2984/3179/6
f 2986/3287/1547 2813/3111/1547 2812/3112/1547 2985/3288/1547
f 2987/3289/1547 2814/3113/1547 2813/3111/1547 2986/3287/1547
f 2988/3181/1657 2983/3178/1657 2926/3121/1657 2934/3229/1657
f 2989/3182/6 2984/3179/6 2983/3178/6 2988/3181/6
f 2990/3183/6 2985/3180/6 2984/3179/6 2989/3182/6
f 2991/3290/1547 2986/3287/1547 2985/3288/1547 2990/3291/1547
f 2992/3292/1547 2987/3289/1547 2986/3287/1547 2991/3290/1547
f 2993/3184/1658 2988/3181/1658 2934/3229/1658 2942/3233/1658
f 2994/3185/6 2989/3182/6 2988/3181/6 2993/3184/6
f 2995/3186/6 2990/3183/6 2989/3182/6 2994/3185/6
f 2996/3293/1547 2991/3290/1547 2990/3291/1547 2995/3294/1547
f 2997/3295/1547 2992/3292/1547 2991/3290/1547 2996/3293/1547
f 2998/3187/1659 2993/3184/1659 2942/3233/1659 2950/3239/1659
f 2999/3188/6 2994/3185/6 2993/3184/6 2998/3187/32
f 3000/3189/6 2995/3186/6 2994/3185/6 2999/3188/6
f 3001/3296/1547 2996/3293/1547 2995/3294/1547 3000/3297/1547
f 3002/3298/1547 2997/3295/1547 2996/3293/1547 3001/3296/1547
f 3003/3190/32 2998/3187/32 2950/3239/1626 2958/3153/1625
f 3004/3191/6 2999/3188/6 2998/3187/32 3003/3190/32
f 3005/3192/6 3000/3189/6 2999/3188/6 3004/3191/6
f 3006/3299/1547 3001/3296/1547 3000/3297/1547 3005/3300/1547
f 3007/3301/1547 3002/3298/1547 3001/3296/1547 3006/3299/1547
f 3008/3302/6 3003/3190/32 2958/3153/1625 2966/3263/1638
f 3009/3303/6 3004/3191/6 3003/3190/32 3008/3302/6
f 3010/3195/6 3005/3192/6 3004/3191/6 3009/3303/6
f 3011/3304/1547 3006/3299/1547 3005/3300/1547 3010/3305/1547
f 3012/3306/1547 3007/3301/1547 3006/3299/1547 3011/3304/1547
f 3013/3307/6 3008/3302/6 2966/3263/1638 2974/3275/6
f 3014/3308/6 3009/3303/6 3008/3302/6 3013/3307/6
f 3015/3198/6 3010/3195/6 3009/3303/6 3014/3308/6
f 3016/3309/1547 3011/3304/1547 3010/3305/1547 3015/3310/1547
f 3017/3311/1547 3012/3306/1547 3011/3304/1547 3016/3309/1547
f 3018/3199/6 3013/3307/6 2974/3275/6 2982/3177/6
f 3019/3312/6 3014/3308/6 3013/3307/6 3018/3199/6
f 3020/3201/6 3015/3198/6 3014/3308/6 3019/3312/6
f 3021/3313/1547 3016/3309/1547 3015/3310/1547 3020/3314/1547
f 3022/3315/1547 3017/3311/1547 3016/3309/1547 3021/3313/1547
f 3023/3316/1547 2911/3218/1547 2814/3113/1547 2987/3289/1547
f 3024/3317/1547 2912/3219/1547 2911/3218/1547 3023/3316/1547
f 3025/3318/1547 2913/3220/1547 2912/3219/1547 3024/3317/1547
f 3026/3319/1547 2914/3221/1547 2913/3220/1547 3025/3318/1547
f 3027/3320/1547 2915/3222/1547 2914/3221/1547 3026/3319/1547
f 3028/3321/1547 2916/3223/1547 2915/3222/1547 3027/3320/1547
f 3029/3322/1547 2917/3224/1547 2916/3223/1547 3028/3321/1547
f 3030/3323/1547 2918/3225/1547 2917/3224/1547 3029/3322/1547
f 3031/3324/1547 3023/3316/1547 2987/3289/1547 2992/3292/1547
f 3032/3325/1547 3024/3317/1547 3023/3316/1547 3031/3324/1547
f 3033/3326/1547 3025/3318/1547 3024/3317/1547 3032/3325/1547
f 3034/3327/1547 3026/3319/1547 3025/3318/1547 3033/3326/1547
f 3035/3328/1547 3027/3320/1547 3026/3319/1547 3034/3327/1547
f 3036/3329/1547 3028/3321/1547 3027/3320/1547 3035/3328/1547
f 3037/3330/1547 3029/3322/1547 3028/3321/1547 3036/3329/1547
f 3038/3331/1547 3030/3323/1547 3029/3322/1547 3037/3330/1547
f 3039/3332/1547 3031/3324/1547 2992/3292/1547 2997/3295/1547
f 3040/3333/1547 3032/3325/1547 3031/3324/1547 3039/3332/1547
f 3041/3334/1547 3033/3326/1547 3032/3325/1547 3040/3333/1547
f 3042/3335/1547 3034/3327/1547 3033/3326/1547 3041/3334/1547
f 3043/3336/1547 3035/3328/1547 3034/3327/1547 3042/3335/1547
f 3044/3337/1547 3036/3329/1547 3035/3328/1547 3043/3336/1547
f 3045/3338/1547 3037/3330/1547 3036/3329/1547 3044/3337/1547
f 3046/3339/1547 3038/3331/1547 3037/3330/1547 3045/3338/1547
f 3047/3340/1547 3039/3332/1547 2997/3295/1547 3002/3298/1547
f 3048/3341/1547 3040/3333/1547 3039/3332/1547 3047/3340/1547
f 3049/3342/1547 3041/3334/1547 3040/3333/1547 3048/3341/1547
f 3050/3343/1547 3042/3335/1547 3041/3334/1547 3049/3342/1547
f 3051/3344/1547 3043/3336/1547 3042/3335/1547 3050/3343/1547
f 3052/3345/1547 3044/3337/1547 3043/3336/1547 3051/3344/1547
f 3053/3346/1547 3045/3338/1547 3044/3337/1547 3052/3345/1547
f 3054/3347/1547 3046/3339/1547 3045/3338/1547 3053/3346/1547
f 3055/3348/1547 3047/3340/1547 3002/3298/1547 3007/3301/1547
f 3056/3349/1547 3048/3341/1547 3047/3340/1547 3055/3348/1547
f 3057/3350/1547 3049/3342/1547 3048/3341/1547 3056/3349/1547
f 3058/3351/1547 3050/3343/1547 3049/3342/1547 3057/3350/1547
f 3059/3352/1547 3051/3344/1547 3050/3343/1547 3058/3351/1547
f 3060/3353/1547 3052/3345/1547 3051/3344/1547 3059/3352/1547
f 3061/3354/1547 3053/3346/1547 3052/3345/1547 3060/3353/1547
f 3062/3355/1547 3054/3347/1547 3053/3346/1547 3061/3354/1547
f 3063/3356/1547 3055/3348/1547 3007/3301/1547 3012/3306/1547
f 3064/3357/1547 3056/3349/1547 3055/3348/1547 3063/3356/1547
f 3065/3358/1547 3057/3350/1547 3056/3349/1547 3064/3357/1547
f 3066/3359/1547 3058/3351/1547 3057/3350/1547 3065/3358/1547
f 3067/3360/1547 3059/3352/1547 3058/3351/1547 3066/3359/1547
f 3068/3361/1547 3060/3353/1547 3059/3352/1547 3067/3360/1547
f 3069/3362/1547 3061/3354/1547 3060/3353/1547 3068/3361/1547
f 3070/3363/1547 3062/3355/1547 3061/3354/1547 3069/3362/1547
f 3071/3364/1547 3063/3356/1547 3012/3306/1547 3017/3311/1547
f 3072/3365/1547 3064/3357/1547 3063/3356/1547 3071/3364/1547
f 3073/3366/1547 3065/3358/1547 3064/3357/1547 3072/3365/1547
f 3074/3367/1547 3066/3359/1547 3065/3358/1547 3073/3366/1547
f 3075/3368/1547 3067/3360/1547 3066/3359/1547 3074/3367/1547
f 3076/3369/1547 3068/3361/1547 3067/3360/1547 3075/3368/1547
f 3077/3370/1547 3069/3362/1547 3068/3361/1547 3076/3369/1547
f 3078/3371/1547 3070/3363/1547 3069/3362/1547 3077/3370/1547
f 3079/3372/1547 3071/3364/1547 3017/3311/1547 3022/3315/1547
f 3080/3373/1547 3072/3365/1547 3071/3364/1547 3079/3372/1547
f 3081/3374/1547 3073/3366/1547 3072/3365/1547 3080/3373/1547
f 3082/3375/1547 3074/3367/1547 3073/3366/1547 3081/3374/1547
f 3083/3376/1547 3075/3368/1547 3074/3367/1547 3082/3375/1547
f 3084/3377/1547 3076/3369/1547 3075/3368/1547 3083/3376/1547
f 3085/3378/1547 3077/3370/1547 3076/3369/1547 3084/3377/1547
f 3086/3379/1547 3078/3371/1547 3077/3370/1547 3085/3378/1547
f 3088/3380/1352 3087/3381/1352 2505/2880/1393 2506/2879/1393
f 3089/3382/1352 3088/3380/1352 2506/2879/1393 2507/2881/1352
f 3091/3383/1352 3090/3384/1352 3087/3381/1352 3088/3380/1352
f 3092/3385/1352 3091/3383/1352 3088/3380/1352 3089/3382/1352
f 3094/3386/1352 3093/3387/1352 3090/3384/1352 3091/3383/1352
f 3095/3388/1352 3094/3386/1352 3091/3383/1352 3092/3385/1352
f 3097/3389/1352 3096/3390/1352 3093/3387/1352 3094/3386/1352
f 3098/3391/1352 3097/3389/1352 3094/3386/1352 3095/3388/1352
f 3100/3392/1352 3099/3393/1352 3096/3390/1352 3097/3389/1352
f 3101/3394/1352 3100/3392/1352 3097/3389/1352 3098/3391/1352
f 3103/3395/1352 3102/3396/1352 3099/3393/1352 3100/3392/1352
f 3104/3397/1352 3103/3395/1352 3100/3392/1352 3101/3394/1352
f 3106/3398/1352 3105/3399/1352 3102/3396/1352 3103/3395/1352
f 3107/3400/1352 3106/3398/1352 3103/3395/1352 3104/3397/1352
f 3109/3401/1660 3108/3402/1660 3105/3399/1660 3106/3398/1660
f 3110/3403/1661 3109/3401/1661 3106/3398/1661 3107/3400/1661
f 3087/3066/1355 3111/3065/1355 2515/2827/1403 2505/2828/1402
f 3090/3068/1355 3112/3067/1355 3111/3065/1355 3087/3066/1355
f 3093/3070/1355 3113/3069/1355 3112/3067/1355 3090/3068/1355
f 3096/3072/1355 3114/3071/1355 3113/3069/1355 3093/3070/1355
f 3099/3074/1355 3115/3073/1355 3114/3071/1355 3096/3072/1355
f 3102/3076/1355 3116/3075/1355 3115/3073/1355 3099/3074/1355
f 3105/3078/1662 3117/3077/1663 3116/3075/1355 3102/3076/1355
f 3108/3404/1664 3118/3405/1665 3117/3077/1663 3105/3078/1662
f 3111/3065/1355 3119/3081/1355 2523/2836/1412 2515/2827/1403
f 3112/3067/1355 3120/3082/1355 3119/3081/1355 3111/3065/1355
f 3113/3069/1355 3121/3083/1355 3120/3082/1355 3112/3067/1355
f 3114/3071/1355 3122/3084/1355 3121/3083/1355 3113/3069/1355
f 3115/3073/1355 3123/3089/1355 3122/3084/1355 3114/3071/1355
f 3116/3075/1355 3124/3090/1355 3123/3089/1355 3115/3073/1355
f 3117/3077/1663 3125/3091/1666 3124/3090/1355 3116/3075/1355
f 3118/3405/1665 3126/3406/1667 3125/3091/1666 3117/3077/1663
f 3127/3407/1352 3089/3382/1352 2507/2881/1352 2580/2952/1352
f 3128/3408/1352 3127/3407/1352 2580/2952/1352 2581/2953/1352
f 3129/3409/1352 3128/3408/1352 2581/2953/1352 2582/2954/1352
f 3130/3410/1352 3129/3409/1352 2582/2954/1352 2583/2955/1352
f 3131/3411/1352 3130/3410/1352 2583/2955/1352 2584/2956/1352
f 3132/3412/1352 3131/3411/1352 2584/2956/1352 2585/2957/1352
f 3133/3413/1352 3132/3412/1352 2585/2957/1352 2586/2958/1352
f 3134/3414/1668 3133/3413/1668 2586/2958/1668 2587/2959/1668
f 3135/3415/1352 3092/3385/1352 3089/3382/1352 3127/3407/1352
f 3136/3416/1352 3135/3415/1352 3127/3407/1352 3128/3408/1352
f 3137/3417/1352 3136/3416/1352 3128/3408/1352 3129/3409/1352
f 3138/3418/1352 3137/3417/1352 3129/3409/1352 3130/3410/1352
f 3139/3419/1352 3138/3418/1352 3130/3410/1352 3131/3411/1352
f 3140/3420/1352 3139/3419/1352 3131/3411/1352 3132/3412/1352
f 3141/3421/1669 3140/3420/1669 3132/3412/1669 3133/3413/1669
f 3142/3422/1670 3141/3421/1670 3133/3413/1670 3134/3414/1670
f 3143/3423/1352 3095/3388/1352 3092/3385/1352 3135/3415/1352
f 3144/3424/1352 3143/3423/1352 3135/3415/1352 3136/3416/1352
f 3145/3425/1352 3144/3424/1352 3136/3416/1352 3137/3417/1352
f 3146/3426/1352 3145/3425/1352 3137/3417/1352 3138/3418/1352
f 3147/3427/1352 3146/3426/1352 3138/3418/1352 3139/3419/1352
f 3148/3428/1352 3147/3427/1352 3139/3419/1352 3140/3420/1352
f 3149/3429/1671 3148/3428/1671 3140/3420/1671 3141/3421/1671
f 3150/3430/1672 3149/3429/1672 3141/3421/1672 3142/3422/1672
f 3151/3431/1352 3098/3391/1352 3095/3388/1352 3143/3423/1352
f 3152/3432/1352 3151/3431/1352 3143/3423/1352 3144/3424/1352
f 3153/3433/1352 3152/3432/1352 3144/3424/1352 3145/3425/1352
f 3154/3434/1352 3153/3433/1352 3145/3425/1352 3146/3426/1352
f 3155/3435/1352 3154/3434/1352 3146/3426/1352 3147/3427/1352
f 3156/3436/1673 3155/3435/1673 3147/3427/1673 3148/3428/1673
f 3157/3437/1674 3156/3436/1674 3148/3428/1674 3149/3429/1674
f 3158/3438/1675 3157/3437/1675 3149/3429/1675 3150/3430/1675
f 3159/3439/1352 3101/3394/1352 3098/3391/1352 3151/3431/1352
f 3160/3440/1352 3159/3439/1352 3151/3431/1352 3152/3432/1352
f 3161/3441/1352 3160/3440/1352 3152/3432/1352 3153/3433/1352
f 3162/3442/1352 3161/3441/1352 3153/3433/1352 3154/3434/1352
f 3163/3443/1352 3162/3442/1352 3154/3434/1352 3155/3435/1352
f 3164/3444/1676 3163/3443/1676 3155/3435/1676 3156/3436/1676
f 3165/3445/1677 3164/3444/1677 3156/3436/1677 3157/3437/1677
f 3166/3446/1678 3165/3445/1678 3157/3437/1678 3158/3438/1678
f 3167/3447/1352 3104/3397/1352 3101/3394/1352 3159/3439/1352
f 3168/3448/1352 3167/3447/1352 3159/3439/1352 3160/3440/1352
f 3169/3449/1352 3168/3448/1352 3160/3440/1352 3161/3441/1352
f 3170/3450/1352 3169/3449/1352 3161/3441/1352 3162/3442/1352
f 3171/3451/1352 3170/3450/1352 3162/3442/1352 3163/3443/1352
f 3172/3452/1679 3171/3451/1679 3163/3443/1679 3164/3444/1679
f 3173/3453/1680 3172/3452/1680 3164/3444/1680 3165/3445/1680
f 3174/3454/1681 3173/3453/1681 3165/3445/1681 3166/3446/1681
f 3175/3455/1353 3107/3400/1352 3104/3397/1352 3167/3447/1352
f 3176/3456/1353 3175/3455/1353 3167/3447/1352 3168/3448/1352
f 3177/3457/1352 3176/3456/1353 3168/3448/1352 3169/3449/1352
f 3178/3458/1352 3177/3457/1352 3169/3449/1352 3170/3450/1352
f 3179/3459/1379 3178/3458/1352 3170/3450/1352 3171/3451/1352
f 3180/3460/1682 3179/3459/1683 3171/3451/1683 3172/3452/1682
f 3181/3461/1684 3180/3460/1682 3172/3452/1682 3173/3453/1684
f 3182/3462/1352 3181/3461/1352 3173/3453/1352 3174/3454/1352
f 3183/3463/1685 3110/3403/1685 3107/3400/1685 3175/3455/1685
f 3184/3464/1686 3183/3463/1686 3175/3455/1353 3176/3456/1353
f 3185/3465/1687 3184/3464/1687 3176/3456/1687 3177/3457/1687
f 3186/3466/1688 3185/3465/1688 3177/3457/1688 3178/3458/1688
f 3187/3467/1689 3186/3466/1689 3178/3458/1689 3179/3459/1689
f 3188/3468/1690 3187/3467/1690 3179/3459/1690 3180/3460/1690
f 3189/3469/1691 3188/3468/1691 3180/3460/1352 3181/3461/1352
f 3190/3470/1692 3189/3469/1692 3181/3461/1692 3182/3462/1692
f 3192/3471/1693 3191/3472/1693 3108/3473/1693 3109/3474/1693
f 3193/3475/1694 3192/3471/1694 3109/3474/1694 3110/3476/1694
f 3195/3477/1695 3194/3478/1695 3191/3479/1695 3192/3480/1695
f 3196/3481/1696 3195/3482/1696 3192/3483/1696 3193/3484/1696
f 3198/3485/1697 3197/3486/1697 3194/3487/1697 3195/3488/1697
f 3199/3489/1698 3198/3485/1698 3195/3488/1698 3196/3490/1698
f 3191/3479/1699 3200/3491/1699 3118/3405/1699 3108/3404/1699
f 3194/3478/1700 3201/3492/1700 3200/3491/1700 3191/3479/1700
f 3197/3493/1701 3202/3494/1701 3201/3492/1701 3194/3478/1701
f 3198/3485/1702 3203/3495/1703 3202/3496/1704 3197/3486/1704
f 3199/3489/1705 3204/3497/1706 3203/3495/1703 3198/3485/1702
f 3200/3491/1707 3205/3498/1707 3126/3406/1707 3118/3405/1707
f 3201/3492/1708 3206/3499/1708 3205/3498/1708 3200/3491/1708
f 3202/3494/1709 3207/3500/1709 3206/3499/1709 3201/3492/1709
f 3203/3495/1710 3208/3501/1710 3207/3502/1710 3202/3496/1710
f 3204/3497/1711 3209/3503/1711 3208/3501/1711 3203/3495/1711
f 3210/3504/1712 3193/3484/1712 3110/3403/1712 3183/3463/1712
f 3211/3505/1713 3210/3504/1713 3183/3463/1713 3184/3464/1713
f 3212/3506/1714 3211/3505/1714 3184/3464/1714 3185/3465/1714
f 3213/3507/1715 3212/3506/1715 3185/3465/1715 3186/3466/1715
f 3214/3508/1716 3213/3507/1716 3186/3466/1716 3187/3467/1716
f 3215/3509/1717 3214/3508/1717 3187/3467/1717 3188/3468/1717
f 3216/3510/1718 3215/3509/1718 3188/3468/1691 3189/3469/1691
f 3217/3511/1719 3216/3510/1719 3189/3469/1719 3190/3470/1719
f 3218/3512/1720 3196/3481/1720 3193/3484/1720 3210/3504/1720
f 3219/3513/1721 3218/3512/1721 3210/3504/1721 3211/3505/1721
f 3220/3514/1722 3219/3513/1722 3211/3505/1722 3212/3506/1722
f 3221/3515/1723 3220/3514/1723 3212/3506/1723 3213/3507/1723
f 3222/3516/1724 3221/3515/1724 3213/3507/1724 3214/3508/1724
f 3223/3517/1725 3222/3516/1725 3214/3508/1725 3215/3509/1725
f 3224/3518/1726 3223/3517/1726 3215/3509/1726 3216/3510/1726
f 3225/3519/1727 3224/3518/1727 3216/3510/1727 3217/3511/1727
f 3226/3520/1728 3199/3521/1728 3196/3481/1728 3218/3512/1728
f 3227/3522/1729 3226/3520/1729 3218/3512/1729 3219/3513/1729
f 3228/3523/1730 3227/3524/1730 3219/3525/1730 3220/3526/1730
f 3229/3527/1731 3228/3528/1731 3220/3514/1731 3221/3515/1731
f 3230/3529/1732 3229/3527/1732 3221/3515/1732 3222/3516/1732
f 3231/3530/1733 3230/3529/1733 3222/3516/1733 3223/3517/1733
f 3232/3531/1734 3231/3530/1734 3223/3517/1734 3224/3518/1734
f 3233/3532/1735 3232/3531/1735 3224/3518/1735 3225/3519/1735
f 3226/3533/1736 3234/3534/1737 3204/3497/1706 3199/3489/1705
f 3227/3524/1738 3235/3535/1738 3234/3534/1737 3226/3533/1736
f 3228/3523/1739 3236/3536/1739 3235/3535/1739 3227/3524/1739
f 3229/3537/1740 3237/3538/1741 3236/3536/1742 3228/3523/1740
f 3230/3539/1743 3238/3540/1743 3237/3538/1743 3229/3537/1743
f 3231/3530/1744 3239/3541/1744 3238/3542/1744 3230/3529/1744
f 3232/3543/1745 3240/3544/1745 3239/3545/1745 3231/3546/1745
f 3233/3547/1746 3241/3548/1747 3240/3544/1748 3232/3543/1748
f 3234/3534/1749 3242/3218/1750 3209/3503/1751 3204/3497/1751
f 3235/3535/1752 3243/3549/1753 3242/3218/1750 3234/3534/1749
f 3236/3536/1742 3244/3220/1754 3243/3549/1753 3235/3535/1752
f 3237/3538/1741 3245/3550/1755 3244/3220/1754 3236/3536/1742
f 3238/3540/1756 3246/3551/1756 3245/3550/1756 3237/3538/1756
f 3239/3545/1757 3247/3552/1757 3246/3551/1757 3238/3540/1757
f 3240/3553/1758 3248/3554/1758 3247/3555/1758 3239/3556/1758
f 3241/3548/1759 3249/3225/1759 3248/3557/1759 3240/3544/1759
f 3119/3081/1355 3250/3114/1355 2699/2903/1355 2523/2836/1412
f 3120/3082/1355 3251/3115/1355 3250/3114/1355 3119/3081/1355
f 3121/3083/1355 3252/3116/1355 3251/3115/1355 3120/3082/1355
f 3122/3084/1355 3253/3117/1355 3252/3116/1355 3121/3083/1355
f 3123/3089/1355 3254/3118/1355 3253/3117/1355 3122/3084/1355
f 3124/3090/1355 3255/3119/1355 3254/3118/1355 3123/3089/1355
f 3125/3091/1666 3256/3226/1760 3255/3119/1355 3124/3090/1355
f 3126/3406/1667 3257/3558/1761 3256/3226/1760 3125/3091/1666
f 3250/3114/1355 3258/3122/1355 2707/2911/1355 2699/2903/1355
f 3251/3115/1355 3259/3123/1355 3258/3122/1355 3250/3114/1355
f 3252/3116/1355 3260/3124/1355 3259/3123/1355 3251/3115/1355
f 3253/3117/1355 3261/3125/1355 3260/3124/1355 3252/3116/1355
f 3254/3118/1355 3262/3126/1355 3261/3125/1355 3253/3117/1355
f 3255/3119/1355 3263/3227/1355 3262/3126/1355 3254/3118/1355
f 3256/3226/1760 3264/3559/1355 3263/3227/1355 3255/3119/1355
f 3257/3558/1761 3265/3129/1762 3264/3559/1355 3256/3226/1760
f 3258/3122/1355 3266/3130/1355 2715/2919/1355 2707/2911/1355
f 3259/3123/1355 3267/3131/1355 3266/3130/1355 3258/3122/1355
f 3260/3124/1355 3268/3132/1355 3267/3131/1355 3259/3123/1355
f 3261/3125/1355 3269/3133/1355 3268/3132/1355 3260/3124/1355
f 3262/3126/1355 3270/3134/1355 3269/3133/1355 3261/3125/1355
f 3263/3227/1355 3271/3231/1355 3270/3134/1355 3262/3126/1355
f 3264/3559/1355 3272/3560/1355 3271/3231/1355 3263/3227/1355
f 3265/3129/1762 3273/3137/1763 3272/3560/1355 3264/3559/1355
f 3266/3130/1355 3274/3138/1355 2723/3059/1355 2715/2919/1355
f 3267/3131/1355 3275/3139/1355 3274/3138/1355 3266/3130/1355
f 3268/3132/1355 3276/3561/1355 3275/3139/1355 3267/3131/1355
f 3269/3133/1355 3277/3562/1355 3276/3561/1355 3268/3132/1355
f 3270/3134/1355 3278/3142/1355 3277/3562/1355 3269/3133/1355
f 3271/3231/1355 3279/3563/1355 3278/3142/1355 3270/3134/1355
f 3272/3560/1355 3280/3238/1355 3279/3563/1355 3271/3231/1355
f 3273/3137/1763 3281/3145/1764 3280/3238/1355 3272/3560/1355
f 3274/3138/1355 3282/3146/1355 2731/3063/1355 2723/3059/1355
f 3275/3139/1355 3283/3564/1355 3282/3146/1355 3274/3138/1355
f 3276/3561/1355 3284/3565/1355 3283/3564/1355 3275/3139/1355
f 3277/3562/1355 3285/3566/1355 3284/3565/1355 3276/3561/1355
f 3278/3142/1355 3286/3150/1355 3285/3566/1355 3277/3562/1355
f 3279/3563/1355 3287/3567/1355 3286/3150/1355 3278/3142/1355
f 3280/3238/1355 3288/3568/1355 3287/3567/1355 3279/3563/1355
f 3281/3145/1764 3289/3569/1355 3288/3568/1355 3280/3238/1355
f 3282/3146/1355 3290/3570/1355 2739/2943/1355 2731/3063/1355
f 3283/3564/1355 3291/3571/1355 3290/3570/1355 3282/3146/1355
f 3284/3565/1355 3292/3572/1355 3291/3571/1355 3283/3564/1355
f 3285/3566/1355 3293/3157/1355 3292/3572/1355 3284/3565/1355
f 3286/3150/1355 3294/3158/1355 3293/3157/1355 3285/3566/1355
f 3287/3567/1355 3295/3159/1355 3294/3158/1355 3286/3150/1355
f 3288/3568/1355 3296/3261/1355 3295/3159/1355 3287/3567/1355
f 3289/3569/1355 3297/3263/1765 3296/3261/1355 3288/3568/1355
f 3290/3570/1355 3298/3573/1355 2747/2951/1355 2739/2943/1355
f 3291/3571/1355 3299/3574/1355 3298/3573/1355 3290/3570/1355
f 3292/3572/1355 3300/3164/1355 3299/3574/1355 3291/3571/1355
f 3293/3157/1355 3301/3165/1355 3300/3164/1355 3292/3572/1355
f 3294/3158/1355 3302/3166/1355 3301/3165/1355 3293/3157/1355
f 3295/3159/1355 3303/3167/1355 3302/3166/1355 3294/3158/1355
f 3296/3261/1355 3304/3274/1355 3303/3167/1355 3295/3159/1355
f 3297/3263/1765 3305/3275/1355 3304/3274/1355 3296/3261/1355
f 3298/3573/1355 3306/3575/1355 2755/3064/1355 2747/2951/1355
f 3299/3574/1355 3307/3576/1355 3306/3575/1355 3298/3573/1355
f 3300/3164/1355 3308/3172/1355 3307/3576/1355 3299/3574/1355
f 3301/3165/1355 3309/3173/1355 3308/3172/1355 3300/3164/1355
f 3302/3166/1355 3310/3174/1355 3309/3173/1355 3301/3165/1355
f 3303/3167/1355 3311/3285/1355 3310/3174/1355 3302/3166/1355
f 3304/3274/1355 3312/3286/1355 3311/3285/1355 3303/3167/1355
f 3305/3275/1355 3313/3177/1355 3312/3286/1355 3304/3274/1355
f 3205/3498/1766 3314/3577/1766 3257/3558/1766 3126/3406/1766
f 3206/3499/1767 3315/3578/1767 3314/3577/1767 3205/3498/1767
f 3207/3500/1768 3316/3579/1768 3315/3578/1768 3206/3499/1768
f 3208/3580/1769 3317/3581/1769 3316/3582/1769 3207/3583/1769
f 3209/3584/1770 3318/3585/1770 3317/3581/1770 3208/3580/1770
f 3314/3577/1771 3319/3586/1771 3265/3129/1771 3257/3558/1771
f 3315/3578/1772 3320/3587/1772 3319/3586/1772 3314/3577/1772
f 3316/3579/1773 3321/3588/1773 3320/3587/1773 3315/3578/1773
f 3317/3589/1774 3322/3590/1774 3321/3588/1774 3316/3579/1774
f 3318/3591/1775 3323/3592/1775 3322/3593/1775 3317/3594/1775
f 3319/3586/1776 3324/3595/1776 3273/3137/1763 3265/3129/1762
f 3320/3587/1777 3325/3596/1777 3324/3595/1777 3319/3586/1777
f 3321/3588/1778 3326/3597/1778 3325/3596/1778 3320/3587/1778
f 3322/3593/1779 3327/3598/1779 3326/3599/1779 3321/3600/1779
f 3323/3592/1780 3328/3601/1780 3327/3598/1780 3322/3593/1780
f 3324/3595/1781 3329/3602/1781 3281/3145/1764 3273/3137/1763
f 3325/3596/1782 3330/3603/1782 3329/3602/1782 3324/3595/1782
f 3326/3597/1783 3331/3604/1783 3330/3603/1783 3325/3596/1783
f 3327/3598/1784 3332/3605/1784 3331/3606/1784 3326/3599/1784
f 3328/3601/1785 3333/3607/1785 3332/3605/1785 3327/3598/1785
f 3329/3602/1786 3334/3608/1786 3289/3569/1786 3281/3145/1786
f 3330/3603/1787 3335/3609/1787 3334/3608/1787 3329/3602/1787
f 3331/3604/1788 3336/3610/1788 3335/3609/1788 3330/3603/1788
f 3332/3605/1789 3337/3611/1789 3336/3612/1789 3331/3606/1789
f 3333/3613/1790 3338/3614/1790 3337/3615/1790 3332/3616/1790
f 3334/3608/1791 3339/3617/1791 3297/3263/1791 3289/3569/1791
f 3335/3609/1792 3340/3618/1792 3339/3617/1792 3334/3608/1792
f 3336/3610/1793 3341/3619/1793 3340/3618/1793 3335/3609/1793
f 3337/3615/1794 3342/3620/1794 3341/3621/1794 3336/3622/1794
f 3338/3614/1795 3343/3623/1795 3342/3620/1795 3337/3615/1795
f 3339/3617/1796 3344/3307/1797 3305/3275/1355 3297/3263/1765
f 3340/3618/1798 3345/3197/1799 3344/3307/1797 3339/3617/1796
f 3341/3619/1800 3346/3198/1801 3345/3197/1799 3340/3618/1798
f 3342/3624/1802 3347/3309/1803 3346/3310/1804 3341/3625/1805
f 3343/3626/1806 3348/3627/1807 3347/3309/1803 3342/3624/1802
f 3344/3307/1797 3349/3199/1355 3313/3177/1355 3305/3275/1355
f 3345/3197/1799 3350/3200/1355 3349/3199/1355 3344/3307/1797
f 3346/3198/1801 3351/3201/1808 3350/3200/1355 3345/3197/1799
f 3347/3309/1803 3352/3313/1809 3351/3314/1810 3346/3310/1804
f 3348/3627/1807 3353/3315/1811 3352/3313/1809 3347/3309/1803
f 3242/3218/1812 3354/3628/1812 3318/3591/1812 3209/3503/1812
f 3243/3549/1753 3355/3317/1813 3354/3628/1814 3242/3218/1750
f 3244/3220/1754 3356/3318/1815 3355/3317/1813 3243/3549/1753
f 3245/3550/1755 3357/3319/1816 3356/3318/1815 3244/3220/1754
f 3246/3551/1817 3358/3629/1817 3357/3319/1817 3245/3550/1817
f 3247/3552/1818 3359/3630/1818 3358/3629/1818 3246/3551/1818
f 3248/3557/1819 3360/3631/1819 3359/3630/1819 3247/3552/1819
f 3249/3225/1820 3361/3632/1820 3360/3631/1820 3248/3557/1820
f 3354/3633/1821 3362/3634/1821 3323/3635/1821 3318/3636/1821
f 3355/3317/1822 3363/3637/1822 3362/3638/1822 3354/3628/1822
f 3356/3318/1815 3364/3639/1823 3363/3637/1824 3355/3317/1813
f 3357/3319/1816 3365/3640/1825 3364/3639/1823 3356/3318/1815
f 3358/3629/1826 3366/3641/1826 3365/3640/1825 3357/3319/1816
f 3359/3630/1827 3367/3642/1827 3366/3641/1827 3358/3629/1827
f 3360/3631/1828 3368/3643/1828 3367/3642/1828 3359/3630/1828
f 3361/3644/1829 3369/3645/1829 3368/3646/1829 3360/3647/1829
f 3362/3638/1830 3370/3648/1830 3328/3601/1830 3323/3592/1830
f 3363/3637/1831 3371/3649/1831 3370/3648/1831 3362/3638/1831
f 3364/3639/1823 3372/3650/1832 3371/3649/1833 3363/3637/1824
f 3365/3640/1834 3373/3651/1834 3372/3650/1834 3364/3639/1834
f 3366/3641/1835 3374/3652/1835 3373/3651/1835 3365/3640/1835
f 3367/3642/1836 3375/3653/1836 3374/3652/1836 3366/3641/1836
f 3368/3643/1837 3376/3654/1838 3375/3653/1839 3367/3642/1839
f 3369/3655/1840 3377/3656/1841 3376/3654/1838 3368/3643/1837
f 3370/3648/1842 3378/3657/1842 3333/3607/1842 3328/3601/1842
f 3371/3649/1843 3379/3658/1843 3378/3657/1843 3370/3648/1843
f 3372/3650/1832 3380/3659/1844 3379/3658/1844 3371/3649/1833
f 3373/3651/1845 3381/3660/1845 3380/3659/1845 3372/3650/1845
f 3374/3652/1846 3382/3661/1846 3381/3660/1846 3373/3651/1846
f 3375/3662/1847 3383/3663/1847 3382/3664/1847 3374/3665/1847
f 3376/3654/1848 3384/3666/1848 3383/3667/1848 3375/3653/1848
f 3377/3656/1841 3385/3668/1849 3384/3666/1850 3376/3654/1838
f 3378/3669/1851 3386/3670/1851 3338/3614/1851 3333/3613/1851
f 3379/3658/1852 3387/3671/1852 3386/3672/1852 3378/3657/1852
f 3380/3659/1844 3388/3350/1853 3387/3671/1853 3379/3658/1844
f 3381/3660/1854 3389/3673/1854 3388/3350/1854 3380/3659/1854
f 3382/3661/1855 3390/3674/1855 3389/3673/1855 3381/3660/1855
f 3383/3667/1856 3391/3675/1856 3390/3674/1856 3382/3661/1856
f 3384/3676/1857 3392/3677/1857 3391/3678/1857 3383/3679/1857
f 3385/3668/1858 3393/3355/1859 3392/3680/1860 3384/3666/1858
f 3386/3672/1861 3394/3681/1861 3343/3626/1861 3338/3682/1861
f 3387/3671/1862 3395/3683/1862 3394/3681/1862 3386/3672/1862
f 3388/3350/1863 3396/3684/1863 3395/3683/1863 3387/3671/1863
f 3389/3673/1864 3397/3359/1865 3396/3684/1866 3388/3350/1864
f 3390/3674/1867 3398/3685/1867 3397/3359/1867 3389/3673/1867
f 3391/3675/1868 3399/3686/1868 3398/3685/1868 3390/3674/1868
f 3392/3680/1869 3400/3362/1869 3399/3686/1869 3391/3675/1869
f 3393/3355/1859 3401/3363/1870 3400/3362/1871 3392/3680/1860
f 3394/3681/1872 3402/3687/1872 3348/3627/1872 3343/3626/1872
f 3395/3683/1873 3403/3688/1873 3402/3687/1873 3394/3681/1873
f 3396/3684/1874 3404/3689/1874 3403/3688/1874 3395/3683/1874
f 3397/3359/1865 3405/3367/1875 3404/3689/1876 3396/3684/1866
f 3398/3685/1877 3406/3368/1878 3405/3367/1875 3397/3359/1865
f 3399/3686/1879 3407/3369/1880 3406/3368/1878 3398/3685/1877
f 3400/3362/1871 3408/3370/1881 3407/3369/1880 3399/3686/1879
f 3401/3363/1870 3409/3371/435 3408/3370/1881 3400/3362/1871
f 3402/3687/1882 3410/3690/1882 3353/3315/1882 3348/3627/1882
f 3403/3688/1883 3411/3691/1884 3410/3690/1885 3402/3687/1883
f 3404/3692/1886 3412/3693/1886 3411/3694/1886 3403/3695/1886
f 3405/3367/1887 3413/3375/1887 3412/3696/1887 3404/3689/1887
f 3406/3368/1878 3414/3376/1888 3413/3375/1889 3405/3367/1875
f 3407/3369/1880 3415/3377/1890 3414/3376/1888 3406/3368/1878
f 3408/3370/1881 3416/3378/1891 3415/3377/1890 3407/3369/1880
f 3409/3371/435 3417/3379/1892 3416/3378/1891 3408/3370/1881
f 3418/3697/1893 3134/3414/1893 2587/2959/1893 2871/3170/1893
f 3419/3698/1894 3418/3697/1894 2871/3170/1894 2872/3171/1894
f 3420/3699/1352 3419/3698/1393 2872/3171/1394 2873/3172/1393
f 3421/3700/1352 3420/3699/1352 2873/3172/1393 2874/3173/1352
f 3422/3701/1352 3421/3700/1352 2874/3173/1352 2875/3174/1352
f 3423/3702/1895 3422/3701/1895 2875/3174/1895 2876/3175/1895
f 3424/3703/1896 3423/3702/1896 2876/3175/1896 2877/3176/1896
f 3425/3704/1897 3424/3703/1897 2877/3176/1897 2878/3177/1897
f 3426/3705/1898 3142/3422/1898 3134/3414/1898 3418/3697/1898
f 3427/3706/1899 3426/3705/1899 3418/3697/1899 3419/3698/1899
f 3428/3707/1352 3427/3706/1352 3419/3698/1393 3420/3699/1352
f 3429/3708/1352 3428/3707/1352 3420/3699/1352 3421/3700/1352
f 3430/3709/1900 3429/3708/1900 3421/3700/1900 3422/3701/1900
f 3431/3710/1901 3430/3709/1901 3422/3701/1901 3423/3702/1901
f 3432/3711/1902 3431/3710/1902 3423/3702/1902 3424/3703/1902
f 3433/3712/1903 3432/3711/1903 3424/3703/1903 3425/3704/1903
f 3434/3713/1904 3150/3430/1904 3142/3422/1904 3426/3705/1904
f 3435/3714/1352 3434/3713/1352 3426/3705/1352 3427/3706/1352
f 3436/3715/1352 3435/3714/1352 3427/3706/1352 3428/3707/1352
f 3437/3716/1352 3436/3715/1352 3428/3707/1352 3429/3708/1352
f 3438/3717/1905 3437/3716/1905 3429/3708/1905 3430/3709/1905
f 3439/3718/1906 3438/3717/1906 3430/3709/1906 3431/3710/1906
f 3440/3719/1907 3439/3718/1907 3431/3710/1907 3432/3711/1907
f 3441/3720/1352 3440/3719/1352 3432/3711/1352 3433/3712/1352
f 3442/3721/1908 3158/3438/1908 3150/3430/1908 3434/3713/1908
f 3443/3722/1352 3442/3721/1352 3434/3713/1352 3435/3714/1352
f 3444/3723/1352 3443/3722/1352 3435/3714/1352 3436/3715/1352
f 3445/3724/1352 3444/3723/1352 3436/3715/1352 3437/3716/1352
f 3446/3725/1909 3445/3724/1909 3437/3716/1909 3438/3717/1909
f 3447/3726/1910 3446/3725/1910 3438/3717/1910 3439/3718/1910
f 3448/3727/1911 3447/3726/1911 3439/3718/1911 3440/3719/1911
f 3449/3728/1352 3448/3727/1352 3440/3719/1352 3441/3720/1352
f 3450/3729/1352 3166/3446/1352 3158/3438/1352 3442/3721/1352
f 3451/3730/1352 3450/3729/1352 3442/3721/1352 3443/3722/1352
f 3452/3731/1352 3451/3730/1352 3443/3722/1352 3444/3723/1352
f 3453/3732/1352 3452/3731/1352 3444/3723/1352 3445/3724/1352
f 3454/3733/1912 3453/3732/1912 3445/3724/1912 3446/3725/1912
f 3455/3734/1913 3454/3733/1913 3446/3725/1913 3447/3726/1913
f 3456/3735/1914 3455/3734/1914 3447/3726/1914 3448/3727/1914
f 3457/3736/1352 3456/3735/1915 3448/3727/1352 3449/3728/1352
f 3458/3737/1916 3174/3454/1916 3166/3446/1916 3450/3729/1916
f 3459/3738/1917 3458/3737/1917 3450/3729/1917 3451/3730/1917
f 3460/3739/1918 3459/3738/1918 3451/3730/1918 3452/3731/1918
f 3461/3740/1919 3460/3739/1919 3452/3731/1919 3453/3732/1919
f 3462/3741/1920 3461/3740/1920 3453/3732/1920 3454/3733/1920
f 3463/3742/1921 3462/3741/1921 3454/3733/1921 3455/3734/1921
f 3464/3743/1394 3463/3742/1922 3455/3734/1923 3456/3735/1915
f 3465/3744/1352 3464/3743/1394 3456/3735/1915 3457/3736/1352
f 3466/3745/1924 3182/3462/1924 3174/3454/1924 3458/3737/1924
f 3467/3746/1925 3466/3745/1925 3458/3737/1925 3459/3738/1925
f 3468/3747/1926 3467/3746/1926 3459/3738/1926 3460/3739/1926
f 3469/3748/1927 3468/3747/1927 3460/3739/1927 3461/3740/1927
f 3470/3749/1928 3469/3748/1928 3461/3740/1928 3462/3741/1928
f 3471/3750/1929 3470/3749/1929 3462/3741/1929 3463/3742/1929
f 3472/3751/1352 3471/3750/1352 3463/3742/1922 3464/3743/1394
f 3473/3752/1352 3472/3751/1352 3464/3743/1394 3465/3744/1352
f 3474/3753/1930 3190/3470/1930 3182/3462/1930 3466/3745/1930
f 3475/3754/1931 3474/3753/1931 3466/3745/1931 3467/3746/1931
f 3476/3755/1932 3475/3754/1932 3467/3746/1932 3468/3747/1932
f 3477/3756/1933 3476/3755/1933 3468/3747/1933 3469/3748/1933
f 3478/3757/1934 3477/3756/1934 3469/3748/1934 3470/3749/1934
f 3479/3758/1935 3478/3757/1935 3470/3749/1935 3471/3750/1935
f 3480/3759/1352 3479/3758/1352 3471/3750/1352 3472/3751/1352
f 3481/3760/1352 3480/3759/1352 3472/3751/1352 3473/3752/1352
f 3482/3761/1352 3425/3704/1352 2878/3177/1352 2900/3199/1352
f 3483/3762/1352 3482/3761/1352 2900/3199/1352 2901/3200/1352
f 3484/3763/1352 3483/3762/1352 2901/3200/1352 2902/3201/1352
f 3485/3764/1352 3433/3712/1352 3425/3704/1352 3482/3761/1352
f 3486/3765/1352 3485/3764/1352 3482/3761/1352 3483/3762/1352
f 3487/3766/1352 3486/3765/1352 3483/3762/1352 3484/3763/1352
f 3488/3767/1352 3441/3720/1352 3433/3712/1352 3485/3764/1352
f 3489/3768/1352 3488/3767/1352 3485/3764/1352 3486/3765/1352
f 3490/3769/1352 3489/3768/1352 3486/3765/1352 3487/3766/1352
f 3491/3770/1352 3449/3728/1352 3441/3720/1352 3488/3767/1352
f 3492/3771/1352 3491/3770/1352 3488/3767/1352 3489/3768/1352
f 3493/3772/1352 3492/3771/1352 3489/3768/1352 3490/3769/1352
f 3494/3773/1352 3457/3736/1352 3449/3728/1352 3491/3770/1352
f 3495/3774/1352 3494/3773/1352 3491/3770/1352 3492/3771/1352
f 3496/3775/1352 3495/3774/1352 3492/3771/1352 3493/3772/1352
f 3497/3776/1352 3465/3744/1352 3457/3736/1352 3494/3773/1352
f 3498/3777/1352 3497/3776/1352 3494/3773/1352 3495/3774/1352
f 3499/3778/1352 3498/3777/1352 3495/3774/1352 3496/3775/1352
f 3500/3779/1936 3473/3752/1936 3465/3744/1936 3497/3776/1936
f 3501/3780/1937 3500/3779/1937 3497/3776/1937 3498/3777/1937
f 3502/3781/1938 3501/3780/1938 3498/3777/1938 3499/3778/1938
f 3503/3782/1939 3481/3760/1939 3473/3752/1939 3500/3779/1939
f 3504/3783/1940 3503/3782/1940 3500/3779/1940 3501/3780/1940
f 3505/3784/1941 3504/3783/1941 3501/3780/1941 3502/3781/1941
f 3506/3785/1547 3484/3786/1547 2902/3217/1547 2910/3216/1547
f 3507/3787/1547 3487/3788/1547 3484/3786/1547 3506/3785/1547
f 3508/3789/1547 3490/3790/1547 3487/3788/1547 3507/3787/1547
f 3509/3791/1547 3493/3792/1547 3490/3790/1547 3508/3789/1547
f 3510/3793/1547 3496/3794/1547 3493/3792/1547 3509/3791/1547
f 3511/3795/1547 3499/3796/1547 3496/3794/1547 3510/3793/1547
f 3512/3797/1547 3502/3798/1547 3499/3796/1547 3511/3795/1547
f 3513/3799/1547 3505/3800/1547 3502/3798/1547 3512/3797/1547
f 3514/3801/1547 3506/3785/1547 2910/3216/1547 2918/3225/1547
f 3515/3802/1547 3507/3787/1547 3506/3785/1547 3514/3801/1547
f 3516/3803/1547 3508/3789/1547 3507/3787/1547 3515/3802/1547
f 3517/3804/1547 3509/3791/1547 3508/3789/1547 3516/3803/1547
f 3518/3805/1547 3510/3793/1547 3509/3791/1547 3517/3804/1547
f 3519/3806/1547 3511/3795/1547 3510/3793/1547 3518/3805/1547
f 3520/3807/1547 3512/3797/1547 3511/3795/1547 3519/3806/1547
f 3521/3808/1547 3513/3799/1547 3512/3797/1547 3520/3807/1547
f 3522/3809/1942 3217/3511/1942 3190/3470/1942 3474/3753/1942
f 3523/3810/1943 3522/3809/1943 3474/3753/1943 3475/3754/1943
f 3524/3811/1393 3523/3810/1352 3475/3754/1352 3476/3755/1352
f 3525/3812/1944 3524/3811/1944 3476/3755/1944 3477/3756/1944
f 3526/3813/1945 3525/3812/1945 3477/3756/1945 3478/3757/1945
f 3527/3814/1946 3526/3813/1946 3478/3757/1946 3479/3758/1946
f 3528/3815/1947 3527/3814/1947 3479/3758/1947 3480/3759/1947
f 3529/3816/1948 3528/3815/1948 3480/3759/1948 3481/3760/1948
f 3530/3817/1949 3225/3519/1949 3217/3511/1949 3522/3809/1949
f 3531/3818/1950 3530/3817/1950 3522/3809/1950 3523/3810/1950
f 3532/3819/1393 3531/3818/1352 3523/3810/1352 3524/3811/1393
f 3533/3820/1951 3532/3819/1393 3524/3811/1393 3525/3812/1414
f 3534/3821/1922 3533/3820/1951 3525/3812/1414 3526/3813/1952
f 3535/3822/1953 3534/3821/1922 3526/3813/1952 3527/3814/1954
f 3536/3823/1955 3535/3822/1955 3527/3814/1955 3528/3815/1955
f 3537/3824/1956 3536/3823/1956 3528/3815/1956 3529/3816/1956
f 3538/3825/1957 3233/3532/1957 3225/3519/1957 3530/3817/1957
f 3539/3826/1352 3538/3825/1393 3530/3817/1393 3531/3818/1352
f 3540/3827/1352 3539/3826/1352 3531/3818/1352 3532/3819/1393
f 3541/3828/1352 3540/3827/1352 3532/3819/1393 3533/3820/1951
f 3542/3829/1691 3541/3828/1352 3533/3820/1951 3534/3821/1922
f 3543/3830/1958 3542/3829/1691 3534/3821/1922 3535/3822/1953
f 3544/3831/1959 3543/3830/1959 3535/3822/1959 3536/3823/1959
f 3545/3832/1960 3544/3831/1960 3536/3823/1960 3537/3824/1960
f 3538/3786/1961 3546/3785/1962 3241/3548/1747 3233/3547/1746
f 3539/3788/428 3547/3787/428 3546/3785/1962 3538/3786/1961
f 3540/3790/428 3548/3789/428 3547/3787/428 3539/3788/428
f 3541/3792/428 3549/3791/428 3548/3789/428 3540/3790/428
f 3542/3794/1963 3550/3793/1964 3549/3791/428 3541/3792/428
f 3543/3833/1965 3551/3834/1965 3550/3793/1964 3542/3794/1963
f 3544/3835/1966 3552/3836/1966 3551/3834/1966 3543/3833/1966
f 3545/3837/1967 3553/3838/1967 3552/3836/1967 3544/3835/1967
f 3546/3785/1962 3554/3801/1968 3249/3225/1969 3241/3548/1747
f 3547/3787/428 3555/3802/428 3554/3801/1968 3546/3785/1962
f 3548/3789/428 3556/3803/428 3555/3802/428 3547/3787/428
f 3549/3791/428 3557/3804/428 3556/3803/428 3548/3789/428
f 3550/3793/1964 3558/3805/428 3557/3804/428 3549/3791/428
f 3551/3834/1970 3559/3839/1970 3558/3805/1970 3550/3793/1970
f 3552/3836/1971 3560/3840/1971 3559/3839/1971 3551/3834/1971
f 3553/3838/1972 3561/3841/1972 3560/3840/1972 3552/3836/1972
f 3562/3842/1973 3529/3816/1973 3481/3760/1973 3503/3782/1973
f 3563/3843/1974 3562/3842/1974 3503/3782/1974 3504/3783/1974
f 3564/3844/1975 3563/3843/1975 3504/3783/1975 3505/3784/1975
f 3565/3845/1976 3537/3824/1976 3529/3816/1976 3562/3842/1976
f 3566/3846/1977 3565/3845/1977 3562/3842/1977 3563/3843/1977
f 3567/3847/1352 3566/3846/1352 3563/3843/1352 3564/3844/1352
f 3568/3848/1978 3545/3832/1978 3537/3824/1978 3565/3845/1978
f 3569/3849/1979 3568/3848/1979 3565/3845/1979 3566/3846/1979
f 3570/3850/1352 3569/3849/1352 3566/3846/1352 3567/3847/1352
f 3571/3851/1547 3564/3852/1547 3505/3800/1547 3513/3799/1547
f 3572/3853/1547 3567/3854/1547 3564/3852/1547 3571/3851/1547
f 3568/3852/1980 3573/3851/1980 3553/3838/1980 3545/3837/1980
f 3569/3854/428 3574/3853/428 3573/3851/1981 3568/3852/428
f 3570/3855/428 3575/3856/428 3574/3853/428 3569/3854/428
f 3575/3856/1547 3570/3855/1547 3567/3854/1547 3572/3853/1547
f 3576/3857/1547 3571/3851/1547 3513/3799/1547 3521/3808/1547
f 3577/3858/1547 3572/3853/1547 3571/3851/1547 3576/3857/1547
f 3573/3851/1981 3578/3857/1982 3561/3841/1983 3553/3838/1984
f 3574/3853/428 3579/3858/428 3578/3857/1982 3573/3851/1981
f 3575/3856/428 3580/3859/428 3579/3858/428 3574/3853/428
f 3580/3859/1547 3575/3856/1547 3572/3853/1547 3577/3858/1547
f 3581/3860/1547 3514/3801/1547 2918/3225/1547 3030/3323/1547
f 3582/3861/1547 3515/3802/1547 3514/3801/1547 3581/3860/1547
f 3583/3862/1547 3516/3803/1547 3515/3802/1547 3582/3861/1547
f 3584/3863/1547 3517/3804/1547 3516/3803/1547 3583/3862/1547
f 3585/3864/1547 3518/3805/1547 3517/3804/1547 3584/3863/1547
f 3586/3865/1547 3519/3806/1547 3518/3805/1547 3585/3864/1547
f 3587/3866/1547 3520/3807/1547 3519/3806/1547 3586/3865/1547
f 3588/3867/1547 3521/3808/1547 3520/3807/1547 3587/3866/1547
f 3589/3868/1547 3581/3860/1547 3030/3323/1547 3038/3331/1547
f 3590/3869/1547 3582/3861/1547 3581/3860/1547 3589/3868/1547
f 3591/3870/1547 3583/3862/1547 3582/3861/1547 3590/3869/1547
f 3592/3871/1547 3584/3863/1547 3583/3862/1547 3591/3870/1547
f 3593/3872/1547 3585/3864/1547 3584/3863/1547 3592/3871/1547
f 3594/3873/1547 3586/3865/1547 3585/3864/1547 3593/3872/1547
f 3595/3874/1547 3587/3866/1547 3586/3865/1547 3594/3873/1547
f 3596/3875/1547 3588/3867/1547 3587/3866/1547 3595/3874/1547
f 3597/3876/1547 3589/3868/1547 3038/3331/1547 3046/3339/1547
f 3598/3877/1547 3590/3869/1547 3589/3868/1547 3597/3876/1547
f 3599/3878/1547 3591/3870/1547 3590/3869/1547 3598/3877/1547
f 3600/3879/1547 3592/3871/1547 3591/3870/1547 3599/3878/1547
f 3601/3880/1547 3593/3872/1547 3592/3871/1547 3600/3879/1547
f 3602/3881/1547 3594/3873/1547 3593/3872/1547 3601/3880/1547
f 3603/3882/1547 3595/3874/1547 3594/3873/1547 3602/3881/1547
f 3604/3883/1547 3596/3875/1547 3595/3874/1547 3603/3882/1547
f 3605/3884/1547 3597/3876/1547 3046/3339/1547 3054/3347/1547
f 3606/3885/1547 3598/3877/1547 3597/3876/1547 3605/3884/1547
f 3607/3886/1547 3599/3878/1547 3598/3877/1547 3606/3885/1547
f 3608/3887/1547 3600/3879/1547 3599/3878/1547 3607/3886/1547
f 3609/3888/1547 3601/3880/1547 3600/3879/1547 3608/3887/1547
f 3610/3889/1547 3602/3881/1547 3601/3880/1547 3609/3888/1547
f 3611/3890/1547 3603/3882/1547 3602/3881/1547 3610/3889/1547
f 3612/3891/1547 3604/3883/1547 3603/3882/1547 3611/3890/1547
f 3613/3892/1547 3605/3884/1547 3054/3347/1547 3062/3355/1547
f 3614/3893/1547 3606/3885/1547 3605/3884/1547 3613/3892/1547
f 3615/3894/1547 3607/3886/1547 3606/3885/1547 3614/3893/1547
f 3616/3895/1547 3608/3887/1547 3607/3886/1547 3615/3894/1547
f 3617/3896/1547 3609/3888/1547 3608/3887/1547 3616/3895/1547
f 3618/3897/1547 3610/3889/1547 3609/3888/1547 3617/3896/1547
f 3619/3898/1547 3611/3890/1547 3610/3889/1547 3618/3897/1547
f 3620/3899/1547 3612/3891/1547 3611/3890/1547 3619/3898/1547
f 3621/3900/1547 3613/3892/1547 3062/3355/1547 3070/3363/1547
f 3622/3901/1547 3614/3893/1547 3613/3892/1547 3621/3900/1547
f 3623/3902/1547 3615/3894/1547 3614/3893/1547 3622/3901/1547
f 3624/3903/1547 3616/3895/1547 3615/3894/1547 3623/3902/1547
f 3625/3904/1547 3617/3896/1547 3616/3895/1547 3624/3903/1547
f 3626/3905/1547 3618/3897/1547 3617/3896/1547 3625/3904/1547
f 3627/3906/1547 3619/3898/1547 3618/3897/1547 3626/3905/1547
f 3628/3907/1547 3620/3899/1547 3619/3898/1547 3627/3906/1547
f 3629/3908/1547 3621/3900/1547 3070/3363/1547 3078/3371/1547
f 3630/3909/1547 3622/3901/1547 3621/3900/1547 3629/3908/1547
f 3631/3910/1547 3623/3902/1547 3622/3901/1547 3630/3909/1547
f 3632/3911/1547 3624/3903/1547 3623/3902/1547 3631/3910/1547
f 3633/3912/1547 3625/3904/1547 3624/3903/1547 3632/3911/1547
f 3634/3913/1547 3626/3905/1547 3625/3904/1547 3633/3912/1547
f 3635/3914/1547 3627/3906/1547 3626/3905/1547 3634/3913/1547
f 3636/3915/1547 3628/3907/1547 3627/3906/1547 3635/3914/1547
f 3637/3916/1547 3629/3908/1547 3078/3371/1547 3086/3379/1547
f 3638/3917/1547 3630/3909/1547 3629/3908/1547 3637/3916/1547
f 3639/3918/1547 3631/3910/1547 3630/3909/1547 3638/3917/1547
f 3640/3919/1547 3632/3911/1547 3631/3910/1547 3639/3918/1547
f 3641/3920/1547 3633/3912/1547 3632/3911/1547 3640/3919/1547
f 3642/3921/1547 3634/3913/1547 3633/3912/1547 3641/3920/1547
f 3643/3922/1547 3635/3914/1547 3634/3913/1547 3642/3921/1547
f 3644/3923/1547 3636/3915/1547 3635/3914/1547 3643/3922/1547
f 3554/3801/1968 3645/3860/1985 3361/3632/1986 3249/3225/1969
f 3555/3802/428 3646/3861/1987 3645/3860/1985 3554/3801/1968
f 3556/3803/428 3647/3862/428 3646/3861/1987 3555/3802/428
f 3557/3804/428 3648/3863/1988 3647/3862/428 3556/3803/428
f 3558/3805/428 3649/3924/1989 3648/3863/1988 3557/3804/428
f 3559/3839/1990 3650/3925/1990 3649/3924/1990 3558/3805/1990
f 3560/3840/1991 3651/3926/1991 3650/3925/1991 3559/3839/1991
f 3561/3841/1992 3652/3927/1992 3651/3926/1992 3560/3840/1992
f 3645/3860/1993 3653/3928/1993 3369/3655/1993 3361/3632/1993
f 3646/3861/1987 3654/3929/1994 3653/3928/1995 3645/3860/1985
f 3647/3862/428 3655/3870/1996 3654/3929/1994 3646/3861/1987
f 3648/3863/1988 3656/3871/1997 3655/3870/1996 3647/3862/428
f 3649/3924/1989 3657/3930/1998 3656/3871/1997 3648/3863/1988
f 3650/3925/1999 3658/3931/1999 3657/3930/1999 3649/3924/1999
f 3651/3926/2000 3659/3932/2000 3658/3931/2000 3650/3925/2000
f 3652/3927/2001 3660/3933/2001 3659/3932/2001 3651/3926/2001
f 3653/3928/2002 3661/3934/2002 3377/3656/2002 3369/3655/2002
f 3654/3929/2003 3662/3935/2003 3661/3934/2003 3653/3928/2003
f 3655/3870/2004 3663/3936/2004 3662/3935/2004 3654/3929/2004
f 3656/3871/1997 3664/3879/2005 3663/3936/2006 3655/3870/1996
f 3657/3930/1998 3665/3937/2007 3664/3879/2005 3656/3871/1997
f 3658/3931/2008 3666/3938/2009 3665/3937/2010 3657/3930/2008
f 3659/3932/2011 3667/3939/2011 3666/3938/2011 3658/3931/2011
f 3660/3933/2012 3668/3940/2012 3667/3939/2012 3659/3932/2012
f 3661/3934/2013 3669/3941/2013 3385/3668/1849 3377/3656/1841
f 3662/3935/2014 3670/3942/2014 3669/3941/2014 3661/3934/2014
f 3663/3943/2015 3671/3944/2015 3670/3945/2015 3662/3946/2015
f 3664/3879/2016 3672/3947/2016 3671/3948/2016 3663/3936/2016
f 3665/3937/2017 3673/3949/2017 3672/3947/2017 3664/3879/2017
f 3666/3938/2009 3674/3950/2018 3673/3949/2018 3665/3937/2010
f 3667/3951/2019 3675/3952/2019 3674/3953/2019 3666/3954/2019
f 3668/3940/2020 3676/3955/2020 3675/3956/2020 3667/3939/2020
f 3669/3941/2021 3677/3957/2021 3393/3355/2021 3385/3668/2021
f 3670/3942/2022 3678/3958/2022 3677/3957/2022 3669/3941/2022
f 3671/3948/2023 3679/3959/2023 3678/3958/2023 3670/3942/2023
f 3672/3947/2024 3680/3960/2024 3679/3959/2024 3671/3948/2024
f 3673/3949/2025 3681/3961/2025 3680/3960/2025 3672/3947/2025
f 3674/3950/2026 3682/3962/2026 3681/3961/2026 3673/3949/2026
f 3675/3956/2027 3683/3963/2027 3682/3962/2027 3674/3950/2027
f 3676/3955/2028 3684/3964/2028 3683/3963/2028 3675/3956/2028
f 3677/3957/2029 3685/3900/2030 3401/3363/1870 3393/3355/1859
f 3678/3958/2031 3686/3965/2031 3685/3900/2031 3677/3957/2031
f 3679/3959/2032 3687/3966/2032 3686/3965/2032 3678/3958/2032
f 3680/3960/2033 3688/3903/2033 3687/3966/2033 3679/3959/2033
f 3681/3961/2034 3689/3967/2034 3688/3903/2034 3680/3960/2034
f 3682/3962/2035 3690/3968/2035 3689/3967/2035 3681/3961/2035
f 3683/3963/2036 3691/3969/2036 3690/3968/2036 3682/3962/2036
f 3684/3964/2037 3692/3970/2037 3691/3969/2037 3683/3963/2037
f 3685/3900/2030 3693/3908/2038 3409/3371/435 3401/3363/1870
f 3686/3965/2039 3694/3909/2040 3693/3908/2038 3685/3900/2030
f 3687/3966/2041 3695/3910/2042 3694/3909/2040 3686/3965/2039
f 3688/3903/2043 3696/3911/2044 3695/3910/2042 3687/3966/2041
f 3689/3967/2045 3697/3912/2046 3696/3911/2044 3688/3903/2043
f 3690/3968/2047 3698/3971/2047 3697/3912/2046 3689/3967/2045
f 3691/3969/2048 3699/3972/2048 3698/3971/2048 3690/3968/2048
f 3692/3970/2049 3700/3973/2049 3699/3972/2049 3691/3969/2049
f 3693/3908/2038 3701/3916/2050 3417/3379/1892 3409/3371/435
f 3694/3909/2040 3702/3917/428 3701/3916/2050 3693/3908/2038
f 3695/3910/2042 3703/3918/428 3702/3917/428 3694/3909/2040
f 3696/3911/2044 3704/3919/428 3703/3918/428 3695/3910/2042
f 3697/3912/2046 3705/3920/430 3704/3919/428 3696/3911/2044
f 3698/3971/2051 3706/3974/2051 3705/3920/2051 3697/3912/2051
f 3699/3972/2052 3707/3975/2052 3706/3974/2052 3698/3971/2052
f 3700/3973/2053 3708/3976/2053 3707/3975/2053 3699/3972/2053
f 3709/3977/1547 3576/3857/1547 3521/3808/1547 3588/3867/1547
f 3710/3978/1547 3577/3858/1547 3576/3857/1547 3709/3977/1547
f 3578/3857/1982 3711/3977/2054 3652/3927/2055 3561/3841/1983
f 3579/3858/428 3712/3978/2056 3711/3977/2054 3578/3857/1982
f 3580/3859/428 3713/3979/2057 3712/3978/2056 3579/3858/428
f 3713/3979/1547 3580/3859/1547 3577/3858/1547 3710/3978/1547
f 3714/3980/1547 3709/3977/1547 3588/3867/1547 3596/3875/1547
f 3715/3981/1547 3710/3978/1547 3709/3977/1547 3714/3980/1547
f 3711/3977/2054 3716/3982/2058 3660/3933/2059 3652/3927/2055
f 3712/3978/2056 3717/3981/2060 3716/3982/2058 3711/3977/2054
f 3713/3979/2057 3718/3983/2061 3717/3981/2060 3712/3978/2056
f 3718/3983/1547 3713/3979/1547 3710/3978/1547 3715/3981/1547
f 3719/3984/1547 3714/3980/1547 3596/3875/1547 3604/3883/1547
f 3720/3985/1547 3715/3981/1547 3714/3980/1547 3719/3984/1547
f 3716/3982/2062 3721/3986/2062 3668/3940/2062 3660/3933/2062
f 3717/3981/2063 3722/3987/2063 3721/3986/2063 3716/3982/2063
f 3718/3983/2061 3723/3988/2064 3722/3987/2065 3717/3981/2060
f 3723/3989/1547 3718/3983/1547 3715/3981/1547 3720/3985/1547
f 3724/3990/1547 3719/3984/1547 3604/3883/1547 3612/3891/1547
f 3725/3991/1547 3720/3985/1547 3719/3984/1547 3724/3990/1547
f 3721/3986/2066 3726/3992/2066 3676/3955/2066 3668/3940/2066
f 3722/3993/2067 3727/3994/2067 3726/3995/2067 3721/3996/2067
f 3723/3988/2064 3728/3997/2068 3727/3998/2069 3722/3987/2065
f 3728/3997/1547 3723/3989/1547 3720/3985/1547 3725/3991/1547
f 3729/3999/1547 3724/3990/1547 3612/3891/1547 3620/3899/1547
f 3730/4000/1547 3725/3991/1547 3724/3990/1547 3729/3999/1547
f 3726/3992/2070 3731/4001/2070 3684/3964/2070 3676/3955/2070
f 3727/3998/2071 3732/4002/2071 3731/4001/2071 3726/3992/2071
f 3728/3997/2068 3733/4003/2072 3732/4002/2072 3727/3998/2069
f 3733/4003/1547 3728/3997/1547 3725/3991/1547 3730/4000/1547
f 3734/4004/1547 3729/3999/1547 3620/3899/1547 3628/3907/1547
f 3735/4005/1547 3730/4000/1547 3729/3999/1547 3734/4004/1547
f 3731/4001/2073 3736/4006/2073 3692/3970/2073 3684/3964/2073
f 3732/4002/2074 3737/4005/2074 3736/4006/2074 3731/4001/2074
f 3733/4003/2072 3738/4007/428 3737/4005/2075 3732/4002/2072
f 3738/4007/1547 3733/4003/1547 3730/4000/1547 3735/4005/1547
f 3739/4008/1547 3734/4004/1547 3628/3907/1547 3636/3915/1547
f 3740/4009/1547 3735/4005/1547 3734/4004/1547 3739/4008/1547
f 3736/4006/2076 3741/4008/2076 3700/3973/2076 3692/3970/2076
f 3737/4005/2075 3742/4009/2077 3741/4008/2078 3736/4006/2079
f 3738/4007/428 3743/4010/428 3742/4009/2077 3737/4005/2075
f 3743/4010/1547 3738/4007/1547 3735/4005/1547 3740/4009/1547
f 3744/4011/1547 3739/4008/1547 3636/3915/1547 3644/3923/1547
f 3745/4012/1547 3740/4009/1547 3739/4008/1547 3744/4011/1547
f 3741/4008/2080 3746/4011/2080 3708/3976/2080 3700/3973/2080
f 3742/4009/2077 3747/4012/430 3746/4011/2081 3741/4008/2078
f 3743/4010/428 3748/4013/428 3747/4012/430 3742/4009/2077
f 3748/4013/1547 3743/4010/1547 3740/4009/1547 3745/4012/1547
f 3750/4014/6 2624/2984/6 2623/2880/6 3749/3381/6
f 3751/3382/6 2625/2881/6 2624/2984/6 3750/4014/6
f 2626/2984/1355 3752/4014/1355 3749/3381/1355 2623/2880/1355
f 2627/2881/1355 3753/3382/1355 3752/4014/1355 2626/2984/1355
f 3755/4015/6 3750/4014/6 3749/3381/6 3754/3384/6
f 3756/3385/6 3751/3382/6 3750/4014/6 3755/4015/6
f 3752/4014/1355 3757/4015/1355 3754/3384/1355 3749/3381/1355
f 3753/3382/1355 3758/3385/1355 3757/4015/1355 3752/4014/1355
f 3760/4016/6 3755/4015/6 3754/3384/6 3759/3387/6
f 3761/3388/6 3756/3385/6 3755/4015/6 3760/4016/6
f 3757/4015/1355 3762/4016/1355 3759/3387/1355 3754/3384/1355
f 3758/3385/1355 3763/3388/1355 3762/4016/1355 3757/4015/1355
f 3765/3389/6 3760/4016/6 3759/3387/6 3764/3390/6
f 3766/3391/2082 3761/3388/6 3760/4016/6 3765/3389/6
f 3762/4016/1355 3767/3389/1355 3764/3390/1355 3759/3387/1355
f 3763/3388/1355 3768/3391/1355 3767/3389/1355 3762/4016/1355
f 3770/3392/2083 3765/3389/6 3764/3390/6 3769/4017/6
f 3771/3394/2084 3766/3391/2082 3765/3389/6 3770/3392/2083
f 3767/3389/1355 3772/3392/1355 3769/4017/1355 3764/3390/1355
f 3768/3391/1355 3773/3394/1355 3772/3392/1355 3767/3389/1355
f 3775/3395/2085 3770/3392/2083 3769/4017/6 3774/4018/6
f 3776/4019/2086 3771/3394/2084 3770/3392/2083 3775/3395/2085
f 3772/3392/1355 3777/3395/1355 3774/4018/1355 3769/4017/1355
f 3773/3394/1355 3778/3397/1355 3777/3395/1355 3772/3392/1355
f 3780/3398/2087 3775/3395/2085 3774/4018/6 3779/4020/6
f 3781/4021/2088 3776/4019/2086 3775/3395/2085 3780/3398/2087
f 3777/3395/1355 3782/3398/1355 3779/4020/1355 3774/4018/1355
f 3778/3397/1355 3783/3400/1355 3782/3398/1355 3777/3395/1355
f 3785/4022/2089 3780/3398/2087 3779/4020/6 3784/4023/6
f 3786/4024/2090 3781/4021/2088 3780/3398/2087 3785/4022/2089
f 3782/3398/1355 3787/4022/1355 3784/4023/1355 3779/4020/1355
f 3783/3400/1355 3788/4024/1355 3787/4022/1355 3782/3398/1355
f 3789/3407/6 2684/2952/6 2625/2881/6 3751/3382/6
f 3790/3408/6 2685/2953/6 2684/2952/6 3789/3407/6
f 3791/3409/6 2686/2954/6 2685/2953/6 3790/3408/6
f 3792/3410/6 2687/2955/6 2686/2954/6 3791/3409/6
f 3793/3411/6 2688/2956/1526 2687/2955/6 3792/3410/6
f 3794/3412/6 2689/2957/1527 2688/2956/1526 3793/3411/6
f 3795/4025/2091 2690/2958/2091 2689/2957/2091 3794/3412/2091
f 3796/4026/2092 2691/3042/2092 2690/2958/2092 3795/4025/2092
f 3797/3415/6 3789/3407/6 3751/3382/6 3756/3385/6
f 3798/3416/6 3790/3408/6 3789/3407/6 3797/3415/6
f 3799/3417/6 3791/3409/6 3790/3408/6 3798/3416/6
f 3800/3418/6 3792/3410/6 3791/3409/6 3799/3417/6
f 3801/3419/31 3793/3411/6 3792/3410/6 3800/3418/6
f 3802/3420/31 3794/3412/6 3793/3411/6 3801/3419/31
f 3803/4027/2093 3795/4025/2093 3794/3412/2093 3802/3420/2093
f 3804/4028/2094 3796/4026/2094 3795/4025/2094 3803/4027/2094
f 3805/3423/6 3797/3415/6 3756/3385/6 3761/3388/6
f 3806/3424/6 3798/3416/6 3797/3415/6 3805/3423/6
f 3807/3425/6 3799/3417/6 3798/3416/6 3806/3424/6
f 3808/3426/6 3800/3418/6 3799/3417/6 3807/3425/6
f 3809/3427/6 3801/3419/31 3800/3418/6 3808/3426/6
f 3810/3428/6 3802/3420/31 3801/3419/31 3809/3427/6
f 3811/4029/2095 3803/4027/2095 3802/3420/2095 3810/3428/2095
f 3812/4030/2096 3804/4028/2096 3803/4027/2096 3811/4029/2096
f 3813/3431/2097 3805/3423/6 3761/3388/6 3766/3391/2082
f 3814/3432/2098 3806/3424/6 3805/3423/6 3813/3431/2097
f 3815/3433/2099 3807/3425/6 3806/3424/6 3814/3432/2098
f 3816/3434/2100 3808/3426/6 3807/3425/6 3815/3433/2099
f 3817/3435/6 3809/3427/6 3808/3426/6 3816/3434/2100
f 3818/4031/6 3810/3428/6 3809/3427/6 3817/3435/6
f 3819/4032/6 3811/4029/6 3810/3428/6 3818/4031/6
f 3820/4033/2101 3812/4030/2101 3811/4029/2101 3819/4032/2101
f 3821/4034/2102 3813/3431/2097 3766/3391/2082 3771/3394/2084
f 3822/4035/2103 3814/3432/2098 3813/3431/2097 3821/4034/2102
f 3823/4036/2104 3815/3433/2099 3814/3432/2098 3822/4035/2103
f 3824/3442/2105 3816/3434/2100 3815/3433/2099 3823/4036/2104
f 3825/3443/2106 3817/3435/6 3816/3434/2100 3824/3442/2105
f 3826/4037/1656 3818/4031/6 3817/3435/6 3825/3443/2106
f 3827/4038/6 3819/4032/6 3818/4031/6 3826/4037/1656
f 3828/4039/2107 3820/4033/2107 3819/4032/2107 3827/4038/2107
f 3829/4040/2108 3821/4034/2108 3771/3394/2108 3776/4019/2108
f 3830/4041/2109 3822/4042/2110 3821/4043/2111 3829/4044/2111
f 3831/4045/2112 3823/4046/2112 3822/4042/2110 3830/4041/2109
f 3832/4047/2113 3824/3442/2113 3823/4036/2113 3831/4048/2113
f 3833/4049/2114 3825/3443/2114 3824/3442/2114 3832/4047/2114
f 3834/4050/2115 3826/4037/1656 3825/3443/2106 3833/4049/2116
f 3835/3453/2117 3827/4038/6 3826/4037/1656 3834/4050/2115
f 3836/4051/2118 3828/4039/2118 3827/4038/2118 3835/3453/2118
f 3837/4052/2119 3829/4040/2119 3776/4019/2119 3781/4021/2119
f 3838/4053/2120 3830/4054/2120 3829/4040/2120 3837/4052/2120
f 3839/4055/2121 3831/4048/2121 3830/4054/2121 3838/4053/2121
f 3840/4056/2122 3832/4047/2122 3831/4048/2122 3839/4055/2122
f 3841/4057/2123 3833/4049/2123 3832/4047/2123 3840/4056/2123
f 3842/4058/2124 3834/4050/2124 3833/4049/2124 3841/4057/2124
f 3843/3461/2125 3835/3453/2117 3834/4050/2115 3842/4058/2126
f 3844/3462/2127 3836/4051/2128 3835/3453/2117 3843/3461/2125
f 3845/4059/2129 3837/4052/2129 3781/4021/2129 3786/4024/2129
f 3846/3464/2130 3838/4053/2130 3837/4052/2130 3845/4059/2130
f 3847/4060/2131 3839/4055/2131 3838/4053/2131 3846/3464/2131
f 3848/4061/2132 3840/4056/2132 3839/4055/2132 3847/4060/2132
f 3849/4062/2133 3841/4057/2133 3840/4056/2133 3848/4061/2133
f 3850/4063/2134 3842/4058/2134 3841/4057/2134 3849/4062/2134
f 3851/4064/2135 3843/3461/2135 3842/4058/2135 3850/4063/2135
f 3852/4065/2136 3844/3462/2127 3843/3461/2125 3851/4064/2137
f 2748/2952/1355 3853/3407/1355 3753/3382/1355 2627/2881/1355
f 2749/2953/1355 3854/3408/1355 3853/3407/1355 2748/2952/1355
f 2750/2954/1355 3855/3409/1355 3854/3408/1355 2749/2953/1355
f 2751/2955/1355 3856/3410/1355 3855/3409/1355 2750/2954/1355
f 2752/2956/1355 3857/3411/1355 3856/3410/1355 2751/2955/1355
f 2753/2957/1355 3858/3412/1355 3857/3411/1355 2752/2956/1355
f 2754/2958/1355 3859/3413/1355 3858/3412/1355 2753/2957/1355
f 2755/3064/1355 3860/4026/1355 3859/3413/1355 2754/2958/1355
f 3853/3407/1355 3861/3415/1355 3758/3385/1355 3753/3382/1355
f 3854/3408/1355 3862/3416/1355 3861/3415/1355 3853/3407/1355
f 3855/3409/1355 3863/3417/1355 3862/3416/1355 3854/3408/1355
f 3856/3410/1355 3864/3418/1355 3863/3417/1355 3855/3409/1355
f 3857/3411/1355 3865/3419/1355 3864/3418/1355 3856/3410/1355
f 3858/3412/1355 3866/3420/1355 3865/3419/1355 3857/3411/1355
f 3859/3413/1355 3867/4066/1355 3866/3420/1355 3858/3412/1355
f 3860/4026/1355 3868/4067/1355 3867/4066/1355 3859/3413/1355
f 3861/3415/1355 3869/3423/1355 3763/3388/1355 3758/3385/1355
f 3862/3416/1355 3870/3424/1355 3869/3423/1355 3861/3415/1355
f 3863/3417/1355 3871/3425/1355 3870/3424/1355 3862/3416/1355
f 3864/3418/1355 3872/3426/1355 3871/3425/1355 3863/3417/1355
f 3865/3419/1355 3873/3427/1355 3872/3426/1355 3864/3418/1355
f 3866/3420/1355 3874/3428/1355 3873/3427/1355 3865/3419/1355
f 3867/4066/1355 3875/4029/1355 3874/3428/1355 3866/3420/1355
f 3868/4067/1355 3876/4068/1355 3875/4029/1355 3867/4066/1355
f 3869/3423/1355 3877/3431/1355 3768/3391/1355 3763/3388/1355
f 3870/3424/1355 3878/3432/1355 3877/3431/1355 3869/3423/1355
f 3871/3425/1355 3879/3433/1355 3878/3432/1355 3870/3424/1355
f 3872/3426/1355 3880/3434/1355 3879/3433/1355 3871/3425/1355
f 3873/3427/1355 3881/3435/1355 3880/3434/1355 3872/3426/1355
f 3874/3428/1355 3882/4031/1355 3881/3435/1355 3873/3427/1355
f 3875/4029/1355 3883/4032/1355 3882/4031/1355 3874/3428/1355
f 3876/4068/1355 3884/3438/1355 3883/4032/1355 3875/4029/1355
f 3877/3431/1355 3885/3439/1355 3773/3394/1355 3768/3391/1355
f 3878/3432/1355 3886/3440/1355 3885/3439/1355 3877/3431/1355
f 3879/3433/1355 3887/3441/1355 3886/3440/1355 3878/3432/1355
f 3880/3434/1355 3888/3442/1355 3887/3441/1355 3879/3433/1355
f 3881/3435/1355 3889/3443/1355 3888/3442/1355 3880/3434/1355
f 3882/4031/1355 3890/4037/1355 3889/3443/1355 3881/3435/1355
f 3883/4032/1355 3891/4038/1355 3890/4037/1355 3882/4031/1355
f 3884/3438/1355 3892/3446/1355 3891/4038/1355 3883/4032/1355
f 3885/3439/1355 3893/3447/1355 3778/3397/1355 3773/3394/1355
f 3886/3440/1355 3894/3448/1355 3893/3447/1355 3885/3439/1355
f 3887/3441/1355 3895/3449/1355 3894/3448/1355 3886/3440/1355
f 3888/3442/1355 3896/3450/1355 3895/3449/1355 3887/3441/1355
f 3889/3443/1355 3897/3451/1355 3896/3450/1355 3888/3442/1355
f 3890/4037/1355 3898/4050/1355 3897/3451/1355 3889/3443/1355
f 3891/4038/1355 3899/3453/1355 3898/4050/1355 3890/4037/1355
f 3892/3446/1355 3900/3454/1355 3899/3453/1355 3891/4038/1355
f 3893/3447/1355 3901/3455/1355 3783/3400/1355 3778/3397/1355
f 3894/3448/1355 3902/3456/1355 3901/3455/1355 3893/3447/1355
f 3895/3449/1355 3903/3457/1355 3902/3456/1355 3894/3448/1355
f 3896/3450/1355 3904/3458/1355 3903/3457/1355 3895/3449/1355
f 3897/3451/1355 3905/4069/1355 3904/3458/1355 3896/3450/1355
f 3898/4050/1355 3906/3460/1355 3905/4069/1355 3897/3451/1355
f 3899/3453/1355 3907/3461/1355 3906/3460/1355 3898/4050/1355
f 3900/3454/1355 3908/3462/1355 3907/3461/1355 3899/3453/1355
f 3901/3455/1355 3909/4059/1355 3788/4024/1355 3783/3400/1355
f 3902/3456/1355 3910/3464/1355 3909/4059/1355 3901/3455/1355
f 3903/3457/1355 3911/4060/1355 3910/3464/1355 3902/3456/1355
f 3904/3458/1355 3912/4070/1355 3911/4060/1355 3903/3457/1355
f 3905/4069/1355 3913/4071/1355 3912/4070/1355 3904/3458/1355
f 3906/3460/1355 3914/3468/1355 3913/4071/1355 3905/4069/1355
f 3907/3461/1355 3915/3469/1355 3914/3468/1355 3906/3460/1355
f 3908/3462/1355 3916/4065/1355 3915/3469/1355 3907/3461/1355
f 3918/4072/6 3785/4022/2089 3784/4023/6 3917/4073/6
f 3919/4074/6 3786/4024/2090 3785/4022/2089 3918/4072/6
f 3787/4022/1355 3920/4072/1355 3917/4073/1355 3784/4023/1355
f 3788/4024/1355 3921/4074/2138 3920/4072/1355 3787/4022/1355
f 3923/4075/6 3918/4072/6 3917/4073/6 3922/4076/6
f 3924/4077/6 3919/4074/6 3918/4072/6 3923/4075/6
f 3920/4072/1355 3925/4075/1355 3922/4076/1355 3917/4073/1355
f 3921/4074/2138 3926/4078/2139 3925/4075/1355 3920/4072/1355
f 3928/4079/6 3923/4075/6 3922/4076/6 3927/4080/6
f 3929/4081/6 3924/4077/6 3923/4075/6 3928/4079/6
f 3925/4075/1355 3930/4079/1355 3927/4080/1355 3922/4076/1355
f 3930/3105/2140 3931/3102/2140 3928/3103/2140 3927/3104/2140
f 3931/3102/2140 3932/3106/2140 3929/3107/2140 3928/3103/2140
f 3926/4078/2139 3933/4082/2141 3930/4079/1355 3925/4075/1355
f 3933/4083/2142 3934/4084/2142 3931/3102/2142 3930/3105/2142
f 3934/4084/2143 3935/4085/2143 3932/3106/2143 3931/3102/2143
f 3936/4086/6 3845/4059/6 3786/4024/2090 3919/4074/6
f 3937/4087/6 3846/3464/6 3845/4059/6 3936/4086/6
f 3938/4088/2144 3847/4060/2145 3846/3464/6 3937/4087/6
f 3939/4089/2146 3848/4061/2147 3847/4060/2145 3938/4088/2144
f 3940/4090/2148 3849/4062/2148 3848/4061/2148 3939/4089/2148
f 3941/4091/2149 3850/4063/2149 3849/4062/2149 3940/4090/2149
f 3942/4092/2150 3851/4064/2150 3850/4063/2150 3941/4091/2150
f 3943/4093/2151 3852/4065/2136 3851/4064/2137 3942/4092/2152
f 3944/4094/6 3936/4086/6 3919/4074/6 3924/4077/6
f 3945/4095/6 3937/4087/6 3936/4086/6 3944/4094/6
f 3946/4096/6 3938/4088/2144 3937/4087/6 3945/4095/6
f 3947/4097/2153 3939/4089/2146 3938/4088/2144 3946/4096/6
f 3948/4098/2154 3940/4090/2155 3939/4089/2146 3947/4097/2153
f 3949/4099/2156 3941/4091/2156 3940/4090/2156 3948/4098/2156
f 3950/4100/2157 3942/4092/2157 3941/4091/2157 3949/4099/2157
f 3951/4101/2158 3943/4093/2151 3942/4092/2152 3950/4100/2159
f 3952/4102/6 3944/4094/6 3924/4077/6 3929/4081/6
f 3953/4103/6 3945/4095/6 3944/4094/6 3952/4102/6
f 3954/4104/6 3946/4096/6 3945/4095/6 3953/4103/6
f 3955/4105/2160 3947/4097/2153 3946/4096/6 3954/4104/6
f 3956/4106/2161 3948/4098/2154 3947/4097/2153 3955/4105/2160
f 3957/4107/2162 3949/4099/2162 3948/4098/2162 3956/4106/2162
f 3958/4108/2163 3950/4100/2163 3949/4099/2163 3957/4107/2163
f 3959/4109/2164 3951/4101/2158 3950/4100/2159 3958/4108/2165
f 3932/3106/2140 3960/3202/2140 3952/3203/2140 3929/3107/2140
f 3960/3202/2140 3961/3204/2140 3953/3205/2140 3952/3203/2140
f 3961/3204/2140 3962/3206/2166 3954/3207/2140 3953/3205/2140
f 3962/3206/2166 3963/3208/2167 3955/3209/2168 3954/3207/2140
f 3963/3208/2167 3964/4110/2169 3956/4111/2170 3955/3209/2168
f 3964/4110/2171 3965/4112/2171 3957/4113/2171 3956/4111/2171
f 3965/4112/2172 3966/4114/2172 3958/4115/2172 3957/4113/2172
f 3966/4114/2173 3967/3216/2173 3959/4116/2173 3958/4115/2173
f 3935/4085/2174 3968/4117/2174 3960/3202/2174 3932/3106/2174
f 3968/4117/2175 3969/4118/2175 3961/3204/2175 3960/3202/2175
f 3969/4118/2176 3970/4119/2176 3962/3206/2176 3961/3204/2176
f 3970/4119/2177 3971/3550/2140 3963/3208/2167 3962/3206/2166
f 3971/3550/2140 3972/3222/2178 3964/4110/2169 3963/3208/2167
f 3972/3222/2179 3973/4120/2179 3965/4112/2179 3964/4110/2179
f 3973/4120/2180 3974/4121/2180 3966/4114/2180 3965/4112/2180
f 3974/4121/2181 3975/3225/2181 3967/3216/2181 3966/4114/2181
f 3909/4059/1355 3976/4122/2182 3921/4074/2138 3788/4024/1355
f 3910/3464/1355 3977/4123/2183 3976/4122/2182 3909/4059/1355
f 3911/4060/1355 3978/4088/2184 3977/4123/2183 3910/3464/1355
f 3912/4070/1355 3979/4089/1355 3978/4088/2184 3911/4060/1355
f 3913/4071/1355 3980/4124/1355 3979/4089/1355 3912/4070/1355
f 3914/3468/1355 3981/4125/1355 3980/4124/1355 3913/4071/1355
f 3915/3469/1355 3982/4126/1355 3981/4125/1355 3914/3468/1355
f 3916/4065/1355 3983/4093/1355 3982/4126/1355 3915/3469/1355
f 3976/4122/2182 3984/4127/2185 3926/4078/2139 3921/4074/2138
f 3977/4123/2183 3985/4128/2186 3984/4127/2185 3976/4122/2182
f 3978/4088/2184 3986/4129/2187 3985/4128/2186 3977/4123/2183
f 3979/4089/1355 3987/4130/1355 3986/4129/2187 3978/4088/2184
f 3980/4124/1355 3988/4131/1355 3987/4130/1355 3979/4089/1355
f 3981/4125/1355 3989/4132/1355 3988/4131/1355 3980/4124/1355
f 3982/4126/1355 3990/4133/1355 3989/4132/1355 3981/4125/1355
f 3983/4093/1355 3991/4101/1355 3990/4133/1355 3982/4126/1355
f 3984/4127/2185 3992/4134/2188 3933/4082/2141 3926/4078/2139
f 3992/4135/2189 3993/4136/2189 3934/4084/2189 3933/4083/2189
f 3993/4137/2190 3994/4138/2190 3935/4139/2190 3934/4140/2190
f 3985/4128/2186 3995/4141/2191 3992/4134/2188 3984/4127/2185
f 3995/4141/2192 3996/4142/2192 3993/4143/2192 3992/4134/2192
f 3996/4144/2193 3997/4145/2193 3994/4146/2193 3993/4136/2193
f 3986/4129/2187 3998/4147/2194 3995/4141/2191 3985/4128/2186
f 3998/4148/2195 3999/4149/2195 3996/4144/2195 3995/4150/2195
f 3999/4149/2196 4000/4151/2196 3997/4145/2196 3996/4144/2196
f 3987/4130/1355 4001/4105/1355 3998/4147/2194 3986/4129/2187
f 4001/4152/2197 4002/3296/2198 3999/4149/2198 3998/4148/2197
f 4002/3296/2198 4003/3298/2199 4000/4151/2199 3999/4149/2198
f 3988/4131/1355 4004/4153/1355 4001/4105/1355 3987/4130/1355
f 4004/4154/2140 4005/3299/2140 4002/3296/2140 4001/4152/2140
f 4005/3299/2140 4006/3301/2140 4003/3298/2140 4002/3296/2140
f 3989/4132/1355 4007/4155/1355 4004/4153/1355 3988/4131/1355
f 4007/3305/2140 4008/3304/2140 4005/3299/2140 4004/4154/2140
f 4008/3304/2140 4009/4156/2140 4006/3301/2140 4005/3299/2140
f 3990/4133/1355 4010/4157/1355 4007/4155/1355 3989/4132/1355
f 4010/4158/2140 4011/3309/2140 4008/3304/2140 4007/3305/2140
f 4011/3309/2140 4012/4159/2140 4009/4156/2140 4008/3304/2140
f 3991/4101/1355 4013/4160/1355 4010/4157/1355 3990/4133/1355
f 4013/4161/2140 4014/3313/2140 4011/3309/2140 4010/4158/2140
f 4014/3313/2140 4015/3315/2140 4012/4159/2140 4011/3309/2140
f 3994/4138/2200 4016/4162/2200 3968/4163/2200 3935/4139/2200
f 4016/4162/2201 4017/4164/2201 3969/4165/2201 3968/4163/2201
f 4017/4166/2202 4018/4167/2202 3970/4119/2202 3969/4118/2202
f 4018/4167/2203 4019/3319/2203 3971/3550/2203 3970/4119/2203
f 4019/3319/2140 4020/3320/2140 3972/3222/2178 3971/3550/2140
f 4020/3320/2140 4021/3321/2204 3973/4120/2178 3972/3222/2178
f 4021/3321/2204 4022/3322/2204 3974/4121/2178 3973/4120/2178
f 4022/3322/2205 4023/4168/2205 3975/3225/2205 3974/4121/2205
f 3997/4169/2206 4024/4170/2206 4016/4162/2206 3994/4138/2206
f 4024/4170/2207 4025/4171/2207 4017/4164/2207 4016/4162/2207
f 4025/4172/2208 4026/4173/2208 4018/4167/2208 4017/4166/2208
f 4026/4173/2209 4027/3327/2209 4019/3319/2209 4018/4167/2209
f 4027/3327/2204 4028/3328/2140 4020/3320/2140 4019/3319/2140
f 4028/3328/2140 4029/3329/2140 4021/3321/2204 4020/3320/2140
f 4029/3329/2140 4030/3330/2140 4022/3322/2204 4021/3321/2204
f 4030/3330/2210 4031/4174/2210 4023/4168/2210 4022/3322/2210
f 4000/4151/2211 4032/3332/2211 4024/4175/2211 3997/4145/2211
f 4032/3332/2212 4033/3333/2212 4025/4172/2212 4024/4175/2212
f 4033/3333/2213 4034/3334/2213 4026/4173/2213 4025/4172/2213
f 4034/3334/2204 4035/3335/2140 4027/3327/2204 4026/4173/2178
f 4035/3335/2140 4036/3336/2140 4028/3328/2140 4027/3327/2204
f 4036/3336/2140 4037/3337/2140 4029/3329/2140 4028/3328/2140
f 4037/3337/2140 4038/3338/2140 4030/3330/2140 4029/3329/2140
f 4038/3338/2214 4039/3339/2214 4031/4174/2214 4030/3330/2214
f 4003/3298/2215 4040/3340/2215 4032/3332/2215 4000/4151/2215
f 4040/3340/2140 4041/3341/2140 4033/3333/2140 4032/3332/2140
f 4041/3341/2140 4042/3342/2140 4034/3334/2204 4033/3333/2140
f 4042/3342/2140 4043/3343/2140 4035/3335/2140 4034/3334/2204
f 4043/3343/2140 4044/3344/2140 4036/3336/2140 4035/3335/2140
f 4044/3344/2140 4045/3345/2140 4037/3337/2140 4036/3336/2140
f 4045/3345/2140 4046/3346/2140 4038/3338/2140 4037/3337/2140
f 4046/3346/2140 4047/3347/2140 4039/3339/2140 4038/3338/2140
f 4006/3301/2140 4048/4176/2140 4040/3340/2140 4003/3298/2140
f 4048/4176/2140 4049/4177/2140 4041/3341/2140 4040/3340/2140
f 4049/4177/2140 4050/3350/2140 4042/3342/2140 4041/3341/2140
f 4050/3350/2140 4051/3351/2140 4043/3343/2140 4042/3342/2140
f 4051/3351/2140 4052/3352/2140 4044/3344/2140 4043/3343/2140
f 4052/3352/2140 4053/3353/2140 4045/3345/2140 4044/3344/2140
f 4053/3353/2140 4054/3354/2140 4046/3346/2140 4045/3345/2140
f 4054/3354/2140 4055/3355/2140 4047/3347/2140 4046/3346/2140
f 4009/4156/2216 4056/4178/2216 4048/4176/2216 4006/3301/2216
f 4056/4178/2217 4057/4179/2217 4049/4177/2217 4048/4176/2217
f 4057/4179/2218 4058/4180/2218 4050/3350/2218 4049/4177/2218
f 4058/4180/2219 4059/3359/2140 4051/3351/2140 4050/3350/2140
f 4059/3359/2140 4060/3360/2220 4052/3352/2140 4051/3351/2140
f 4060/3360/2220 4061/3361/2177 4053/3353/2140 4052/3352/2140
f 4061/3361/2177 4062/3362/2140 4054/3354/2140 4053/3353/2140
f 4062/3362/2140 4063/3363/2140 4055/3355/2140 4054/3354/2140
f 4012/4159/2221 4064/4181/2221 4056/4178/2221 4009/4156/2221
f 4064/4181/2222 4065/4182/2222 4057/4179/2222 4056/4178/2222
f 4065/4182/2223 4066/4183/2223 4058/4180/2223 4057/4179/2223
f 4066/4183/2224 4067/4184/2224 4059/3359/2224 4058/4180/2224
f 4067/4184/2225 4068/4185/2225 4060/3360/2225 4059/3359/2225
f 4068/4185/2226 4069/3369/2227 4061/3361/2177 4060/3360/2220
f 4069/3369/2227 4070/3370/2140 4062/3362/2140 4061/3361/2177
f 4070/3370/2140 4071/3371/2140 4063/3363/2140 4062/3362/2140
f 4015/3315/2228 4072/4186/2228 4064/4181/2228 4012/4159/2228
f 4072/4186/2229 4073/4187/2229 4065/4182/2229 4064/4181/2229
f 4073/4187/2230 4074/4188/2230 4066/4183/2230 4065/4182/2230
f 4074/4189/2231 4075/4190/2231 4067/4191/2231 4066/4192/2231
f 4075/4193/2232 4076/4194/2232 4068/4185/2232 4067/4184/2232
f 4076/4194/2233 4077/3377/2233 4069/3369/2233 4068/4185/2233
f 4077/3377/2234 4078/3378/2234 4070/3370/2234 4069/3369/2234
f 4078/3378/2140 4079/3379/2140 4071/3371/2140 4070/3370/2140
f 4080/4195/1600 2975/3276/2235 2691/3042/2235 3796/4026/2236
f 4081/3698/2237 2976/3282/2238 2975/3276/2239 4080/4195/2239
f 4082/4196/2240 2977/3281/2241 2976/3282/2238 4081/3698/2237
f 4083/4197/2242 2978/3283/2242 2977/3281/2242 4082/4196/2242
f 4084/4198/2243 2979/3284/2243 2978/3283/2243 4083/4197/2243
f 4085/4199/2244 2980/3285/2244 2979/3284/2244 4084/4198/2244
f 4086/4200/2245 2981/3286/2245 2980/3285/2245 4085/4199/2245
f 4087/3704/6 2982/3177/6 2981/3286/1526 4086/4200/6
f 4088/4201/2246 4080/4195/1600 3796/4026/2236 3804/4028/2247
f 4089/3706/6 4081/3698/6 4080/4195/1600 4088/4201/2246
f 4090/3707/2248 4082/4196/2240 4081/3698/2237 4089/3706/2248
f 4091/4202/2249 4083/4197/2250 4082/4196/2250 4090/3707/2251
f 4092/4203/2252 4084/4198/2252 4083/4197/2252 4091/4202/2252
f 4093/4204/2253 4085/4199/2253 4084/4198/2253 4092/4203/2253
f 4094/3711/2254 4086/4200/2254 4085/4199/2254 4093/4204/2254
f 4095/3712/6 4087/3704/6 4086/4200/6 4094/3711/6
f 4096/3713/2255 4088/4201/2255 3804/4028/2255 3812/4030/2255
f 4097/3714/2256 4089/3706/6 4088/4201/2246 4096/3713/2257
f 4098/3715/31 4090/3707/6 4089/3706/6 4097/3714/2256
f 4099/4205/2258 4091/4202/2249 4090/3707/2251 4098/3715/2258
f 4100/4206/2259 4092/4203/2259 4091/4202/2259 4099/4205/2259
f 4101/4207/2260 4093/4204/2261 4092/4203/2262 4100/4206/2262
f 4102/3719/6 4094/3711/6 4093/4204/2261 4101/4207/2260
f 4103/3720/6 4095/3712/6 4094/3711/6 4102/3719/6
f 4104/4208/2263 4096/3713/2263 3812/4030/2263 3820/4033/2263
f 4105/3722/2264 4097/3714/2256 4096/3713/2257 4104/4208/2265
f 4106/3723/2266 4098/3715/31 4097/3714/2256 4105/3722/2264
f 4107/3724/31 4099/4205/32 4098/3715/31 4106/3723/2266
f 4108/4209/2267 4100/4206/2267 4099/4205/2267 4107/3724/2267
f 4109/4210/2268 4101/4207/2268 4100/4206/2268 4108/4209/2268
f 4110/3727/6 4102/3719/6 4101/4207/2260 4109/4210/6
f 4111/3728/6 4103/3720/6 4102/3719/6 4110/3727/6
f 4112/4211/2269 4104/4208/2269 3820/4033/2269 3828/4039/2269
f 4113/4212/2270 4105/3722/2270 4104/4208/2270 4112/4211/2270
f 4114/3731/2271 4106/3723/2266 4105/3722/2264 4113/4212/2272
f 4115/4213/2273 4107/3724/31 4106/3723/2266 4114/3731/2271
f 4116/4214/2274 4108/4209/2274 4107/3724/2274 4115/4213/2274
f 4117/4215/2275 4109/4210/2275 4108/4209/2275 4116/4214/2275
f 4118/3735/2276 4110/3727/6 4109/4210/6 4117/4215/2277
f 4119/3736/6 4111/3728/6 4110/3727/6 4118/3735/2276
f 4120/4216/2278 4112/4211/2278 3828/4039/2278 3836/4051/2278
f 4121/4217/2279 4113/4212/2279 4112/4211/2279 4120/4216/2279
f 4122/4218/2280 4114/3731/2280 4113/4212/2280 4121/4217/2280
f 4123/4219/2281 4115/4213/2273 4114/3731/2271 4122/4218/2282
f 4124/4220/2283 4116/4214/2284 4115/4213/2273 4123/4219/2281
f 4125/4221/2285 4117/4215/2286 4116/4214/2284 4124/4220/2283
f 4126/3743/2287 4118/3735/2276 4117/4215/2277 4125/4221/2287
f 4127/3744/6 4119/3736/6 4118/3735/2276 4126/3743/6
f 4128/4222/1513 4120/4216/2288 3836/4051/2128 3844/3462/2127
f 4129/4223/2289 4121/4217/2289 4120/4216/2289 4128/4222/2289
f 4130/4224/2290 4122/4218/2290 4121/4217/2290 4129/4223/2290
f 4131/4225/2291 4123/4219/2292 4122/4218/2292 4130/4224/2293
f 4132/4226/2294 4124/4220/2283 4123/4219/2281 4131/4225/2294
f 4133/4227/2295 4125/4221/2285 4124/4220/2283 4132/4226/2296
f 4134/3751/2297 4126/3743/2287 4125/4221/2287 4133/4227/2297
f 4135/3752/6 4127/3744/6 4126/3743/6 4134/3751/6
f 4136/4228/6 4128/4222/1513 3844/3462/2127 3852/4065/2136
f 4137/4229/2298 4129/4223/2298 4128/4222/2298 4136/4228/2298
f 4138/4230/2299 4130/4224/2299 4129/4223/2299 4137/4229/2299
f 4139/4231/2300 4131/4225/2291 4130/4224/2293 4138/4230/2300
f 4140/4232/2301 4132/4226/2301 4131/4225/2301 4139/4231/2301
f 4141/4233/2302 4133/4227/2295 4132/4226/2296 4140/4232/2302
f 4142/3759/2303 4134/3751/2303 4133/4227/2303 4141/4233/2303
f 4143/4234/2304 4135/3752/2304 4134/3751/2304 4142/3759/2304
f 4144/3761/6 3018/3199/6 2982/3177/6 4087/3704/6
f 4145/4235/6 3019/3312/6 3018/3199/6 4144/3761/6
f 4146/3763/6 3020/3201/6 3019/3312/6 4145/4235/6
f 4147/4236/1547 3021/3313/1547 3020/3314/1547 4146/4237/1547
f 4148/4238/1547 3022/3315/1547 3021/3313/1547 4147/4236/1547
f 4149/3764/6 4144/3761/6 4087/3704/6 4095/3712/6
f 4150/4239/6 4145/4235/6 4144/3761/6 4149/3764/6
f 4151/3766/6 4146/3763/6 4145/4235/6 4150/4239/6
f 4152/4240/1547 4147/4236/1547 4146/4237/1547 4151/4241/1547
f 4153/4242/1547 4148/4238/1547 4147/4236/1547 4152/4240/1547
f 4154/3767/6 4149/3764/6 4095/3712/6 4103/3720/6
f 4155/4243/6 4150/4239/6 4149/3764/6 4154/3767/6
f 4156/3769/6 4151/3766/6 4150/4239/6 4155/4243/6
f 4157/4244/1547 4152/4240/1547 4151/4241/1547 4156/4245/1547
f 4158/4246/1547 4153/4242/1547 4152/4240/1547 4157/4244/1547
f 4159/3770/6 4154/3767/6 4103/3720/6 4111/3728/6
f 4160/4247/6 4155/4243/6 4154/3767/6 4159/3770/6
f 4161/3772/6 4156/3769/6 4155/4243/6 4160/4247/6
f 4162/4248/1547 4157/4244/1547 4156/4245/1547 4161/4249/1547
f 4163/4250/1547 4158/4246/1547 4157/4244/1547 4162/4248/1547
f 4164/3773/6 4159/3770/6 4111/3728/6 4119/3736/6
f 4165/4251/6 4160/4247/6 4159/3770/6 4164/3773/6
f 4166/3775/6 4161/3772/6 4160/4247/6 4165/4251/6
f 4167/4252/1547 4162/4248/1547 4161/4249/1547 4166/4253/1547
f 4168/4254/1547 4163/4250/1547 4162/4248/1547 4167/4252/1547
f 4169/3776/6 4164/3773/6 4119/3736/6 4127/3744/6
f 4170/4255/6 4165/4251/6 4164/3773/6 4169/3776/6
f 4171/3778/6 4166/3775/6 4165/4251/6 4170/4255/6
f 4172/4256/1547 4167/4252/1547 4166/4253/1547 4171/4257/1547
f 4173/4258/1547 4168/4254/1547 4167/4252/1547 4172/4256/1547
f 4174/4259/6 4169/3776/6 4127/3744/6 4135/3752/6
f 4175/4260/6 4170/4255/6 4169/3776/6 4174/4259/6
f 4176/3781/6 4171/3778/6 4170/4255/6 4175/4260/6
f 4177/4261/1547 4172/4256/1547 4171/4257/1547 4176/4262/1547
f 4178/4263/1547 4173/4258/1547 4172/4256/1547 4177/4261/1547
f 4179/4264/2305 4174/4259/2305 4135/3752/2305 4143/4234/2305
f 4180/4265/6 4175/4260/6 4174/4259/6 4179/4264/6
f 4181/4266/6 4176/3781/6 4175/4260/6 4180/4265/6
f 4182/4267/1547 4177/4261/1547 4176/4262/1547 4181/4268/1547
f 4183/4269/1547 4178/4263/1547 4177/4261/1547 4182/4267/1547
f 4184/4270/1547 3079/3372/1547 3022/3315/1547 4148/4238/1547
f 4185/4271/1547 3080/3373/1547 3079/3372/1547 4184/4270/1547
f 4186/4272/1547 3081/3374/1547 3080/3373/1547 4185/4271/1547
f 4187/4273/1547 3082/3375/1547 3081/3374/1547 4186/4272/1547
f 4188/4274/1547 3083/3376/1547 3082/3375/1547 4187/4273/1547
f 4189/4275/1547 3084/3377/1547 3083/3376/1547 4188/4274/1547
f 4190/4276/1547 3085/3378/1547 3084/3377/1547 4189/4275/1547
f 4191/4277/1547 3086/3379/1547 3085/3378/1547 4190/4276/1547
f 4192/4278/1547 4184/4270/1547 4148/4238/1547 4153/4242/1547
f 4193/4279/1547 4185/4271/1547 4184/4270/1547 4192/4278/1547
f 4194/4280/1547 4186/4272/1547 4185/4271/1547 4193/4279/1547
f 4195/4281/1547 4187/4273/1547 4186/4272/1547 4194/4280/1547
f 4196/4282/1547 4188/4274/1547 4187/4273/1547 4195/4281/1547
f 4197/4283/1547 4189/4275/1547 4188/4274/1547 4196/4282/1547
f 4198/4284/1547 4190/4276/1547 4189/4275/1547 4197/4283/1547
f 4199/4285/1547 4191/4277/1547 4190/4276/1547 4198/4284/1547
f 4200/4286/1547 4192/4278/1547 4153/4242/1547 4158/4246/1547
f 4201/4287/1547 4193/4279/1547 4192/4278/1547 4200/4286/1547
f 4202/4288/1547 4194/4280/1547 4193/4279/1547 4201/4287/1547
f 4203/4289/1547 4195/4281/1547 4194/4280/1547 4202/4288/1547
f 4204/4290/1547 4196/4282/1547 4195/4281/1547 4203/4289/1547
f 4205/4291/1547 4197/4283/1547 4196/4282/1547 4204/4290/1547
f 4206/4292/1547 4198/4284/1547 4197/4283/1547 4205/4291/1547
f 4207/4293/1547 4199/4285/1547 4198/4284/1547 4206/4292/1547
f 4208/4294/1547 4200/4286/1547 4158/4246/1547 4163/4250/1547
f 4209/4295/1547 4201/4287/1547 4200/4286/1547 4208/4294/1547
f 4210/4296/1547 4202/4288/1547 4201/4287/1547 4209/4295/1547
f 4211/4297/1547 4203/4289/1547 4202/4288/1547 4210/4296/1547
f 4212/4298/1547 4204/4290/1547 4203/4289/1547 4211/4297/1547
f 4213/4299/1547 4205/4291/1547 4204/4290/1547 4212/4298/1547
f 4214/4300/1547 4206/4292/1547 4205/4291/1547 4213/4299/1547
f 4215/4301/1547 4207/4293/1547 4206/4292/1547 4214/4300/1547
f 4216/4302/1547 4208/4294/1547 4163/4250/1547 4168/4254/1547
f 4217/4303/1547 4209/4295/1547 4208/4294/1547 4216/4302/1547
f 4218/4304/1547 4210/4296/1547 4209/4295/1547 4217/4303/1547
f 4219/4305/1547 4211/4297/1547 4210/4296/1547 4218/4304/1547
f 4220/4306/1547 4212/4298/1547 4211/4297/1547 4219/4305/1547
f 4221/4307/1547 4213/4299/1547 4212/4298/1547 4220/4306/1547
f 4222/4308/1547 4214/4300/1547 4213/4299/1547 4221/4307/1547
f 4223/4309/1547 4215/4301/1547 4214/4300/1547 4222/4308/1547
f 4224/4310/1547 4216/4302/1547 4168/4254/1547 4173/4258/1547
f 4225/4311/1547 4217/4303/1547 4216/4302/1547 4224/4310/1547
f 4226/4312/1547 4218/4304/1547 4217/4303/1547 4225/4311/1547
f 4227/4313/1547 4219/4305/1547 4218/4304/1547 4226/4312/1547
f 4228/4314/1547 4220/4306/1547 4219/4305/1547 4227/4313/1547
f 4229/4315/1547 4221/4307/1547 4220/4306/1547 4228/4314/1547
f 4230/4316/1547 4222/4308/1547 4221/4307/1547 4229/4315/1547
f 4231/4317/1547 4223/4309/1547 4222/4308/1547 4230/4316/1547
f 4232/4318/1547 4224/4310/1547 4173/4258/1547 4178/4263/1547
f 4233/4319/2306 4225/4311/1547 4224/4310/1547 4232/4318/1547
f 4234/4320/2307 4226/4312/1547 4225/4311/1547 4233/4319/2306
f 4235/4321/2308 4227/4313/1547 4226/4312/1547 4234/4320/2307
f 4236/4322/1547 4228/4314/1547 4227/4313/1547 4235/4321/2308
f 4237/4323/1547 4229/4315/1547 4228/4314/1547 4236/4322/1547
f 4238/4324/1547 4230/4316/1547 4229/4315/1547 4237/4323/1547
f 4239/4325/2309 4231/4317/2309 4230/4316/2309 4238/4324/2309
f 4240/4326/1547 4232/4318/1547 4178/4263/1547 4183/4269/1547
f 4241/4327/2310 4233/4319/2306 4232/4318/1547 4240/4326/1547
f 4242/4328/2311 4234/4320/2307 4233/4319/2306 4241/4327/2310
f 4243/4329/2312 4235/4321/2308 4234/4320/2307 4242/4328/2311
f 4244/4330/1547 4236/4322/1547 4235/4321/2308 4243/4329/2312
f 4245/4331/1547 4237/4323/1547 4236/4322/1547 4244/4330/1547
f 4246/4332/1547 4238/4324/1547 4237/4323/1547 4245/4331/1547
f 4247/4333/2313 4239/4325/2313 4238/4324/2313 4246/4332/2313
f 4248/4334/6 4136/4228/6 3852/4065/2136 3943/4093/2151
f 4249/4335/32 4137/4229/31 4136/4228/6 4248/4334/6
f 4250/4336/2314 4138/4230/2315 4137/4229/2316 4249/4335/2316
f 4251/4337/2317 4139/4231/2318 4138/4230/2315 4250/4336/2314
f 4252/4338/2319 4140/4232/2319 4139/4231/2319 4251/4337/2319
f 4253/4339/2320 4141/4233/2320 4140/4232/2320 4252/4338/2320
f 4254/4340/2321 4142/3759/2321 4141/4233/2321 4253/4339/2321
f 4255/4341/2322 4143/4234/2322 4142/3759/2322 4254/4340/2322
f 4256/4342/6 4248/4334/6 3943/4093/2151 3951/4101/2158
f 4257/3818/31 4249/4335/32 4248/4334/6 4256/4342/6
f 4258/3819/32 4250/4336/2323 4249/4335/32 4257/3818/31
f 4259/3820/2324 4251/4337/2317 4250/4336/2314 4258/3819/2324
f 4260/3821/2325 4252/4338/2325 4251/4337/2325 4259/3820/2325
f 4261/4343/2326 4253/4339/2326 4252/4338/2326 4260/3821/2326
f 4262/4344/2327 4254/4340/2327 4253/4339/2327 4261/4343/2327
f 4263/4345/2328 4255/4341/2328 4254/4340/2328 4262/4344/2328
f 4264/3825/6 4256/4342/6 3951/4101/2158 3959/4109/2164
f 4265/3826/6 4257/3818/31 4256/4342/6 4264/3825/6
f 4266/3827/6 4258/3819/32 4257/3818/31 4265/3826/6
f 4267/3828/6 4259/3820/6 4258/3819/32 4266/3827/6
f 4268/3829/2329 4260/3821/2329 4259/3820/6 4267/3828/6
f 4269/4346/2330 4261/4343/2330 4260/3821/2329 4268/3829/2329
f 4270/4347/2331 4262/4344/2331 4261/4343/2331 4269/4346/2331
f 4271/4348/2332 4263/4345/2332 4262/4344/2332 4270/4347/2332
f 3967/3216/2140 4272/3785/2140 4264/3786/2140 3959/4116/2140
f 4272/3785/2140 4273/3787/2140 4265/3788/2140 4264/3786/2140
f 4273/3787/2140 4274/3789/2140 4266/3790/2140 4265/3788/2140
f 4274/3789/2140 4275/3791/2140 4267/3792/2140 4266/3790/2140
f 4275/3791/2140 4276/3793/2140 4268/3794/2140 4267/3792/2140
f 4276/3793/2140 4277/3795/2140 4269/3796/2140 4268/3794/2140
f 4277/3795/2140 4278/4349/2140 4270/4350/2140 4269/3796/2140
f 4278/4349/2333 4279/4351/2333 4271/4352/2333 4270/4350/2333
f 3975/3225/2140 4280/3801/2166 4272/3785/2140 3967/3216/2140
f 4280/3801/2166 4281/3802/2219 4273/3787/2140 4272/3785/2140
f 4281/3802/2219 4282/3803/2140 4274/3789/2140 4273/3787/2140
f 4282/3803/2140 4283/3804/2140 4275/3791/2140 4274/3789/2140
f 4283/3804/2140 4284/3805/2140 4276/3793/2140 4275/3791/2140
f 4284/3805/2140 4285/3806/2140 4277/3795/2140 4276/3793/2140
f 4285/3806/2140 4286/4353/2140 4278/4349/2140 4277/3795/2140
f 4286/4353/2334 4287/4354/2334 4279/4351/2334 4278/4349/2334
f 4288/4355/2335 4179/4264/2335 4143/4234/2335 4255/4341/2335
f 4289/4356/2336 4180/4265/6 4179/4264/6 4288/4355/2337
f 4290/4357/6 4181/4266/6 4180/4265/6 4289/4356/2336
f 4291/4358/1547 4182/4267/1547 4181/4268/1547 4290/4359/1547
f 4292/4360/2338 4183/4269/2338 4182/4267/2338 4291/4358/2338
f 4293/4361/2339 4288/4355/2339 4255/4341/2339 4263/4345/2339
f 4294/3846/2340 4289/4356/2336 4288/4355/2337 4293/4361/2341
f 4295/3847/6 4290/4357/6 4289/4356/2336 4294/3846/2340
f 4296/4362/2342 4291/4358/1547 4290/4359/1547 4295/4363/1547
f 4297/4364/2343 4292/4360/2343 4291/4358/2343 4296/4362/2343
f 4298/4365/2344 4293/4361/2344 4263/4345/2344 4271/4348/2344
f 4299/3849/2345 4294/3846/2345 4293/4361/2345 4298/4365/2345
f 4300/3850/6 4295/3847/6 4294/3846/2340 4299/3849/6
f 4279/4351/2346 4301/4366/2346 4298/4367/2346 4271/4352/2346
f 4301/4366/2347 4302/4368/2347 4299/3854/2347 4298/4367/2347
f 4302/4368/2140 4303/4369/2140 4300/3855/2140 4299/3854/2140
f 4303/4370/2348 4296/4362/2342 4295/4363/1547 4300/4371/1547
f 4287/4354/2349 4304/4372/2349 4301/4366/2349 4279/4351/2349
f 4304/4372/2350 4305/4373/2350 4302/4368/2350 4301/4366/2350
f 4305/4373/2351 4306/4374/2351 4303/4369/2351 4302/4368/2351
f 4306/4375/2352 4297/4364/2352 4296/4362/2342 4303/4370/2348
f 4023/4168/2353 4307/4376/2353 4280/3801/2353 3975/3225/2353
f 4307/4376/2220 4308/3861/2354 4281/3802/2219 4280/3801/2166
f 4308/3861/2354 4309/3862/2140 4282/3803/2140 4281/3802/2219
f 4309/3862/2140 4310/3863/2140 4283/3804/2140 4282/3803/2140
f 4310/3863/2355 4311/3864/2355 4284/3805/2355 4283/3804/2355
f 4311/3864/2356 4312/3865/2356 4285/3806/2356 4284/3805/2356
f 4312/3865/2140 4313/3866/2140 4286/4353/2140 4285/3806/2140
f 4313/3866/2140 4314/3867/2140 4287/4354/2140 4286/4353/2140
f 4031/4174/2357 4315/4377/2357 4307/4376/2357 4023/4168/2357
f 4315/4377/2358 4316/4378/2358 4308/3861/2358 4307/4376/2358
f 4316/4378/2359 4317/3870/2359 4309/3862/2359 4308/3861/2359
f 4317/3870/2220 4318/3871/2360 4310/3863/2140 4309/3862/2140
f 4318/3871/2361 4319/3872/2361 4311/3864/2361 4310/3863/2361
f 4319/3872/2362 4320/3873/2362 4312/3865/2362 4311/3864/2362
f 4320/3873/2140 4321/3874/2140 4313/3866/2140 4312/3865/2140
f 4321/3874/2140 4322/3875/2140 4314/3867/2140 4313/3866/2140
f 4039/3339/2363 4323/3876/2363 4315/4377/2363 4031/4174/2363
f 4323/3876/2364 4324/4379/2364 4316/4378/2364 4315/4377/2364
f 4324/4379/2365 4325/4380/2365 4317/3870/2365 4316/4378/2365
f 4325/4380/2366 4326/3879/2367 4318/3871/2360 4317/3870/2220
f 4326/3879/2367 4327/3880/2140 4319/3872/2140 4318/3871/2360
f 4327/3880/2368 4328/4381/2368 4320/3873/2368 4319/3872/2368
f 4328/4381/2369 4329/3882/2369 4321/3874/2369 4320/3873/2369
f 4329/3882/2140 4330/3883/2140 4322/3875/2140 4321/3874/2140
f 4047/3347/2140 4331/3884/2140 4323/3876/2140 4039/3339/2140
f 4331/3884/2370 4332/3885/2370 4324/4379/2370 4323/3876/2370
f 4332/3885/2371 4333/3886/2371 4325/4380/2371 4324/4379/2371
f 4333/3886/2372 4334/3887/2373 4326/3879/2367 4325/4380/2374
f 4334/3887/2373 4335/3888/2140 4327/3880/2140 4326/3879/2367
f 4335/3888/2375 4336/3889/2375 4328/4381/2375 4327/3880/2375
f 4336/3889/2376 4337/4382/2376 4329/3882/2376 4328/4381/2376
f 4337/4382/2377 4338/3891/2377 4330/3883/2377 4329/3882/2377
f 4055/3355/2140 4339/3892/2140 4331/3884/2140 4047/3347/2140
f 4339/3892/2140 4340/3893/2140 4332/3885/2140 4331/3884/2140
f 4340/3893/2140 4341/3894/2140 4333/3886/2372 4332/3885/2140
f 4341/3894/2140 4342/3895/2140 4334/3887/2373 4333/3886/2372
f 4342/3895/2140 4343/3896/2140 4335/3888/2140 4334/3887/2373
f 4343/3896/2140 4344/3897/2140 4336/3889/2140 4335/3888/2140
f 4344/3897/2378 4345/3898/2378 4337/4382/2378 4336/3889/2378
f 4345/3898/2379 4346/3899/2379 4338/3891/2379 4337/4382/2379
f 4063/3363/2140 4347/3900/2140 4339/3892/2140 4055/3355/2140
f 4347/3900/2140 4348/3901/2140 4340/3893/2140 4339/3892/2140
f 4348/3901/2140 4349/3902/2140 4341/3894/2140 4340/3893/2140
f 4349/3902/2140 4350/3903/2140 4342/3895/2140 4341/3894/2140
f 4350/3903/2140 4351/3904/2140 4343/3896/2140 4342/3895/2140
f 4351/3904/2140 4352/3905/2140 4344/3897/2140 4343/3896/2140
f 4352/3905/2140 4353/3906/2140 4345/3898/2140 4344/3897/2140
f 4353/3906/2140 4354/3907/2140 4346/3899/2140 4345/3898/2140
f 4071/3371/2140 4355/3908/2140 4347/3900/2140 4063/3363/2140
f 4355/3908/2140 4356/3909/2140 4348/3901/2140 4347/3900/2140
f 4356/3909/2140 4357/3910/2140 4349/3902/2140 4348/3901/2140
f 4357/3910/2380 4358/4383/2380 4350/3903/2380 4349/3902/2380
f 4358/4383/2381 4359/3912/2381 4351/3904/2381 4350/3903/2381
f 4359/3912/2140 4360/3913/2140 4352/3905/2140 4351/3904/2140
f 4360/3913/2140 4361/3914/2140 4353/3906/2140 4352/3905/2140
f 4361/3914/2140 4362/3915/2140 4354/3907/2140 4353/3906/2140
f 4079/3379/2140 4363/3916/2140 4355/3908/2140 4071/3371/2140
f 4363/3916/2140 4364/3917/2140 4356/3909/2140 4355/3908/2140
f 4364/3917/2140 4365/3918/2140 4357/3910/2140 4356/3909/2140
f 4365/3918/2382 4366/3919/2382 4358/4383/2382 4357/3910/2382
f 4366/3919/2383 4367/4384/2383 4359/3912/2383 4358/4383/2383
f 4367/4384/2384 4368/3921/2384 4360/3913/2384 4359/3912/2384
f 4368/3921/2140 4369/3922/2140 4361/3914/2140 4360/3913/2140
f 4369/3922/2140 4370/3923/2140 4362/3915/2140 4361/3914/2140
f 4371/4385/2385 4240/4326/2385 4183/4269/2385 4292/4360/2385
f 4372/4386/2386 4241/4327/2386 4240/4326/2386 4371/4385/2386
f 4373/4387/2387 4242/4328/2387 4241/4327/2387 4372/4386/2387
f 4374/4388/2388 4243/4329/2388 4242/4328/2388 4373/4387/2388
f 4375/4389/2389 4244/4330/2389 4243/4329/2389 4374/4388/2389
f 4376/4390/2390 4245/4331/2390 4244/4330/2390 4375/4389/2390
f 4377/4391/2391 4246/4332/2391 4245/4331/2391 4376/4390/2391
f 4378/4392/2392 4247/4333/2392 4246/4332/2392 4377/4391/2392
f 4379/4393/2393 4371/4385/2393 4292/4360/2393 4297/4364/2393
f 4380/4394/2394 4372/4386/2394 4371/4385/2394 4379/4393/2394
f 4381/4395/2395 4373/4387/2395 4372/4386/2395 4380/4394/2395
f 4382/4396/2396 4374/4388/2396 4373/4387/2396 4381/4395/2396
f 4383/4397/2397 4375/4389/2397 4374/4388/2397 4382/4396/2397
f 4384/4398/2398 4376/4390/2398 4375/4389/2398 4383/4397/2398
f 4385/4399/2399 4377/4391/2399 4376/4390/2399 4384/4398/2399
f 4386/4400/2400 4378/4392/2400 4377/4391/2400 4385/4399/2400
f 4314/3867/2401 4387/4401/2401 4304/4372/2401 4287/4354/2401
f 4387/4401/2402 4388/4402/2402 4305/4373/2402 4304/4372/2402
f 4388/4402/2403 4389/4403/2403 4306/4374/2403 4305/4373/2403
f 4389/4404/2404 4379/4393/2404 4297/4364/2404 4306/4375/2404
f 4322/3875/2405 4390/3980/2405 4387/4401/2405 4314/3867/2405
f 4390/3980/2406 4391/4405/2406 4388/4402/2406 4387/4401/2406
f 4391/4405/2407 4392/4406/2407 4389/4403/2407 4388/4402/2407
f 4392/4407/2408 4380/4394/2408 4379/4393/2408 4389/4404/2408
f 4330/3883/2140 4393/3984/2140 4390/3980/2140 4322/3875/2140
f 4393/3984/2409 4394/4408/2409 4391/4405/2409 4390/3980/2409
f 4394/4408/2410 4395/4409/2410 4392/4406/2410 4391/4405/2410
f 4395/4410/2411 4381/4395/2411 4380/4394/2411 4392/4407/2411
f 4338/3891/2412 4396/3990/2412 4393/3984/2412 4330/3883/2412
f 4396/3990/2413 4397/4411/2413 4394/4408/2413 4393/3984/2413
f 4397/4411/2414 4398/4412/2414 4395/4409/2414 4394/4408/2414
f 4398/4413/2415 4382/4396/2415 4381/4395/2415 4395/4410/2415
f 4346/3899/2416 4399/3999/2416 4396/3990/2416 4338/3891/2416
f 4399/3999/2417 4400/4414/2418 4397/4411/2419 4396/3990/2419
f 4400/4414/2420 4401/4415/2420 4398/4412/2420 4397/4411/2420
f 4401/4416/2421 4383/4397/2422 4382/4396/2423 4398/4413/2423
f 4354/3907/2140 4402/4004/2424 4399/3999/2417 4346/3899/2140
f 4402/4004/2424 4403/4417/2425 4400/4414/2418 4399/3999/2417
f 4403/4417/2426 4404/4418/2426 4401/4415/2426 4400/4414/2426
f 4404/4419/2427 4384/4398/2427 4383/4397/2422 4401/4416/2421
f 4362/3915/2140 4405/4008/2424 4402/4004/2424 4354/3907/2140
f 4405/4008/2424 4406/4420/2428 4403/4417/2425 4402/4004/2424
f 4406/4420/2429 4407/4421/2429 4404/4418/2429 4403/4417/2429
f 4407/4422/2430 4385/4399/2430 4384/4398/2430 4404/4419/2430
f 4370/3923/2140 4408/4011/2431 4405/4008/2424 4362/3915/2140
f 4408/4011/2431 4409/4423/2432 4406/4420/2428 4405/4008/2424
f 4409/4423/2433 4410/4424/2433 4407/4421/2433 4406/4420/2433
f 4410/4425/2434 4386/4400/2434 4385/4399/2434 4407/4422/2434
f 3306/3575/1355 4411/4195/1355 3860/4026/1355 2755/3064/1355
f 3307/3576/1355 4412/3698/1355 4411/4195/1355 3306/3575/1355
f 3308/3172/1355 4413/3699/1355 4412/3698/1355 3307/3576/1355
f 3309/3173/1355 4414/3700/1355 4413/3699/1355 3308/3172/1355
f 3310/3174/1355 4415/3701/1355 4414/3700/1355 3309/3173/1355
f 3311/3285/1355 4416/4426/1355 4415/3701/1355 3310/3174/1355
f 3312/3286/1355 4417/4200/1355 4416/4426/1355 3311/3285/1355
f 3313/3177/1355 4418/3704/1355 4417/4200/1355 3312/3286/1355
f 4411/4195/1355 4419/4201/1355 3868/4067/1355 3860/4026/1355
f 4412/3698/1355 4420/3706/1355 4419/4201/1355 4411/4195/1355
f 4413/3699/1355 4421/3707/1355 4420/3706/1355 4412/3698/1355
f 4414/3700/1355 4422/3708/1355 4421/3707/1355 4413/3699/1355
f 4415/3701/1355 4423/4203/1355 4422/3708/1355 4414/3700/1355
f 4416/4426/1355 4424/4204/1355 4423/4203/1355 4415/3701/1355
f 4417/4200/1355 4425/3711/1355 4424/4204/1355 4416/4426/1355
f 4418/3704/1355 4426/3712/1355 4425/3711/1355 4417/4200/1355
f 4419/4201/1355 4427/3713/1355 3876/4068/1355 3868/4067/1355
f 4420/3706/1355 4428/3714/1355 4427/3713/1355 4419/4201/1355
f 4421/3707/1355 4429/3715/1355 4428/3714/1355 4420/3706/1355
f 4422/3708/1355 4430/3716/1355 4429/3715/1355 4421/3707/1355
f 4423/4203/1355 4431/4427/1355 4430/3716/1355 4422/3708/1355
f 4424/4204/1355 4432/4207/1355 4431/4427/1355 4423/4203/1355
f 4425/3711/1355 4433/3719/1355 4432/4207/1355 4424/4204/1355
f 4426/3712/1355 4434/3720/2435 4433/3719/1355 4425/3711/1355
f 4427/3713/1355 4435/3721/1355 3884/3438/1355 3876/4068/1355
f 4428/3714/1355 4436/3722/1355 4435/3721/1355 4427/3713/1355
f 4429/3715/1355 4437/3723/1355 4436/3722/1355 4428/3714/1355
f 4430/3716/1355 4438/3724/1355 4437/3723/1355 4429/3715/1355
f 4431/4427/1355 4439/4428/1355 4438/3724/1355 4430/3716/1355
f 4432/4207/1355 4440/4210/1355 4439/4428/1355 4431/4427/1355
f 4433/3719/1355 4441/3727/1355 4440/4210/1355 4432/4207/1355
f 4434/3720/2435 4442/3728/2436 4441/3727/1355 4433/3719/1355
f 4435/3721/1355 4443/3729/1355 3892/3446/1355 3884/3438/1355
f 4436/3722/1355 4444/3730/1355 4443/3729/1355 4435/3721/1355
f 4437/3723/1355 4445/3731/1355 4444/3730/1355 4436/3722/1355
f 4438/3724/1355 4446/4213/1355 4445/3731/1355 4437/3723/1355
f 4439/4428/1355 4447/4214/1355 4446/4213/1355 4438/3724/1355
f 4440/4210/1355 4448/4215/1355 4447/4214/1355 4439/4428/1355
f 4441/3727/1355 4449/3735/1355 4448/4215/1355 4440/4210/1355
f 4442/3728/2436 4450/3736/1355 4449/3735/1355 4441/3727/1355
f 4443/3729/1355 4451/4429/1355 3900/3454/1355 3892/3446/1355
f 4444/3730/1355 4452/4430/1355 4451/4429/1355 4443/3729/1355
f 4445/3731/1355 4453/4431/1355 4452/4430/1355 4444/3730/1355
f 4446/4213/1355 4454/4219/1355 4453/4431/1355 4445/3731/1355
f 4447/4214/1355 4455/4432/1355 4454/4219/1355 4446/4213/1355
f 4448/4215/1355 4456/3742/1355 4455/4432/1355 4447/4214/1355
f 4449/3735/1355 4457/3743/1355 4456/3742/1355 4448/4215/1355
f 4450/3736/1355 4458/3744/1355 4457/3743/1355 4449/3735/1355
f 4451/4429/1355 4459/4222/1355 3908/3462/1355 3900/3454/1355
f 4452/4430/1355 4460/4433/1355 4459/4222/1355 4451/4429/1355
f 4453/4431/1355 4461/4434/1355 4460/4433/1355 4452/4430/1355
f 4454/4219/1355 4462/4435/1355 4461/4434/1355 4453/4431/1355
f 4455/4432/1355 4463/4226/1355 4462/4435/1355 4454/4219/1355
f 4456/3742/1355 4464/3750/1355 4463/4226/1355 4455/4432/1355
f 4457/3743/1355 4465/3751/1355 4464/3750/1355 4456/3742/1355
f 4458/3744/1355 4466/3752/2437 4465/3751/1355 4457/3743/1355
f 4459/4222/1355 4467/4228/1355 3916/4065/1355 3908/3462/1355
f 4460/4433/1355 4468/3754/1355 4467/4228/1355 4459/4222/1355
f 4461/4434/1355 4469/3755/2438 4468/3754/1355 4460/4433/1355
f 4462/4435/1355 4470/4436/2439 4469/3755/2438 4461/4434/1355
f 4463/4226/1355 4471/4437/2440 4470/4436/2439 4462/4435/1355
f 4464/3750/1355 4472/3758/1355 4471/4437/2440 4463/4226/1355
f 4465/3751/1355 4473/3759/1355 4472/3758/1355 4464/3750/1355
f 4466/3752/2437 4474/4438/2437 4473/3759/1355 4465/3751/1355
f 3349/3199/1355 4475/3761/2438 4418/3704/1355 3313/3177/1355
f 3350/3200/1355 4476/4439/2441 4475/3761/2438 3349/3199/1355
f 3351/3201/1808 4477/4440/2442 4476/4439/2441 3350/3200/1355
f 3352/3313/1809 4478/4441/2443 4477/4442/2444 3351/3314/1810
f 3353/3315/1811 4479/4443/2445 4478/4441/2443 3352/3313/1809
f 4475/3761/2438 4480/4444/2446 4426/3712/1355 4418/3704/1355
f 4476/4439/2441 4481/4445/2447 4480/4444/2446 4475/3761/2438
f 4477/4440/2442 4482/4446/2448 4481/4445/2447 4476/4439/2441
f 4478/4441/2449 4483/4447/2449 4482/4448/2449 4477/4442/2449
f 4479/4443/2450 4484/4449/2450 4483/4447/2450 4478/4441/2450
f 4480/4444/2446 4485/4450/2451 4434/3720/2435 4426/3712/1355
f 4481/4445/2447 4486/4451/2452 4485/4450/2451 4480/4444/2446
f 4482/4446/2448 4487/4452/2453 4486/4451/2452 4481/4445/2447
f 4483/4453/2454 4488/4454/2454 4487/4452/2454 4482/4446/2454
f 4484/4449/2455 4489/4455/2455 4488/4456/2455 4483/4447/2455
f 4485/4450/2451 4490/4457/2456 4442/3728/2436 4434/3720/2435
f 4486/4451/2457 4491/4458/2457 4490/4457/2457 4485/4450/2457
f 4487/4452/2458 4492/4459/2458 4491/4458/2458 4486/4451/2458
f 4488/4454/2459 4493/4460/2459 4492/4459/2459 4487/4452/2459
f 4489/4455/2460 4494/4461/2460 4493/4462/2460 4488/4456/2460
f 4490/4457/2461 4495/4463/2461 4450/3736/2461 4442/3728/2461
f 4491/4458/2462 4496/4464/2462 4495/4463/2462 4490/4457/2462
f 4492/4459/2463 4497/4465/2463 4496/4464/2463 4491/4458/2463
f 4493/4460/2464 4498/4466/2464 4497/4465/2464 4492/4459/2464
f 4494/4461/2465 4499/4467/2465 4498/4468/2465 4493/4462/2465
f 4495/4463/2466 4500/4469/2466 4458/3744/2466 4450/3736/2466
f 4496/4464/2467 4501/4470/2467 4500/4469/2467 4495/4463/2467
f 4497/4465/2468 4502/4471/2468 4501/4470/2468 4496/4464/2468
f 4498/4468/2469 4503/4472/2469 4502/4473/2469 4497/4474/2469
f 4499/4467/2470 4504/4475/2470 4503/4472/2470 4498/4468/2470
f 4500/4469/2471 4505/4476/2471 4466/3752/2471 4458/3744/2471
f 4501/4477/2472 4506/4478/2472 4505/4479/2472 4500/4480/2472
f 4502/4471/2473 4507/4481/2473 4506/4482/2473 4501/4470/2473
f 4503/4472/2474 4508/4483/2474 4507/4484/2474 4502/4473/2474
f 4504/4475/2475 4509/4485/2475 4508/4483/2475 4503/4472/2475
f 4505/4476/2476 4510/4264/2437 4474/4438/2437 4466/3752/2437
f 4506/4482/2477 4511/4486/2477 4510/4264/2477 4505/4476/2477
f 4507/4481/2478 4512/4487/2478 4511/4486/2478 4506/4482/2478
f 4508/4483/2479 4513/4488/2480 4512/4268/2480 4507/4484/2479
f 4509/4485/2481 4514/4489/2481 4513/4488/2481 4508/4483/2481
f 3410/3690/2482 4515/4490/2482 4479/4443/2445 3353/3315/1811
f 3411/4491/1884 4516/4492/2483 4515/4493/2483 3410/4494/1885
f 3412/3696/2484 4517/4495/2484 4516/4496/2484 3411/3691/2484
f 3413/3375/2485 4518/4497/2485 4517/4495/2485 3412/3696/2485
f 3414/3376/1888 4519/4498/2486 4518/4497/2487 3413/3375/1889
f 3415/3377/1890 4520/4499/2488 4519/4498/2486 3414/3376/1888
f 3416/3378/1891 4521/4500/2489 4520/4499/2488 3415/3377/1890
f 3417/3379/1892 4522/4501/2490 4521/4500/2489 3416/3378/1891
f 4515/4490/2491 4523/4502/2491 4484/4449/2491 4479/4443/2491
f 4516/4496/2492 4524/4503/2492 4523/4502/2492 4515/4490/2492
f 4517/4495/2493 4525/4504/2493 4524/4503/2493 4516/4496/2493
f 4518/4497/2494 4526/4505/2494 4525/4504/2494 4517/4495/2494
f 4519/4498/2495 4527/4506/2495 4526/4505/2495 4518/4497/2495
f 4520/4507/2496 4528/4508/2496 4527/4509/2496 4519/4510/2496
f 4521/4511/2497 4529/4512/2497 4528/4508/2497 4520/4507/2497
f 4522/4513/2498 4530/4514/2498 4529/4512/2498 4521/4511/2498
f 4523/4502/2499 4531/4515/2499 4489/4455/2499 4484/4449/2499
f 4524/4503/2500 4532/4516/2500 4531/4515/2500 4523/4502/2500
f 4525/4517/2501 4533/4518/2501 4532/4519/2501 4524/4520/2501
f 4526/4505/2502 4534/4521/2502 4533/4522/2502 4525/4504/2502
f 4527/4506/2503 4535/4523/2504 4534/4521/2505 4526/4505/2503
f 4528/4524/2506 4536/4525/2506 4535/4526/2506 4527/4527/2506
f 4529/4512/2507 4537/4528/2507 4536/4529/2507 4528/4508/2507
f 4530/4530/2508 4538/4531/2508 4537/4532/2508 4529/4533/2508
f 4531/4515/2509 4539/4534/2509 4494/4461/2509 4489/4455/2509
f 4532/4516/2510 4540/4295/2511 4539/4534/2512 4531/4515/2513
f 4533/4522/2514 4541/4296/2515 4540/4295/2511 4532/4516/2510
f 4534/4521/2505 4542/4297/2516 4541/4296/2515 4533/4522/2514
f 4535/4523/2504 4543/4298/2517 4542/4297/2516 4534/4521/2505
f 4536/4535/2518 4544/4299/2518 4543/4298/2518 4535/4523/2518
f 4537/4532/2519 4545/4536/2519 4544/4299/2519 4536/4535/2519
f 4538/4531/2520 4546/4537/2520 4545/4536/2520 4537/4532/2520
f 4539/4534/2521 4547/4302/2521 4499/4467/2521 4494/4461/2521
f 4540/4295/2511 4548/4538/2522 4547/4302/2522 4539/4534/2512
f 4541/4296/2523 4549/4539/2523 4548/4538/2523 4540/4295/2523
f 4542/4297/2524 4550/4540/2524 4549/4539/2524 4541/4296/2524
f 4543/4298/2517 4551/4306/2525 4550/4540/2526 4542/4297/2516
f 4544/4299/428 4552/4541/2527 4551/4306/2525 4543/4298/2517
f 4545/4536/2528 4553/4542/2528 4552/4541/2528 4544/4299/2528
f 4546/4537/2529 4554/4543/2529 4553/4542/2529 4545/4536/2529
f 4547/4302/2530 4555/4544/2530 4504/4475/2530 4499/4467/2530
f 4548/4538/2531 4556/4545/2531 4555/4544/2531 4547/4302/2531
f 4549/4539/2532 4557/4546/2532 4556/4545/2532 4548/4538/2532
f 4550/4540/2533 4558/4547/2533 4557/4546/2533 4549/4539/2533
f 4551/4306/2534 4559/4314/2534 4558/4547/2534 4550/4540/2534
f 4552/4541/2527 4560/4315/2535 4559/4314/428 4551/4306/2525
f 4553/4542/2536 4561/4548/2537 4560/4315/2535 4552/4541/2527
f 4554/4543/2538 4562/4549/2538 4561/4548/2538 4553/4542/2538
f 4555/4550/2539 4563/4551/2540 4509/4552/2541 4504/4553/2541
f 4556/4554/2542 4564/4555/2542 4563/4551/2540 4555/4550/2539
f 4557/4546/2543 4565/4556/2543 4564/4557/2543 4556/4545/2543
f 4558/4547/2544 4566/4558/2544 4565/4556/2544 4557/4546/2544
f 4559/4314/2545 4567/4322/2545 4566/4558/2545 4558/4547/2545
f 4560/4315/2535 4568/4323/2546 4567/4322/2547 4559/4314/428
f 4561/4548/2537 4569/4324/2548 4568/4323/2546 4560/4315/2535
f 4562/4549/2549 4570/4325/2549 4569/4324/2549 4561/4548/2549
f 4563/4559/2550 4571/4560/2550 4514/4489/2550 4509/4485/2550
f 4564/4555/2551 4572/4561/2551 4571/4562/2551 4563/4551/2551
f 4565/4563/2552 4573/4564/2552 4572/4561/2552 4564/4555/2552
f 4566/4558/2553 4574/4329/2553 4573/4565/2553 4565/4556/2553
f 4567/4322/2547 4575/4330/2554 4574/4329/2555 4566/4558/2556
f 4568/4323/2546 4576/4331/428 4575/4330/2554 4567/4322/2547
f 4569/4324/2548 4577/4332/428 4576/4331/428 4568/4323/2546
f 4570/4325/428 4578/4333/428 4577/4332/428 4569/4324/2548
f 4467/4228/1355 4579/4334/1355 3983/4093/1355 3916/4065/1355
f 4468/3754/1355 4580/4335/1765 4579/4334/1355 4467/4228/1355
f 4469/3755/2438 4581/4566/1760 4580/4335/1765 4468/3754/1355
f 4470/4436/2439 4582/4567/2557 4581/4566/1760 4469/3755/2438
f 4471/4437/2440 4583/4568/2558 4582/4567/2557 4470/4436/2439
f 4472/3758/1355 4584/4569/2559 4583/4568/2558 4471/4437/2440
f 4473/3759/1355 4585/4570/1355 4584/4569/2559 4472/3758/1355
f 4474/4438/2437 4586/4571/1355 4585/4570/1355 4473/3759/1355
f 4579/4334/1355 4587/4342/1355 3991/4101/1355 3983/4093/1355
f 4580/4335/1765 4588/3818/2560 4587/4342/1355 4579/4334/1355
f 4581/4566/1760 4589/4572/2561 4588/3818/2560 4580/4335/1765
f 4582/4567/2557 4590/4573/2562 4589/4572/2561 4581/4566/1760
f 4583/4568/2558 4591/4574/2563 4590/4573/2562 4582/4567/2557
f 4584/4569/2559 4592/4575/2558 4591/4574/2563 4583/4568/2558
f 4585/4570/1355 4593/4576/1355 4592/4575/2558 4584/4569/2559
f 4586/4571/1355 4594/4577/1355 4593/4576/1355 4585/4570/1355
f 4587/4342/1355 4595/3825/1355 4013/4160/1355 3991/4101/1355
f 4595/4237/2140 4596/4236/2140 4014/3313/2140 4013/4161/2140
f 4596/4236/2140 4597/4238/2140 4015/3315/2140 4014/3313/2140
f 4588/3818/2560 4598/3826/1666 4595/3825/1355 4587/4342/1355
f 4598/4578/2140 4599/4579/2140 4596/4236/2140 4595/4237/2140
f 4599/4579/2140 4600/4242/2140 4597/4238/2140 4596/4236/2140
f 4589/4572/2561 4601/4580/2564 4598/3826/1666 4588/3818/2560
f 4601/4581/2565 4602/4582/2565 4599/4579/2565 4598/4578/2565
f 4602/4582/2566 4603/4583/2566 4600/4242/2566 4599/4579/2566
f 4590/4573/2562 4604/4584/2567 4601/4580/2564 4589/4572/2561
f 4604/4585/2568 4605/4586/2568 4602/4582/2568 4601/4581/2568
f 4605/4587/2569 4606/4588/2569 4603/4589/2569 4602/4590/2569
f 4591/4574/2563 4607/4591/2570 4604/4584/2567 4590/4573/2562
f 4607/4591/2571 4608/4592/2571 4605/4593/2571 4604/4584/2571
f 4608/4594/2572 4609/4595/2572 4606/4596/2572 4605/4586/2572
f 4592/4575/2558 4610/4597/2573 4607/4591/2570 4591/4574/2563
f 4610/4598/2574 4611/4599/2574 4608/4594/2574 4607/4600/2574
f 4611/4599/2575 4612/4601/2575 4609/4595/2575 4608/4594/2575
f 4593/4576/1355 4613/4602/1355 4610/4597/2573 4592/4575/2558
f 4613/4262/2576 4614/4261/2577 4611/4599/2578 4610/4598/2169
f 4614/4261/2577 4615/4263/2579 4612/4601/2580 4611/4599/2578
f 4594/4577/1355 4616/4603/1355 4613/4602/1355 4593/4576/1355
f 4616/4268/2140 4617/4267/2140 4614/4261/2577 4613/4262/2576
f 4617/4267/2140 4618/4269/2140 4615/4263/2579 4614/4261/2577
f 4597/4238/2581 4619/4604/2581 4072/4186/2581 4015/3315/2581
f 4619/4604/2582 4620/4605/2582 4073/4187/2582 4072/4186/2582
f 4620/4605/2583 4621/4606/2583 4074/4188/2583 4073/4187/2583
f 4621/4606/2584 4622/4607/2584 4075/4193/2584 4074/4188/2584
f 4622/4607/2585 4623/4608/2585 4076/4194/2585 4075/4193/2585
f 4623/4608/2586 4624/4609/2586 4077/3377/2586 4076/4194/2586
f 4624/4609/2587 4625/4610/2587 4078/3378/2587 4077/3377/2587
f 4625/4610/2588 4626/4611/2588 4079/3379/2588 4078/3378/2588
f 4600/4242/2140 4627/4278/2204 4619/4604/2204 4597/4238/2140
f 4627/4278/2589 4628/4279/2589 4620/4605/2589 4619/4604/2589
f 4628/4279/2590 4629/4612/2590 4621/4606/2590 4620/4605/2590
f 4629/4612/2591 4630/4613/2591 4622/4607/2591 4621/4606/2591
f 4630/4613/2592 4631/4282/2592 4623/4608/2592 4622/4607/2592
f 4631/4282/2593 4632/4614/2593 4624/4609/2593 4623/4608/2593
f 4632/4614/2594 4633/4615/2594 4625/4610/2594 4624/4609/2594
f 4633/4615/2595 4634/4616/2595 4626/4611/2595 4625/4610/2595
f 4603/4583/2596 4635/4617/2596 4627/4278/2596 4600/4242/2596
f 4635/4617/2597 4636/4618/2597 4628/4279/2597 4627/4278/2597
f 4636/4618/2598 4637/4288/2598 4629/4612/2598 4628/4279/2598
f 4637/4288/2204 4638/4289/2204 4630/4613/2204 4629/4612/2204
f 4638/4289/2204 4639/4290/2140 4631/4282/2204 4630/4613/2204
f 4639/4290/2599 4640/4291/2600 4632/4614/2600 4631/4282/2599
f 4640/4291/2600 4641/4292/2601 4633/4615/2601 4632/4614/2600
f 4641/4292/2602 4642/4293/2603 4634/4616/2603 4633/4615/2602
f 4606/4588/2604 4643/4619/2604 4635/4620/2604 4603/4589/2604
f 4643/4619/2605 4644/4621/2605 4636/4622/2605 4635/4620/2605
f 4644/4623/2606 4645/4624/2606 4637/4288/2606 4636/4618/2606
f 4645/4624/2607 4646/4297/2607 4638/4289/2607 4637/4288/2607
f 4646/4297/2219 4647/4298/2140 4639/4290/2140 4638/4289/2204
f 4647/4298/2140 4648/4299/2219 4640/4291/2140 4639/4290/2140
f 4648/4299/2219 4649/4300/2219 4641/4292/2140 4640/4291/2140
f 4649/4300/2219 4650/4301/2204 4642/4293/2204 4641/4292/2140
f 4609/4625/2608 4651/4626/2608 4643/4619/2608 4606/4588/2608
f 4651/4627/2609 4652/4628/2609 4644/4623/2609 4643/4629/2609
f 4652/4628/2610 4653/4630/2610 4645/4624/2610 4644/4623/2610
f 4653/4630/2611 4654/4631/2611 4646/4297/2611 4645/4624/2611
f 4654/4631/2140 4655/4306/2140 4647/4298/2140 4646/4297/2219
f 4655/4306/2140 4656/4307/2219 4648/4299/2219 4647/4298/2140
f 4656/4307/2219 4657/4632/2354 4649/4300/2219 4648/4299/2219
f 4657/4632/2612 4658/4633/2612 4650/4301/2612 4649/4300/2612
f 4612/4601/2613 4659/4310/2613 4651/4627/2613 4609/4595/2613
f 4659/4310/2614 4660/4634/2614 4652/4628/2614 4651/4627/2614
f 4660/4634/2615 4661/4635/2615 4653/4630/2615 4652/4628/2615
f 4661/4635/2616 4662/4636/2616 4654/4631/2616 4653/4630/2616
f 4662/4636/2204 4663/4314/2204 4655/4306/2140 4654/4631/2140
f 4663/4314/2204 4664/4315/2140 4656/4307/2219 4655/4306/2140
f 4664/4315/2617 4665/4637/2617 4657/4632/2617 4656/4307/2617
f 4665/4637/2618 4666/4638/2618 4658/4633/2618 4657/4632/2618
f 4615/4263/2579 4667/4318/2204 4659/4310/2372 4612/4601/2580
f 4667/4318/2619 4668/4319/2619 4660/4634/2619 4659/4310/2619
f 4668/4319/2620 4669/4320/2620 4661/4635/2620 4660/4634/2620
f 4669/4320/2621 4670/4321/2621 4662/4636/2621 4661/4635/2621
f 4670/4321/2140 4671/4322/2140 4663/4314/2204 4662/4636/2204
f 4671/4322/2622 4672/4639/2622 4664/4315/2622 4663/4314/2622
f 4672/4639/2623 4673/4640/2623 4665/4637/2623 4664/4315/2623
f 4673/4640/2624 4674/4325/2624 4666/4638/2624 4665/4637/2624
f 4618/4269/2140 4675/4326/2140 4667/4318/2204 4615/4263/2579
f 4675/4326/2140 4676/4327/2140 4668/4319/2140 4667/4318/2204
f 4676/4327/2140 4677/4328/2140 4669/4320/2140 4668/4319/2140
f 4677/4328/2140 4678/4329/2140 4670/4321/2140 4669/4320/2140
f 4678/4329/2140 4679/4330/2140 4671/4322/2140 4670/4321/2140
f 4679/4330/2625 4680/4641/2625 4672/4639/2625 4671/4322/2625
f 4680/4641/2626 4681/4332/2626 4673/4640/2626 4672/4639/2626
f 4681/4332/2627 4682/4333/2627 4674/4325/2627 4673/4640/2627
f 4510/4264/2437 4683/4355/1355 4586/4571/1355 4474/4438/2437
f 4511/4486/1355 4684/4356/1355 4683/4355/1355 4510/4264/2437
f 4512/4487/1355 4685/4357/1355 4684/4356/1355 4511/4486/1355
f 4513/4488/2480 4686/4358/2628 4685/4359/2629 4512/4268/2480
f 4514/4489/2630 4687/4642/2630 4686/4358/2630 4513/4488/2630
f 4683/4355/1355 4688/4643/1355 4594/4577/1355 4586/4571/1355
f 4684/4356/1355 4689/3846/1355 4688/4643/1355 4683/4355/1355
f 4685/4357/1355 4690/3847/1355 4689/3846/1355 4684/4356/1355
f 4686/4358/2628 4691/4362/428 4690/4363/428 4685/4359/2629
f 4687/4642/428 4692/4644/428 4691/4362/428 4686/4358/2628
f 4688/4643/1355 4693/3848/1355 4616/4603/1355 4594/4577/1355
f 4693/4645/2140 4694/4358/2140 4617/4267/2140 4616/4268/2140
f 4694/4358/2140 4695/4646/2140 4618/4269/2140 4617/4267/2140
f 4689/3846/1355 4696/3849/1355 4693/3848/1355 4688/4643/1355
f 4696/4647/2140 4697/4362/2140 4694/4358/2140 4693/4645/2140
f 4697/4362/2140 4698/4644/2140 4695/4646/2140 4694/4358/2140
f 4690/3847/1355 4699/3850/1355 4696/3849/1355 4689/3846/1355
f 4699/4371/2140 4700/4370/2140 4697/4362/2140 4696/4647/2140
f 4691/4362/428 4700/4370/428 4699/4371/428 4690/4363/428
f 4700/4370/2140 4701/4648/2140 4698/4644/2140 4697/4362/2140
f 4692/4644/428 4701/4648/428 4700/4370/428 4691/4362/428
f 4571/4560/2631 4702/4649/2631 4687/4642/2631 4514/4489/2631
f 4572/4650/2632 4703/4651/2632 4702/4649/2632 4571/4560/2632
f 4573/4565/2633 4704/4652/2634 4703/4651/2635 4572/4650/2636
f 4574/4329/2555 4705/4653/2038 4704/4652/2634 4573/4565/2633
f 4575/4330/2554 4706/4654/428 4705/4653/2038 4574/4329/2555
f 4576/4331/428 4707/4655/428 4706/4654/428 4575/4330/2554
f 4577/4332/428 4708/4656/1988 4707/4655/428 4576/4331/428
f 4578/4333/428 4709/4392/2637 4708/4656/1988 4577/4332/428
f 4702/4649/428 4710/4657/428 4692/4644/428 4687/4642/428
f 4703/4651/2635 4711/4658/428 4710/4657/428 4702/4649/428
f 4704/4652/2634 4712/4659/428 4711/4658/428 4703/4651/2635
f 4705/4653/2038 4713/4660/428 4712/4659/428 4704/4652/2634
f 4706/4654/428 4714/4661/428 4713/4660/428 4705/4653/2038
f 4707/4655/428 4715/4662/428 4714/4661/428 4706/4654/428
f 4708/4656/1988 4716/4663/2637 4715/4662/428 4707/4655/428
f 4709/4392/2637 4717/4664/2638 4716/4663/2637 4708/4656/1988
f 4695/4646/2140 4718/4665/2140 4675/4326/2140 4618/4269/2140
f 4718/4665/2140 4719/4666/2140 4676/4327/2140 4675/4326/2140
f 4719/4666/2140 4720/4652/2140 4677/4328/2140 4676/4327/2140
f 4720/4652/2140 4721/4653/2140 4678/4329/2140 4677/4328/2140
f 4721/4653/2140 4722/4667/2140 4679/4330/2140 4678/4329/2140
f 4722/4667/2639 4723/4655/2639 4680/4641/2639 4679/4330/2639
f 4723/4655/2640 4724/4656/2640 4681/4332/2640 4680/4641/2640
f 4724/4656/2140 4725/4392/2140 4682/4333/2140 4681/4332/2140
f 4698/4644/2140 4726/4668/2140 4718/4665/2140 4695/4646/2140
f 4726/4668/2140 4727/4658/2140 4719/4666/2140 4718/4665/2140
f 4727/4658/2140 4728/4669/2140 4720/4652/2140 4719/4666/2140
f 4728/4669/2140 4729/4670/2140 4721/4653/2140 4720/4652/2140
f 4729/4670/2140 4730/4661/2140 4722/4667/2140 4721/4653/2140
f 4730/4661/2641 4731/4662/2642 4723/4655/2642 4722/4667/2641
f 4731/4662/2642 4732/4663/2643 4724/4656/2643 4723/4655/2642
f 4732/4663/2644 4733/4671/2644 4725/4392/2644 4724/4656/2644
f 4701/4648/2140 4734/4672/2140 4726/4668/2140 4698/4644/2140
f 4710/4657/428 4734/4672/428 4701/4648/428 4692/4644/428
f 4734/4672/2140 4735/4673/2140 4727/4658/2140 4726/4668/2140
f 4711/4658/428 4735/4673/428 4734/4672/428 4710/4657/428
f 4735/4673/2140 4736/4674/2140 4728/4669/2140 4727/4658/2140
f 4712/4659/428 4736/4674/428 4735/4673/428 4711/4658/428
f 4736/4674/2140 4737/4675/2140 4729/4670/2140 4728/4669/2140
f 4713/4660/428 4737/4675/428 4736/4674/428 4712/4659/428
f 4737/4675/2140 4738/4676/2140 4730/4661/2140 4729/4670/2140
f 4714/4661/428 4738/4676/428 4737/4675/428 4713/4660/428
f 4738/4676/2140 4739/4677/2140 4731/4662/2140 4730/4661/2140
f 4715/4662/428 4739/4677/428 4738/4676/428 4714/4661/428
f 4739/4677/2140 4740/4678/2140 4732/4663/2140 4731/4662/2140
f 4716/4663/2637 4740/4678/428 4739/4677/428 4715/4662/428
f 4740/4678/2645 4741/4679/2645 4733/4671/2645 4732/4663/2645
f 4717/4664/2646 4741/4680/2646 4740/4678/2646 4716/4663/2646
f 4742/4681/1547 3637/3916/1547 3086/3379/1547 4191/4277/1547
f 4743/4682/1547 3638/3917/1547 3637/3916/1547 4742/4681/1547
f 4744/4683/1547 3639/3918/1547 3638/3917/1547 4743/4682/1547
f 4745/4684/1547 3640/3919/1547 3639/3918/1547 4744/4683/1547
f 4746/4685/1547 3641/3920/1547 3640/3919/1547 4745/4684/1547
f 4747/4686/1547 3642/3921/1547 3641/3920/1547 4746/4685/1547
f 4748/4687/1547 3643/3922/1547 3642/3921/1547 4747/4686/1547
f 4749/4688/1547 3644/3923/1547 3643/3922/1547 4748/4687/1547
f 4750/4689/1547 4742/4681/1547 4191/4277/1547 4199/4285/1547
f 4751/4690/1547 4743/4682/1547 4742/4681/1547 4750/4689/1547
f 4752/4691/1547 4744/4683/1547 4743/4682/1547 4751/4690/1547
f 4753/4692/1547 4745/4684/1547 4744/4683/1547 4752/4691/1547
f 4754/4693/1547 4746/4685/1547 4745/4684/1547 4753/4692/1547
f 4755/4694/1547 4747/4686/1547 4746/4685/1547 4754/4693/1547
f 4756/4695/1547 4748/4687/1547 4747/4686/1547 4755/4694/1547
f 4757/4696/1547 4749/4688/1547 4748/4687/1547 4756/4695/1547
f 4758/4697/1547 4750/4689/1547 4199/4285/1547 4207/4293/1547
f 4759/4698/1547 4751/4690/1547 4750/4689/1547 4758/4697/1547
f 4760/4699/1547 4752/4691/1547 4751/4690/1547 4759/4698/1547
f 4761/4700/1547 4753/4692/1547 4752/4691/1547 4760/4699/1547
f 4762/4701/1547 4754/4693/1547 4753/4692/1547 4761/4700/1547
f 4763/4702/1547 4755/4694/1547 4754/4693/1547 4762/4701/1547
f 4764/4703/1547 4756/4695/1547 4755/4694/1547 4763/4702/1547
f 4765/4704/2647 4757/4696/1547 4756/4695/1547 4764/4703/1547
f 4766/4705/1547 4758/4697/1547 4207/4293/1547 4215/4301/1547
f 4767/4706/1547 4759/4698/1547 4758/4697/1547 4766/4705/1547
f 4768/4707/1547 4760/4699/1547 4759/4698/1547 4767/4706/1547
f 4769/4708/1547 4761/4700/1547 4760/4699/1547 4768/4707/1547
f 4770/4709/1547 4762/4701/1547 4761/4700/1547 4769/4708/1547
f 4771/4710/1547 4763/4702/1547 4762/4701/1547 4770/4709/1547
f 4772/4711/2648 4764/4703/1547 4763/4702/1547 4771/4710/1547
f 4773/4712/2649 4765/4704/2647 4764/4703/1547 4772/4711/2648
f 4774/4713/1547 4766/4705/1547 4215/4301/1547 4223/4309/1547
f 4775/4714/1547 4767/4706/1547 4766/4705/1547 4774/4713/1547
f 4776/4715/1547 4768/4707/1547 4767/4706/1547 4775/4714/1547
f 4777/4716/1547 4769/4708/1547 4768/4707/1547 4776/4715/1547
f 4778/4717/1547 4770/4709/1547 4769/4708/1547 4777/4716/1547
f 4779/4718/1547 4771/4710/1547 4770/4709/1547 4778/4717/1547
f 4780/4719/2650 4772/4711/2648 4771/4710/1547 4779/4718/1547
f 4781/4720/2651 4773/4712/2649 4772/4711/2648 4780/4719/2650
f 4782/4721/1547 4774/4713/1547 4223/4309/1547 4231/4317/1547
f 4783/4722/1547 4775/4714/1547 4774/4713/1547 4782/4721/1547
f 4784/4723/1547 4776/4715/1547 4775/4714/1547 4783/4722/1547
f 4785/4724/1547 4777/4716/1547 4776/4715/1547 4784/4723/1547
f 4786/4725/1547 4778/4717/1547 4777/4716/1547 4785/4724/1547
f 4787/4726/1547 4779/4718/1547 4778/4717/1547 4786/4725/1547
f 4788/4727/2652 4780/4719/2650 4779/4718/1547 4787/4726/1547
f 4789/4728/2653 4781/4720/2651 4780/4719/2650 4788/4727/2652
f 4790/4729/2654 4782/4721/2654 4231/4317/2654 4239/4325/2654
f 4791/4730/1547 4783/4722/1547 4782/4721/1547 4790/4729/1547
f 4792/4731/1547 4784/4723/1547 4783/4722/1547 4791/4730/1547
f 4793/4732/1547 4785/4724/1547 4784/4723/1547 4792/4731/1547
f 4794/4733/1547 4786/4725/1547 4785/4724/1547 4793/4732/1547
f 4795/4734/1547 4787/4726/1547 4786/4725/1547 4794/4733/1547
f 4796/4735/1547 4788/4727/2652 4787/4726/1547 4795/4734/1547
f 4797/4736/2655 4789/4728/2653 4788/4727/2652 4796/4735/1547
f 4798/4737/2656 4790/4729/2656 4239/4325/2656 4247/4333/2656
f 4799/4738/1547 4791/4730/1547 4790/4729/1547 4798/4737/1547
f 4800/4739/1547 4792/4731/1547 4791/4730/1547 4799/4738/1547
f 4801/4740/1547 4793/4732/1547 4792/4731/1547 4800/4739/1547
f 4802/4741/1547 4794/4733/1547 4793/4732/1547 4801/4740/1547
f 4803/4742/1547 4795/4734/1547 4794/4733/1547 4802/4741/1547
f 4804/4743/1547 4796/4735/1547 4795/4734/1547 4803/4742/1547
f 4805/4744/2657 4797/4736/2655 4796/4735/1547 4804/4743/1547
f 3701/3916/2050 4806/4681/2658 4522/4501/2490 3417/3379/1892
f 3702/3917/428 4807/4682/2659 4806/4681/2658 3701/3916/2050
f 3703/3918/428 4808/4683/428 4807/4682/2659 3702/3917/428
f 3704/3919/428 4809/4684/428 4808/4683/428 3703/3918/428
f 3705/3920/430 4810/4745/428 4809/4684/428 3704/3919/428
f 3706/3974/2660 4811/4746/2660 4810/4745/2660 3705/3920/2660
f 3707/3975/2661 4812/4747/2661 4811/4746/2661 3706/3974/2661
f 3708/3976/2662 4813/4748/2662 4812/4747/2662 3707/3975/2662
f 4806/4681/2663 4814/4749/2663 4530/4530/2663 4522/4501/2663
f 4807/4682/2659 4815/4690/2664 4814/4749/2665 4806/4681/2658
f 4808/4683/428 4816/4691/2666 4815/4690/2664 4807/4682/2659
f 4809/4684/428 4817/4692/2667 4816/4691/2666 4808/4683/428
f 4810/4745/428 4818/4693/428 4817/4692/2667 4809/4684/428
f 4811/4746/2668 4819/4750/2668 4818/4693/2669 4810/4745/2669
f 4812/4747/2670 4820/4751/2670 4819/4750/2668 4811/4746/2668
f 4813/4748/2671 4821/4752/2671 4820/4751/2671 4812/4747/2671
f 4814/4749/2672 4822/4753/2672 4538/4531/2672 4530/4530/2672
f 4815/4690/2664 4823/4754/2673 4822/4753/2674 4814/4749/2665
f 4816/4691/2666 4824/4755/2675 4823/4754/2673 4815/4690/2664
f 4817/4692/2667 4825/4700/2676 4824/4755/2675 4816/4691/2666
f 4818/4693/428 4826/4756/2677 4825/4700/2676 4817/4692/2667
f 4819/4750/2678 4827/4757/2678 4826/4756/2678 4818/4693/2678
f 4820/4751/2679 4828/4758/2679 4827/4757/2679 4819/4750/2679
f 4821/4752/2680 4829/4759/2680 4828/4758/2680 4820/4751/2680
f 4822/4753/2681 4830/4760/2681 4546/4537/2681 4538/4531/2681
f 4823/4761/2682 4831/4762/2682 4830/4763/2682 4822/4764/2682
f 4824/4765/2683 4832/4766/2683 4831/4762/2683 4823/4761/2683
f 4825/4700/2684 4833/4767/2684 4832/4768/2684 4824/4755/2684
f 4826/4756/2677 4834/4769/2685 4833/4767/2685 4825/4700/2676
f 4827/4757/2686 4835/4770/2686 4834/4769/2686 4826/4756/2686
f 4828/4758/2687 4836/4771/2687 4835/4770/2687 4827/4757/2687
f 4829/4759/2688 4837/4772/2688 4836/4771/2688 4828/4758/2688
f 4830/4760/2689 4838/4773/2689 4554/4543/2689 4546/4537/2689
f 4831/4774/2690 4839/4775/2690 4838/4773/2690 4830/4760/2690
f 4832/4768/2691 4840/4776/2691 4839/4775/2691 4831/4774/2691
f 4833/4767/2692 4841/4716/2692 4840/4776/2692 4832/4768/2692
f 4834/4769/2685 4842/4777/2693 4841/4716/2693 4833/4767/2685
f 4835/4778/2694 4843/4779/2694 4842/4780/2694 4834/4781/2694
f 4836/4771/2695 4844/4782/2695 4843/4783/2695 4835/4770/2695
f 4837/4772/2696 4845/4784/2696 4844/4782/2696 4836/4771/2696
f 4838/4785/2697 4846/4786/2697 4562/4787/2697 4554/4788/2697
f 4839/4789/2698 4847/4790/2698 4846/4786/2698 4838/4785/2698
f 4840/4776/2699 4848/4723/2699 4847/4791/2699 4839/4775/2699
f 4841/4716/2700 4849/4724/2700 4848/4723/2700 4840/4776/2700
f 4842/4777/2701 4850/4725/2702 4849/4724/2703 4841/4716/2701
f 4843/4783/2704 4851/4792/2704 4850/4725/2704 4842/4777/2704
f 4844/4782/2705 4852/4727/2705 4851/4792/2705 4843/4783/2705
f 4845/4784/2706 4853/4793/2707 4852/4727/2708 4844/4782/2706
f 4846/4794/2709 4854/4729/2709 4570/4325/2709 4562/4549/2709
f 4847/4791/2710 4855/4730/2711 4854/4729/2712 4846/4794/2713
f 4848/4723/428 4856/4731/428 4855/4730/2711 4847/4791/2710
f 4849/4724/2703 4857/4732/435 4856/4731/428 4848/4723/428
f 4850/4725/2702 4858/4733/2714 4857/4732/435 4849/4724/2703
f 4851/4792/2715 4859/4734/2716 4858/4733/2714 4850/4725/2702
f 4852/4727/2708 4860/4735/2717 4859/4734/2716 4851/4792/2715
f 4853/4793/2707 4861/4795/2718 4860/4735/2717 4852/4727/2708
f 4854/4729/2712 4862/4737/428 4578/4333/428 4570/4325/428
f 4855/4730/2711 4863/4738/428 4862/4737/428 4854/4729/2712
f 4856/4731/428 4864/4739/428 4863/4738/428 4855/4730/2711
f 4857/4732/435 4865/4740/428 4864/4739/428 4856/4731/428
f 4858/4733/2714 4866/4741/428 4865/4740/428 4857/4732/435
f 4859/4734/2716 4867/4742/428 4866/4741/428 4858/4733/2714
f 4860/4735/2717 4868/4743/428 4867/4742/428 4859/4734/2716
f 4861/4795/2718 4869/4744/428 4868/4743/428 4860/4735/2717
f 4870/4796/1547 3744/4011/1547 3644/3923/1547 4749/4688/1547
f 4871/4797/1547 3745/4012/1547 3744/4011/1547 4870/4796/1547
f 3746/4011/2081 4872/4798/2719 4813/4748/2720 3708/3976/2720
f 3747/4012/430 4873/4799/2721 4872/4798/2719 3746/4011/2081
f 3748/4013/428 4874/4800/428 4873/4799/2721 3747/4012/430
f 4874/4800/1547 3748/4013/1547 3745/4012/1547 4871/4797/1547
f 4875/4801/1547 4870/4796/1547 4749/4688/1547 4757/4696/1547
f 4876/4802/1547 4871/4797/1547 4870/4796/1547 4875/4801/1547
f 4872/4798/2722 4877/4803/2722 4821/4752/2722 4813/4748/2722
f 4873/4799/2721 4878/4804/2723 4877/4803/2724 4872/4798/2719
f 4874/4800/428 4879/4805/428 4878/4804/2723 4873/4799/2721
f 4879/4805/1547 4874/4800/1547 4871/4797/1547 4876/4802/1547
f 4880/4806/2725 4875/4801/1547 4757/4696/1547 4765/4704/2647
f 4881/4807/2726 4876/4802/1547 4875/4801/1547 4880/4806/2725
f 4877/4803/2727 4882/4808/2727 4829/4759/2727 4821/4752/2727
f 4878/4804/2723 4883/4809/2728 4882/4808/2729 4877/4803/2724
f 4879/4805/428 4884/4810/2730 4883/4809/2728 4878/4804/2723
f 4884/4810/1547 4879/4805/1547 4876/4802/1547 4881/4807/2726
f 4885/4811/2731 4880/4806/2725 4765/4704/2647 4773/4712/2649
f 4886/4812/2732 4881/4807/2726 4880/4806/2725 4885/4811/2733
f 4882/4808/2734 4887/4811/2734 4837/4772/2734 4829/4759/2734
f 4883/4809/2728 4888/4812/2735 4887/4811/2736 4882/4808/2729
f 4884/4810/2730 4889/4813/2737 4888/4812/2735 4883/4809/2728
f 4889/4814/2738 4884/4810/1547 4881/4807/2726 4886/4812/2732
f 4890/4815/2739 4885/4811/2739 4773/4712/2739 4781/4720/2739
f 4891/4816/2740 4886/4812/2740 4885/4811/2740 4890/4815/2740
f 4887/4811/2741 4892/4817/2741 4845/4784/2741 4837/4772/2741
f 4888/4812/2742 4893/4818/2742 4892/4817/2742 4887/4811/2742
f 4889/4813/2743 4894/4819/2743 4893/4818/2743 4888/4812/2743
f 4894/4820/2744 4889/4814/2738 4886/4812/2732 4891/4816/2744
f 4895/4821/2745 4890/4815/2745 4781/4720/2745 4789/4728/2745
f 4896/4822/2746 4891/4816/2746 4890/4815/2746 4895/4821/2746
f 4892/4817/2747 4897/4823/2748 4853/4793/2749 4845/4784/2747
f 4893/4818/2750 4898/4824/2750 4897/4823/2750 4892/4817/2750
f 4894/4819/2751 4899/4825/2751 4898/4824/2751 4893/4818/2751
f 4899/4826/2752 4894/4820/2744 4891/4816/2744 4896/4822/2753
f 4900/4827/2648 4895/4821/1547 4789/4728/2653 4797/4736/2655
f 4901/4828/2754 4896/4822/2753 4895/4821/2755 4900/4827/2755
f 4897/4823/2748 4902/4829/2756 4861/4795/2757 4853/4793/2749
f 4898/4824/2758 4903/4830/2758 4902/4829/2758 4897/4823/2758
f 4899/4825/2759 4904/4831/2759 4903/4830/2759 4898/4824/2759
f 4904/4832/2760 4899/4826/2752 4896/4822/2753 4901/4828/2754
f 4905/4833/2761 4900/4827/2648 4797/4736/2655 4805/4744/2657
f 4906/4834/2762 4901/4828/2762 4900/4827/2762 4905/4833/2762
f 4902/4829/2756 4907/4835/2763 4869/4744/2764 4861/4795/2757
f 4903/4830/2765 4908/4836/2765 4907/4835/2765 4902/4829/2765
f 4904/4832/2766 4909/4837/2766 4908/4838/2766 4903/4839/2766
f 4909/4837/2767 4904/4832/2767 4901/4828/2767 4906/4834/2767
f 4626/4611/2768 4910/4840/2768 4363/3916/2768 4079/3379/2768
f 4910/4840/2140 4911/4682/2140 4364/3917/2140 4363/3916/2140
f 4911/4682/2140 4912/4683/2140 4365/3918/2140 4364/3917/2140
f 4912/4683/2140 4913/4684/2140 4366/3919/2140 4365/3918/2140
f 4913/4684/2769 4914/4685/2769 4367/4384/2769 4366/3919/2769
f 4914/4685/2770 4915/4841/2770 4368/3921/2770 4367/4384/2770
f 4915/4841/2771 4916/4687/2771 4369/3922/2771 4368/3921/2771
f 4916/4687/2140 4917/4688/2140 4370/3923/2140 4369/3922/2140
f 4634/4616/2772 4918/4689/2772 4910/4840/2772 4626/4611/2772
f 4918/4689/2140 4919/4690/2140 4911/4682/2140 4910/4840/2140
f 4919/4690/2140 4920/4691/2140 4912/4683/2140 4911/4682/2140
f 4920/4691/2140 4921/4692/2140 4913/4684/2140 4912/4683/2140
f 4921/4692/2140 4922/4693/2140 4914/4685/2140 4913/4684/2140
f 4922/4693/2773 4923/4694/2773 4915/4841/2773 4914/4685/2773
f 4923/4694/2774 4924/4842/2774 4916/4687/2774 4915/4841/2774
f 4924/4842/2775 4925/4696/2775 4917/4688/2775 4916/4687/2775
f 4642/4293/2603 4926/4697/2776 4918/4689/2776 4634/4616/2603
f 4926/4697/2777 4927/4843/2777 4919/4690/2777 4918/4689/2777
f 4927/4843/2778 4928/4844/2778 4920/4691/2778 4919/4690/2778
f 4928/4844/2779 4929/4845/2779 4921/4692/2779 4920/4691/2779
f 4929/4845/2780 4930/4701/2780 4922/4693/2780 4921/4692/2780
f 4930/4701/2140 4931/4702/2140 4923/4694/2140 4922/4693/2140
f 4931/4702/2781 4932/4703/2781 4924/4842/2781 4923/4694/2781
f 4932/4703/2782 4933/4704/2782 4925/4696/2782 4924/4842/2782
f 4650/4301/2204 4934/4705/2204 4926/4697/2204 4642/4293/2204
f 4934/4705/2783 4935/4846/2783 4927/4843/2783 4926/4697/2783
f 4935/4846/2784 4936/4847/2784 4928/4844/2784 4927/4843/2784
f 4936/4847/2785 4937/4848/2785 4929/4845/2785 4928/4844/2785
f 4937/4848/2786 4938/4849/2786 4930/4701/2786 4929/4845/2786
f 4938/4849/2787 4939/4710/2787 4931/4702/2787 4930/4701/2787
f 4939/4710/2140 4940/4711/2140 4932/4703/2140 4931/4702/2140
f 4940/4711/2788 4941/4850/2788 4933/4704/2788 4932/4703/2788
f 4658/4633/2789 4942/4851/2789 4934/4705/2789 4650/4301/2789
f 4942/4851/2790 4943/4714/2790 4935/4846/2790 4934/4705/2790
f 4943/4714/2791 4944/4715/2791 4936/4847/2791 4935/4846/2791
f 4944/4715/2792 4945/4852/2792 4937/4848/2792 4936/4847/2792
f 4945/4852/2793 4946/4853/2793 4938/4849/2793 4937/4848/2793
f 4946/4853/2794 4947/4718/2794 4939/4710/2794 4938/4849/2794
f 4947/4718/2140 4948/4719/2140 4940/4711/2140 4939/4710/2140
f 4948/4719/2795 4949/4720/2795 4941/4850/2795 4940/4711/2795
f 4666/4638/2796 4950/4721/2796 4942/4851/2796 4658/4633/2796
f 4950/4721/2204 4951/4722/2204 4943/4714/2204 4942/4851/2178
f 4951/4722/2204 4952/4723/2140 4944/4715/2140 4943/4714/2204
f 4952/4723/2797 4953/4854/2797 4945/4852/2797 4944/4715/2797
f 4953/4854/2798 4954/4855/2798 4946/4853/2798 4945/4852/2798
f 4954/4855/2799 4955/4726/2799 4947/4718/2799 4946/4853/2799
f 4955/4726/2373 4956/4727/2140 4948/4719/2140 4947/4718/2140
f 4956/4727/2140 4957/4728/2140 4949/4720/2140 4948/4719/2140
f 4674/4325/2800 4958/4729/2800 4950/4721/2800 4666/4638/2800
f 4958/4729/2140 4959/4730/2140 4951/4722/2204 4950/4721/2204
f 4959/4730/2140 4960/4731/2140 4952/4723/2140 4951/4722/2204
f 4960/4731/2140 4961/4732/2178 4953/4854/2576 4952/4723/2140
f 4961/4732/2178 4962/4733/2577 4954/4855/2801 4953/4854/2576
f 4962/4733/2577 4963/4734/2178 4955/4726/2373 4954/4855/2801
f 4963/4734/2178 4964/4735/2140 4956/4727/2140 4955/4726/2373
f 4964/4735/2140 4965/4736/2140 4957/4728/2140 4956/4727/2140
f 4682/4333/2140 4966/4737/2140 4958/4729/2140 4674/4325/2140
f 4966/4737/2140 4967/4738/2140 4959/4730/2140 4958/4729/2140
f 4967/4738/2140 4968/4739/2140 4960/4731/2140 4959/4730/2140
f 4968/4739/2140 4969/4740/2140 4961/4732/2178 4960/4731/2140
f 4969/4740/2140 4970/4741/2140 4962/4733/2577 4961/4732/2178
f 4970/4741/2140 4971/4742/2140 4963/4734/2178 4962/4733/2577
f 4971/4742/2140 4972/4743/2140 4964/4735/2140 4963/4734/2178
f 4972/4743/2140 4973/4744/2140 4965/4736/2140 4964/4735/2140
f 4974/4856/1547 4798/4737/1547 4247/4333/1547 4378/4392/1547
f 4975/4857/1547 4799/4738/1547 4798/4737/1547 4974/4856/1547
f 4976/4858/1547 4800/4739/1547 4799/4738/1547 4975/4857/1547
f 4977/4859/1547 4801/4740/1547 4800/4739/1547 4976/4858/1547
f 4978/4860/1547 4802/4741/1547 4801/4740/1547 4977/4859/1547
f 4979/4861/2802 4803/4742/2802 4802/4741/2802 4978/4860/2802
f 4980/4862/2803 4804/4743/2803 4803/4742/2803 4979/4861/2803
f 4981/4863/2804 4805/4744/2804 4804/4743/2804 4980/4862/2804
f 4982/4864/2805 4974/4856/2805 4378/4392/2805 4386/4400/2805
f 4983/4865/2806 4975/4857/2806 4974/4856/2806 4982/4864/2806
f 4984/4866/2807 4976/4858/2807 4975/4857/2807 4983/4865/2807
f 4985/4867/2808 4977/4859/2808 4976/4858/2808 4984/4866/2808
f 4986/4868/2809 4978/4860/2809 4977/4859/2809 4985/4867/2809
f 4987/4869/2810 4979/4861/2810 4978/4860/2810 4986/4868/2810
f 4988/4870/2811 4980/4862/2811 4979/4861/2811 4987/4869/2811
f 4989/4871/2812 4981/4863/2812 4980/4862/2812 4988/4870/2812
f 4917/4688/2140 4990/4796/2813 4408/4011/2431 4370/3923/2140
f 4990/4796/2813 4991/4872/2814 4409/4423/2432 4408/4011/2431
f 4991/4872/2815 4992/4873/2815 4410/4424/2815 4409/4423/2815
f 4992/4874/2816 4982/4864/2816 4386/4400/2816 4410/4425/2816
f 4925/4696/2140 4993/4801/2817 4990/4796/2813 4917/4688/2140
f 4993/4801/2817 4994/4875/2818 4991/4872/2814 4990/4796/2813
f 4994/4875/2819 4995/4876/2819 4992/4873/2819 4991/4872/2819
f 4995/4877/2820 4983/4865/2820 4982/4864/2820 4992/4874/2820
f 4933/4704/2140 4996/4806/2817 4993/4801/2817 4925/4696/2140
f 4996/4806/2817 4997/4878/2167 4994/4875/2818 4993/4801/2817
f 4997/4878/2821 4998/4879/2821 4995/4876/2821 4994/4875/2821
f 4998/4880/2822 4984/4866/2822 4983/4865/2822 4995/4877/2822
f 4941/4850/2823 4999/4811/2823 4996/4806/2823 4933/4704/2823
f 4999/4811/2817 5000/4881/2817 4997/4878/2167 4996/4806/2817
f 5000/4881/2824 5001/4882/2824 4998/4879/2824 4997/4878/2824
f 5001/4883/2825 4985/4867/2825 4984/4866/2825 4998/4880/2825
f 4949/4720/2826 5002/4884/2826 4999/4811/2826 4941/4850/2826
f 5002/4884/2827 5003/4885/2827 5000/4881/2827 4999/4811/2827
f 5003/4885/2828 5004/4886/2828 5001/4882/2828 5000/4881/2828
f 5004/4887/2829 4986/4868/2829 4985/4867/2829 5001/4883/2829
f 4957/4728/2830 5005/4888/2830 5002/4884/2830 4949/4720/2830
f 5005/4888/2831 5006/4889/2831 5003/4885/2831 5002/4884/2831
f 5006/4889/2832 5007/4890/2832 5004/4886/2832 5003/4885/2832
f 5007/4891/2833 4987/4869/2833 4986/4868/2833 5004/4887/2833
f 4965/4736/2834 5008/4892/2834 5005/4888/2834 4957/4728/2834
f 5008/4892/2835 5009/4893/2835 5006/4889/2835 5005/4888/2835
f 5009/4894/2836 5010/4895/2836 5007/4896/2836 5006/4897/2836
f 5010/4898/2837 4988/4870/2837 4987/4869/2837 5007/4891/2837
f 4973/4744/2838 5011/4899/2838 5008/4892/2838 4965/4736/2838
f 5011/4899/2839 5012/4900/2839 5009/4893/2839 5008/4892/2839
f 5012/4900/2840 5013/4901/2840 5010/4902/2840 5009/4893/2840
f 5013/4903/2841 4989/4871/2841 4988/4870/2841 5010/4898/2841
f 4862/4737/428 5014/4856/428 4709/4392/2637 4578/4333/428
f 4863/4738/428 5015/4857/2842 5014/4856/428 4862/4737/428
f 4864/4739/428 5016/4858/2843 5015/4857/2842 4863/4738/428
f 4865/4740/428 5017/4859/2844 5016/4858/2843 4864/4739/428
f 4866/4741/428 5018/4860/428 5017/4859/2844 4865/4740/428
f 4867/4742/428 5019/4904/428 5018/4860/428 4866/4741/428
f 4868/4743/428 5020/4862/428 5019/4904/428 4867/4742/428
f 4869/4744/428 5021/4863/2546 5020/4862/428 4868/4743/428
f 5014/4856/2845 5022/4905/2846 4717/4664/2847 4709/4392/2845
f 5015/4857/2848 5023/4906/2849 5022/4905/2850 5014/4856/2848
f 5016/4858/2843 5024/4907/2851 5023/4906/2852 5015/4857/2842
f 5017/4859/2844 5025/4908/2853 5024/4907/2851 5016/4858/2843
f 5018/4860/428 5026/4909/428 5025/4908/2853 5017/4859/2844
f 5019/4904/428 5027/4910/428 5026/4909/428 5018/4860/428
f 5020/4862/428 5028/4911/428 5027/4910/428 5019/4904/428
f 5021/4863/2546 5029/4912/2854 5028/4911/428 5020/4862/428
f 4725/4392/2140 5030/4913/2140 4966/4737/2140 4682/4333/2140
f 5030/4913/2140 5031/4914/2140 4967/4738/2140 4966/4737/2140
f 5031/4914/2140 5032/4858/2140 4968/4739/2140 4967/4738/2140
f 5032/4858/2140 5033/4915/2140 4969/4740/2140 4968/4739/2140
f 5033/4915/2140 5034/4916/2140 4970/4741/2140 4969/4740/2140
f 5034/4916/2140 5035/4904/2140 4971/4742/2140 4970/4741/2140
f 5035/4904/2140 5036/4917/2140 4972/4743/2140 4971/4742/2140
f 5036/4917/2140 5037/4863/2140 4973/4744/2140 4972/4743/2140
f 4733/4671/2855 5038/4918/2855 5030/4913/2855 4725/4392/2855
f 5038/4918/2856 5039/4919/2856 5031/4914/2856 5030/4913/2856
f 5039/4919/2857 5040/4920/2857 5032/4858/2857 5031/4914/2857
f 5040/4920/2858 5041/4921/2858 5033/4915/2858 5032/4858/2858
f 5041/4921/2140 5042/4922/2140 5034/4916/2140 5033/4915/2140
f 5042/4922/2140 5043/4910/2140 5035/4904/2140 5034/4916/2140
f 5043/4910/2140 5044/4911/2140 5036/4917/2140 5035/4904/2140
f 5044/4911/2140 5045/4923/2140 5037/4863/2140 5036/4917/2140
f 4741/4679/2859 5046/4924/2859 5038/4918/2859 4733/4671/2859
f 5022/4905/2846 5046/4925/2860 4741/4680/2860 4717/4664/2847
f 5046/4924/2861 5047/4926/2861 5039/4919/2861 5038/4918/2861
f 5023/4906/2849 5047/4927/2862 5046/4925/2862 5022/4905/2850
f 5047/4926/2863 5048/4928/2863 5040/4920/2863 5039/4919/2863
f 5024/4907/2864 5048/4929/2864 5047/4927/2864 5023/4906/2864
f 5048/4928/2865 5049/4930/2865 5041/4921/2865 5040/4920/2865
f 5025/4908/2853 5049/4931/2866 5048/4929/2867 5024/4907/2851
f 5049/4930/2140 5050/4932/2140 5042/4922/2140 5041/4921/2140
f 5026/4909/428 5050/4932/428 5049/4931/2866 5025/4908/2853
f 5050/4932/2140 5051/4933/2140 5043/4910/2140 5042/4922/2140
f 5027/4910/428 5051/4933/428 5050/4932/428 5026/4909/428
f 5051/4933/2140 5052/4934/2140 5044/4911/2140 5043/4910/2140
f 5028/4911/428 5052/4934/428 5051/4933/428 5027/4910/428
f 5052/4934/2140 5053/4935/2140 5045/4923/2140 5044/4911/2140
f 5029/4912/2854 5053/4935/2868 5052/4934/428 5028/4911/428
f 5054/4936/2869 4905/4833/2869 4805/4744/2869 4981/4863/2869
f 5055/4937/2870 4906/4834/2870 4905/4833/2870 5054/4936/2870
f 4907/4835/2763 5056/4938/2871 5021/4863/2871 4869/4744/2764
f 4908/4838/2872 5057/4939/2872 5056/4940/2872 4907/4941/2872
f 4909/4837/2873 5058/4942/2873 5057/4939/2873 4908/4838/2873
f 5058/4942/2874 4909/4837/2874 4906/4834/2874 5055/4937/2874
f 5059/4943/2875 5054/4936/2875 4981/4863/2875 4989/4871/2875
f 5060/4944/2876 5055/4945/2876 5054/4946/2876 5059/4947/2876
f 5056/4938/2877 5061/4948/2878 5029/4912/2854 5021/4863/2546
f 5057/4949/2879 5062/4950/2879 5061/4948/2879 5056/4938/2879
f 5058/4951/2880 5063/4952/2880 5062/4953/2880 5057/4954/2880
f 5063/4955/2881 5058/4942/2881 5055/4937/2881 5060/4956/2881
f 5037/4863/2882 5064/4957/2882 5011/4899/2882 4973/4744/2882
f 5064/4957/2883 5065/4958/2883 5012/4900/2883 5011/4899/2883
f 5065/4958/2884 5066/4959/2884 5013/4901/2885 5012/4900/2885
f 5066/4960/2886 5059/4943/2886 4989/4871/2886 5013/4903/2886
f 5045/4923/2140 5067/4961/2140 5064/4957/2140 5037/4863/2140
f 5067/4961/2140 5068/4962/2204 5065/4958/2140 5064/4957/2140
f 5068/4962/2887 5069/4963/2887 5066/4959/2884 5065/4958/2884
f 5069/4964/2888 5060/4956/2888 5059/4943/2888 5066/4960/2888
f 5053/4935/2140 5070/4965/2204 5067/4961/2140 5045/4923/2140
f 5061/4948/2878 5070/4965/2889 5053/4935/2868 5029/4912/2854
f 5070/4965/2204 5071/4966/2178 5068/4962/2204 5067/4961/2140
f 5062/4950/2890 5071/4967/2891 5070/4965/2889 5061/4948/2878
f 5071/4966/2892 5072/4968/2892 5069/4963/2892 5068/4962/2892
f 5063/4969/2893 5072/4970/2893 5071/4967/2891 5062/4950/2890
f 5072/4971/2894 5063/4955/2894 5060/4956/2894 5069/4964/2894
